id,name,local_name,aliases,country_code,prefecture_codes,region_codes,city,lat,lon,domain,noodle_category,cultural_scope,publication_status,form,noodle_materials,noodle_shape,broth_bases,seasonings,keywords,summary,background,variation,parent_style_ids,public_source_ids,verification_level,reviewed_at,ingredients,tags,allergen_note,tradition,uniqueness,adventure,score_method,slug
jp-001,札幌ラーメン,,,JP,01,hokkaido,,43.35,142.45,japan,ramen,regional,published,soup,wheat,中太の縮れ麺,豚骨|鶏ガラ,味噌だれ,,,,,,jra-2025|epsilon-method|src-v230-jra-2025|src-v230-ramenmuseum-sapporo,reviewed,2026-08-10,炒め野菜|もやし|ひき肉|ねぎ|チャーシュー|メンマ,味噌|発酵のコク|炒め野菜,,,,,,
jp-002,旭川ラーメン,,,JP,01,hokkaido,,43.35,142.45,japan,ramen,regional,published,soup,wheat,低加水の細め〜中細縮れ麺,豚骨|魚介|煮干し,醤油だれ,,,,,,jra-2025|epsilon-method|src-v230-jra-2025|src-v230-ramenmuseum-asahikawa,reviewed,2026-08-10,ねぎ|チャーシュー|メンマ,醤油|魚介|動物系と魚介の合わせ出汁,,,,,,
jp-003,函館ラーメン,,,JP,01,hokkaido,,43.35,142.45,japan,ramen,regional,published,soup,wheat,縮れの少ない中細麺,豚骨|鶏ガラ,塩だれ,,,,,,jra-2025|epsilon-method|src-v230-jra-2025|src-v230-ramenmuseum-hakodade,reviewed,2026-08-10,ねぎ|チャーシュー|メンマ,塩|澄んだ味わい|淡麗|澄んだスープ|透明感のあるスープ,,,,,,
jp-004,釧路ラーメン,,,JP,01,hokkaido,,43.35,142.45,japan,ramen,regional,published,,wheat,,,,,,,,,jra-2025|epsilon-method,basic,2026-08-04,,醤油|あっさり|細麺,,,,,,
jp-005,カレーラーメン,,,JP,01,hokkaido,,43.35,142.45,japan,ramen,regional,published,,wheat,,,,curry,,,,,jra-2025|epsilon-method,basic,2026-08-04,,カレー|香辛料,,,,,,
jp-006,上川ラーメン,,,JP,01,hokkaido,,43.35,142.45,japan,ramen,regional,published,,wheat,,,,,,,,,jra-2025|epsilon-method,basic,2026-08-04,,,,,,,,
jp-007,天ぷらラーメン,,,JP,01,hokkaido,,43.35,142.45,japan,ramen,regional,published,,wheat,,,,tempura,,,,,jra-2025|epsilon-method,basic,2026-08-04,,天ぷら,,,,,,
jp-008,中標津ミルキーラーメン,,,JP,01,hokkaido,,43.35,142.45,japan,ramen,regional,published,,wheat,,,,milk,,,,,jra-2025|epsilon-method,basic,2026-08-04,,乳製品|まろやか,,,,,,
jp-009,オホーツク干貝柱ラーメン,,,JP,01,hokkaido,,43.35,142.45,japan,ramen,regional,published,,wheat,,,,shellfish,,,,,jra-2025|epsilon-method,basic,2026-08-04,,貝のうま味,,,,,,
jp-010,旭川ホルメン,,,JP,01,hokkaido,,43.35,142.45,japan,ramen,regional,published,,wheat,,,,offal,,,,,jra-2025|epsilon-method,basic,2026-08-04,,もつ,,,,,,
jp-011,ガタタンラーメン,,,JP,01,hokkaido,,43.35,142.45,japan,ramen,regional,published,,wheat,,,,,,,,,jra-2025|epsilon-method,basic,2026-08-04,,,,,,,,
jp-012,稚内ラーメン,,,JP,01,hokkaido,,43.35,142.45,japan,ramen,regional,published,,wheat,,,,,,,,,jra-2025|epsilon-method,basic,2026-08-04,,,,,,,,
jp-013,利尻ラーメン,,,JP,01,hokkaido,,43.35,142.45,japan,ramen,regional,published,,wheat,,,,,,,,,jra-2025|epsilon-method,basic,2026-08-04,,,,,,,,
jp-014,津軽中華そば,,,JP,02,tohoku,,40.82,140.74,japan,ramen,regional,published,,wheat,,,,,,,,,jra-2025|epsilon-method,basic,2026-08-04,,,,,,,,
jp-015,味噌カレー牛乳ラーメン,,,JP,02,tohoku,,40.82,140.74,japan,ramen,regional,published,,wheat,,,,miso|curry|milk,,,,,jra-2025|epsilon-method,basic,2026-08-04,,味噌|発酵のコク|カレー|香辛料|乳製品|まろやか,,,,,,
jp-016,濃厚津軽煮干しラーメン,,,JP,02,tohoku,,40.82,140.74,japan,ramen,regional,published,,wheat,,,,niboshi|rich,,,,,jra-2025|epsilon-method,basic,2026-08-04,,煮干し|濃厚,,,,,,
jp-017,しじみラーメン,,,JP,02,tohoku,,40.82,140.74,japan,ramen,regional,published,,wheat,,,,shellfish,,,,,jra-2025|epsilon-method,basic,2026-08-04,,貝のうま味,,,,,,
jp-018,つゆやきそば,,,JP,02,tohoku,,40.82,140.74,japan,yakisoba,regional,published,,wheat,,,,,,,,,jra-2025|epsilon-method,basic,2026-08-04,,,,,,,,
jp-019,八戸ラーメン,,,JP,02,tohoku,,40.82,140.74,japan,ramen,regional,published,,wheat,,,,,,,,,jra-2025|epsilon-method,basic,2026-08-04,,,,,,,,
jp-020,宮古ラーメン,,,JP,03,tohoku,,39.7,141.15,japan,ramen,regional,published,,wheat,,,,,,,,,jra-2025|epsilon-method,basic,2026-08-04,,,,,,,,
jp-021,釜石ラーメン,,,JP,03,tohoku,,39.7,141.15,japan,ramen,regional,published,,wheat,,,,,,,,,jra-2025|epsilon-method,basic,2026-08-04,,,,,,,,
jp-022,五穀ラーメン,,,JP,03,tohoku,,39.7,141.15,japan,ramen,regional,published,,wheat,,,,,,,,,jra-2025|epsilon-method,basic,2026-08-04,,,,,,,,
jp-023,三陸磯ラーメン,,,JP,03,tohoku,,39.7,141.15,japan,ramen,regional,published,,wheat,,,,,,,,,jra-2025|epsilon-method,basic,2026-08-04,,,,,,,,
jp-024,大船渡さんまラーメン,,,JP,03,tohoku,,39.7,141.15,japan,ramen,regional,published,,wheat,,,,saury,,,,,jra-2025|epsilon-method,basic,2026-08-04,,,,,,,,
jp-025,じゃじゃ麺,,,JP,03,tohoku,,39.7,141.15,japan,other,regional,published,,wheat,,,,,,,,,jra-2025|epsilon-method,basic,2026-08-04,,,,,,,,
jp-026,盛岡冷麺,,,JP,03,tohoku,,39.7,141.15,japan,other,regional,published,,wheat,,,,cold|starch_noodle,,,,,jra-2025|epsilon-method,basic,2026-08-04,,冷製|さっぱり|でんぷん質の強い麺|強い弾力,,,,,,
jp-027,江戸系ラーメン,,,JP,05,tohoku,,39.72,140.1,japan,ramen,regional,published,,wheat,,,,,,,,,jra-2025|epsilon-method,basic,2026-08-04,,,,,,,,
jp-028,十文字ラーメン,,,JP,05,tohoku,,39.72,140.1,japan,ramen,regional,published,,wheat,,,,,,,,,jra-2025|epsilon-method,basic,2026-08-04,,,,,,,,
jp-029,稲庭中華そば,,,JP,05,tohoku,,39.72,140.1,japan,ramen,regional,published,,wheat,,,,thin_noodle,,,,,jra-2025|epsilon-method,basic,2026-08-04,,細麺,,,,,,
jp-030,かつラーメン,,,JP,05,tohoku,,39.72,140.1,japan,ramen,regional,published,,wheat,,,,cutlet,,,,,jra-2025|epsilon-method,basic,2026-08-04,,カツ,,,,,,
jp-031,秋田天ぷら中華,,,JP,05,tohoku,,39.72,140.1,japan,ramen,regional,published,,wheat,,,,tempura,,,,,jra-2025|epsilon-method,basic,2026-08-04,,天ぷら,,,,,,
jp-032,辛味噌ラーメン,,,JP,04,tohoku,,38.27,140.87,japan,ramen,regional,published,,wheat,,,,miso|spicy,,,,,jra-2025|epsilon-method,basic,2026-08-04,,味噌|発酵のコク|辛味|香辛料,,,,,,
jp-033,冷やしラーメン,,,JP,06,tohoku,,38.24,140.36,japan,ramen,regional,published,,wheat,,,,cold,,,,,jra-2025|epsilon-method,basic,2026-08-04,,冷製|さっぱり,,,,,,
jp-034,酒田ラーメン,,,JP,06,tohoku,,38.24,140.36,japan,ramen,regional,published,,wheat,,,,,,,,,jra-2025|epsilon-method,basic,2026-08-04,,醤油|魚介|自家製麺文化,,,,,,
jp-035,からみそラーメン,,,JP,06,tohoku,,38.24,140.36,japan,ramen,regional,published,,wheat,,,,miso,,,,,jra-2025|epsilon-method,basic,2026-08-04,,味噌|発酵のコク,,,,,,
jp-036,とりもつラーメン,,,JP,06,tohoku,,38.24,140.36,japan,ramen,regional,published,,wheat,,,,offal,,,,,jra-2025|epsilon-method,basic,2026-08-04,,もつ,,,,,,
jp-037,鳥中華,,,JP,06,tohoku,,38.24,140.36,japan,ramen,regional,published,,wheat,,,,wa_dashi,,,,,jra-2025|epsilon-method,basic,2026-08-04,,和風だし,,,,,,
jp-038,鶴岡節系ラーメン,,,JP,06,tohoku,,38.24,140.36,japan,ramen,regional,published,,wheat,,,,fish_flake,,,,,jra-2025|epsilon-method,basic,2026-08-04,,節系,,,,,,
jp-039,馬肉チャーシューラーメン,,,JP,06,tohoku,,38.24,140.36,japan,ramen,regional,published,,wheat,,,,,,,,,jra-2025|epsilon-method,basic,2026-08-04,,,,,,,,
jp-040,米沢ラーメン,,,JP,06,tohoku,,38.24,140.36,japan,ramen,regional,published,soup,wheat,多加水の細い手もみ縮れ麺,鶏ガラ|豚骨|煮干し,醤油だれ,,,,,,jra-2025|epsilon-method|src-v230-jra-2025|src-v230-ramenmuseum-yonezawa,reviewed,2026-08-10,ねぎ|チャーシュー|メンマ|なると|のり,醤油|細麺|あっさり,,,,,,
jp-041,肉中華,,,JP,06,tohoku,,38.24,140.36,japan,ramen,regional,published,,wheat,,,,,,,,,jra-2025|epsilon-method,basic,2026-08-04,,,,,,,,
jp-042,喜多方ラーメン,,,JP,07,tohoku,,37.75,140.47,japan,ramen,regional,published,soup,wheat,太めの多加水平打ち縮れ麺,豚骨|鶏ガラ|煮干し,醤油だれ,flat_noodle,,,,,jra-2025|epsilon-method|src-v230-jra-2025|src-v230-ramenmuseum-kitakata,reviewed,2026-08-10,ねぎ|チャーシュー|メンマ,平打ち麺|醤油|多加水の縮れ麺,,,,,,
jp-043,白河ラーメン,,,JP,07,tohoku,,37.75,140.47,japan,ramen,regional,published,soup,wheat,多加水の幅広い手打ち・手もみ縮れ麺,豚骨|鶏ガラ,醤油だれ,,,,,,jra-2025|epsilon-method|src-v230-jra-2025|src-v230-ramenmuseum-shirakawa,reviewed,2026-08-10,ねぎ|チャーシュー|メンマ|なると|ほうれん草,醤油|手打ち・手もみ|手打ちの縮れ麺,,,,,,
jp-044,会津ラーメン,,,JP,07,tohoku,,37.75,140.47,japan,ramen,regional,published,,wheat,,,,,,,,,jra-2025|epsilon-method,basic,2026-08-04,,,,,,,,
jp-045,奥州郡山とんこつラーメン,,,JP,07,tohoku,,37.75,140.47,japan,ramen,regional,published,,wheat,,,,tonkotsu,,,,,jra-2025|epsilon-method,basic,2026-08-04,,豚骨|濃厚,,,,,,
jp-046,郡山ブラックラーメン,,,JP,07,tohoku,,37.75,140.47,japan,ramen,regional,published,,wheat,,,,dark_soy,,,,,jra-2025|epsilon-method,basic,2026-08-04,,濃口醤油|濃い色,,,,,,
jp-047,会津野沢宿味噌ラーメン,,,JP,07,tohoku,,37.75,140.47,japan,ramen,regional,published,,wheat,,,,miso,,,,,jra-2025|epsilon-method,basic,2026-08-04,,味噌|発酵のコク,,,,,,
jp-048,福島鶏白湯,,,JP,07,tohoku,,37.75,140.47,japan,ramen,regional,published,,wheat,,,,chicken_paitan|chicken,,,,,jra-2025|epsilon-method,basic,2026-08-04,,鶏白湯|まろやか|鶏,,,,,,
jp-049,スタミナラーメン,,,JP,08,kanto,,36.34,140.45,japan,ramen,regional,published,,wheat,,,,,,,,,jra-2025|epsilon-method,basic,2026-08-04,,,,,,,,
jp-050,水戸藩ラーメン,,,JP,08,kanto,,36.34,140.45,japan,ramen,regional,published,,wheat,,,,,,,,,jra-2025|epsilon-method,basic,2026-08-04,,,,,,,,
jp-051,下館ラーメン,,,JP,08,kanto,,36.34,140.45,japan,ramen,regional,published,,wheat,,,,,,,,,jra-2025|epsilon-method,basic,2026-08-04,,,,,,,,
jp-052,豆腐味噌ラーメン,,,JP,08,kanto,,36.34,140.45,japan,ramen,regional,published,,wheat,,,,miso,,,,,jra-2025|epsilon-method,basic,2026-08-04,,味噌|発酵のコク,,,,,,
jp-053,佐野ラーメン,,,JP,09,kanto,,36.57,139.88,japan,ramen,regional,published,soup,wheat,青竹打ちの高加水平打ち麺,鶏ガラ|豚骨|魚介（店による）,醤油だれ,hand_cut,,,,,jra-2025|epsilon-method|src-v230-jra-2025|src-v230-ramenmuseum-sano,reviewed,2026-08-10,ねぎ|チャーシュー|メンマ|なると,手打ち・手もみ,,,,,,
jp-054,夕顔ラーメン,,,JP,09,kanto,,36.57,139.88,japan,ramen,regional,published,,wheat,,,,,,,,,jra-2025|epsilon-method,basic,2026-08-04,,,,,,,,
jp-055,スープ入り焼きそば,,,JP,09,kanto,,36.57,139.88,japan,yakisoba,regional,published,,wheat,,,,fried,,,,,jra-2025|epsilon-method,basic,2026-08-04,,焼き・炒め,,,,,,
jp-056,藤岡ラーメン,,,JP,10,kanto,,36.39,139.06,japan,ramen,regional,published,,wheat,,,,,,,,,jra-2025|epsilon-method,basic,2026-08-04,,,,,,,,
jp-057,東毛手延べラーメン,,,JP,10,kanto,,36.39,139.06,japan,ramen,regional,published,,wheat,,,,hand_stretched,,,,,jra-2025|epsilon-method,basic,2026-08-04,,手延べ麺,,,,,,
jp-058,竹岡式ラーメン,,,JP,12,kanto,,35.61,140.12,japan,ramen,regional,published,,wheat,,,,,,,,,jra-2025|epsilon-method,basic,2026-08-04,,濃口醤油|濃い色|チャーシュー煮汁を生かす醤油味,,,,,,
jp-059,勝浦タンタンメン,,,JP,12,kanto,,35.61,140.12,japan,ramen,regional,published,,wheat,,,,spicy|tanmen,,,,,jra-2025|epsilon-method,basic,2026-08-04,,辛味|香辛料|野菜|塩味|ラー油,,,,,,
jp-060,アリランラーメン,,,JP,12,kanto,,35.61,140.12,japan,ramen,regional,published,,wheat,,,,,,,,,jra-2025|epsilon-method,basic,2026-08-04,,辛味|香辛料|にんにく|濃口醤油|濃い色,,,,,,
jp-061,船橋ソースラーメン,,,JP,12,kanto,,35.61,140.12,japan,ramen,regional,published,,wheat,,,,sauce,,,,,jra-2025|epsilon-method,basic,2026-08-04,,ソース,,,,,,
jp-062,もばらーめん,,,JP,12,kanto,,35.61,140.12,japan,ramen,regional,published,,wheat,,,,,,,,,jra-2025|epsilon-method,basic,2026-08-04,,,,,,,,
jp-063,ホワイトガウラーメン,,,JP,12,kanto,,35.61,140.12,japan,ramen,regional,published,,wheat,,,,milk,,,,,jra-2025|epsilon-method,basic,2026-08-04,,乳製品|まろやか,,,,,,
jp-064,小見川カレー焼きそば,,,JP,12,kanto,,35.61,140.12,japan,yakisoba,regional,published,,wheat,,,,curry|fried,,,,,jra-2025|epsilon-method,basic,2026-08-04,,カレー|香辛料|焼き・炒め,,,,,,
jp-065,スタミナラーメン,,,JP,11,kanto,,35.86,139.65,japan,ramen,regional,published,,wheat,,,,,,,,,jra-2025|epsilon-method,basic,2026-08-04,,,,,,,,
jp-066,豆腐ラーメン,,,JP,11,kanto,,35.86,139.65,japan,ramen,regional,published,,wheat,,,,,,,,,jra-2025|epsilon-method,basic,2026-08-04,,,,,,,,
jp-067,酒粕味噌ラーメン,,,JP,11,kanto,,35.86,139.65,japan,ramen,regional,published,,wheat,,,,miso|sake_lees,,,,,jra-2025|epsilon-method,basic,2026-08-04,,味噌|発酵のコク|酒粕|発酵,,,,,,
jp-068,茶ラーメン,,,JP,11,kanto,,35.86,139.65,japan,ramen,regional,published,,wheat,,,,tea,,,,,jra-2025|epsilon-method,basic,2026-08-04,,茶,,,,,,
jp-069,東京ラーメン,,,JP,13,kanto,,35.68,139.76,japan,ramen,regional,published,soup,wheat,中細〜中太の縮れまたはストレート麺,鶏ガラ|豚骨|和風だし,醤油だれ,,,,,,jra-2025|epsilon-method|src-v230-jra-2025|src-v230-ramenmuseum-tokyo,reviewed,2026-08-10,ねぎ|チャーシュー|なると|ほうれん草|メンマ,醤油|淡麗|澄んだスープ,,,,,,
jp-070,荻窪ラーメン,,,JP,13,kanto,,35.68,139.76,japan,ramen,regional,published,,wheat,,,,,,,,,jra-2025|epsilon-method,basic,2026-08-04,,醤油|煮干し,,,,,,
jp-071,油そば,,,JP,13,kanto,,35.68,139.76,japan,ramen,regional,published,,wheat,,,,dry,,,,,jra-2025|epsilon-method,basic,2026-08-04,,汁なし,,,,,,
jp-072,つけ麺,,,JP,13,kanto,,35.68,139.76,japan,ramen,regional,published,,wheat,,,,dipping,,,,,jra-2025|epsilon-method,basic,2026-08-04,,つけ麺,,,,,,
jp-073,八王子ラーメン,,,JP,13,kanto,,35.68,139.76,japan,ramen,regional,published,,wheat,,,,,,,,,jra-2025|epsilon-method,basic,2026-08-04,,醤油,,,,,,
jp-074,背脂ラーメン,,,JP,13,kanto,,35.68,139.76,japan,ramen,regional,published,,wheat,,,,backfat,,,,,jra-2025|epsilon-method,basic,2026-08-04,,背脂|油のコク,,,,,,
jp-075,家系ラーメン,,,JP,14,kanto,,35.45,139.64,japan,ramen,regional,published,soup,wheat,コシのある太めのストレート麺,豚骨|鶏ガラ,醤油だれ,iekei,,,,,jra-2025|epsilon-method|src-v230-jra-2025|src-v230-ramenmuseum-yokohama,reviewed,2026-08-10,チャーシュー|ほうれん草|のり|ねぎ,豚骨醤油|太めの麺,,,,,,
jp-076,サンマーメン,,,JP,14,kanto,,35.45,139.64,japan,ramen,regional,published,,wheat,,,,,,,,,jra-2025|epsilon-method,basic,2026-08-04,,,,,,,,
jp-077,ニュータンタンメン,,,JP,14,kanto,,35.45,139.64,japan,ramen,regional,published,,wheat,,,,spicy|tanmen,,,,,jra-2025|epsilon-method,basic,2026-08-04,,辛味|香辛料|野菜|塩味,,,,,,
jp-078,平塚系タンメン,,,JP,14,kanto,,35.45,139.64,japan,ramen,regional,published,,wheat,,,,tanmen,,,,,jra-2025|epsilon-method,basic,2026-08-04,,野菜|塩味,,,,,,
jp-079,小田原系ラーメン,,,JP,14,kanto,,35.45,139.64,japan,ramen,regional,published,,wheat,,,,,,,,,jra-2025|epsilon-method,basic,2026-08-04,,,,,,,,
jp-080,三崎まぐろラーメン,,,JP,14,kanto,,35.45,139.64,japan,ramen,regional,published,,wheat,,,,tuna,,,,,jra-2025|epsilon-method,basic,2026-08-04,,まぐろ,,,,,,
jp-081,小田原タンタン麺,,,JP,14,kanto,,35.45,139.64,japan,ramen,regional,published,,wheat,,,,spicy,,,,,jra-2025|epsilon-method,basic,2026-08-04,,辛味|香辛料,,,,,,
jp-082,神奈川淡麗系,,,JP,14,kanto,,35.45,139.64,japan,ramen,regional,published,,wheat,,,,clear,,,,,jra-2025|epsilon-method,basic,2026-08-04,,淡麗|澄んだスープ,,,,,,
jp-083,アホーメン,,,JP,14,kanto,,35.45,139.64,japan,ramen,regional,published,,wheat,,,,garlic,,,,,jra-2025|epsilon-method,basic,2026-08-04,,にんにく,,,,,,
jp-084,新潟あっさり醤油ラーメン,,,JP,15,chubu,,37.9,139.02,japan,ramen,regional,published,,wheat,,,,soy|light,,,,,jra-2025|epsilon-method,basic,2026-08-04,,醤油|あっさり,,,,,,
jp-085,新潟濃厚味噌ラーメン,,,JP,15,chubu,,37.9,139.02,japan,ramen,regional,published,,wheat,,,,miso|rich,,,,,jra-2025|epsilon-method,basic,2026-08-04,,味噌|発酵のコク|濃厚,,,,,,
jp-086,長岡生姜醤油ラーメン,,,JP,15,chubu,,37.9,139.02,japan,ramen,regional,published,,wheat,,,,soy,,,,,jra-2025|epsilon-method,basic,2026-08-04,,醤油|生姜,,,,,,
jp-087,燕背脂ラーメン,,,JP,15,chubu,,37.9,139.02,japan,ramen,regional,published,,wheat,,,,backfat,,,,,jra-2025|epsilon-method,basic,2026-08-04,,背脂|油のコク|煮干し|醤油,,,,,,
jp-088,三条カレーラーメン,,,JP,15,chubu,,37.9,139.02,japan,ramen,regional,published,,wheat,,,,curry,,,,,jra-2025|epsilon-method,basic,2026-08-04,,カレー|香辛料,,,,,,
jp-089,三条っ子ラーメン,,,JP,15,chubu,,37.9,139.02,japan,ramen,regional,published,,wheat,,,,,,,,,jra-2025|epsilon-method,basic,2026-08-04,,,,,,,,
jp-090,見附へそラーメン,,,JP,15,chubu,,37.9,139.02,japan,ramen,regional,published,,wheat,,,,,,,,,jra-2025|epsilon-method,basic,2026-08-04,,,,,,,,
jp-091,上越とん汁ラーメン,,,JP,15,chubu,,37.9,139.02,japan,ramen,regional,published,,wheat,,,,,,,,,jra-2025|epsilon-method,basic,2026-08-04,,,,,,,,
jp-092,もつラーメン,,,JP,15,chubu,,37.9,139.02,japan,ramen,regional,published,,wheat,,,,offal,,,,,jra-2025|epsilon-method,basic,2026-08-04,,もつ,,,,,,
jp-093,冷丼,,,JP,15,chubu,,37.9,139.02,japan,ramen,regional,published,,wheat,,,,cold,,,,,jra-2025|epsilon-method,basic,2026-08-04,,冷製|さっぱり,,,,,,
jp-094,上越味噌ラーメン,,,JP,15,chubu,,37.9,139.02,japan,ramen,regional,published,,wheat,,,,miso,,,,,jra-2025|epsilon-method,basic,2026-08-04,,味噌|発酵のコク,,,,,,
jp-095,麻婆ラーメン,,,JP,15,chubu,,37.9,139.02,japan,ramen,regional,published,,wheat,,,,spicy,,,,,jra-2025|epsilon-method,basic,2026-08-04,,辛味|香辛料,,,,,,
jp-096,上越雪むろ酒かすラーメン,,,JP,15,chubu,,37.9,139.02,japan,ramen,regional,published,,wheat,,,,sake_lees,,,,,jra-2025|epsilon-method,basic,2026-08-04,,酒粕|発酵,,,,,,
jp-097,富山ブラックラーメン,,,JP,16,chubu,,36.7,137.21,japan,ramen,regional,published,,wheat,,,,dark_soy,,,,,jra-2025|epsilon-method,basic,2026-08-04,,濃口醤油|濃い色|強めの塩味,,,,,,
jp-098,入善ブラウンラーメン,,,JP,16,chubu,,36.7,137.21,japan,ramen,regional,published,,wheat,,,,regional_color,,,,,jra-2025|epsilon-method,basic,2026-08-04,,地域独自の色名,,,,,,
jp-099,高岡グリーンラーメン,,,JP,16,chubu,,36.7,137.21,japan,ramen,regional,published,,wheat,,,,regional_color,,,,,jra-2025|epsilon-method,basic,2026-08-04,,地域独自の色名,,,,,,
jp-100,おやべホワイトラーメン,,,JP,16,chubu,,36.7,137.21,japan,ramen,regional,published,,wheat,,,,milk,,,,,jra-2025|epsilon-method,basic,2026-08-04,,乳製品|まろやか,,,,,,
jp-101,UFOラーメン,,,JP,17,chubu,,36.59,136.63,japan,ramen,regional,published,,wheat,,,,,,,,,jra-2025|epsilon-method,basic,2026-08-04,,,,,,,,
jp-102,加賀味噌ラーメン,,,JP,17,chubu,,36.59,136.63,japan,ramen,regional,published,,wheat,,,,miso,,,,,jra-2025|epsilon-method,basic,2026-08-04,,味噌|発酵のコク,,,,,,
jp-103,敦賀ラーメン,,,JP,18,chubu,,36.07,136.22,japan,ramen,regional,published,,wheat,,,,,,,,,jra-2025|epsilon-method,basic,2026-08-04,,,,,,,,
jp-104,たけふ駅前中華そば,,,JP,18,chubu,,36.07,136.22,japan,ramen,regional,published,,wheat,,,,,,,,,jra-2025|epsilon-method,basic,2026-08-04,,,,,,,,
jp-105,平打ちタンメン,,,JP,19,chubu,,35.66,138.57,japan,ramen,regional,published,,wheat,,,,tanmen|flat_noodle,,,,,jra-2025|epsilon-method,basic,2026-08-04,,野菜|塩味|平打ち麺,,,,,,
jp-106,甲州地どりラーメン,,,JP,19,chubu,,35.66,138.57,japan,ramen,regional,published,,wheat,,,,,,,,,jra-2025|epsilon-method,basic,2026-08-04,,,,,,,,
jp-107,やまなし源水ラーメン,,,JP,19,chubu,,35.66,138.57,japan,ramen,regional,published,,wheat,,,,clear,,,,,jra-2025|epsilon-method,basic,2026-08-04,,淡麗|澄んだスープ,,,,,,
jp-108,安養寺ラーメン,,,JP,20,chubu,,36.65,138.18,japan,ramen,regional,published,,wheat,,,,,,,,,jra-2025|epsilon-method,basic,2026-08-04,,,,,,,,
jp-109,王様中華そば,,,JP,20,chubu,,36.65,138.18,japan,ramen,regional,published,,wheat,,,,,,,,,jra-2025|epsilon-method,basic,2026-08-04,,,,,,,,
jp-110,ローメン,,,JP,20,chubu,,36.65,138.18,japan,other,regional,published,,wheat,,,,steamed_noodle,,,,,jra-2025|epsilon-method,basic,2026-08-04,,蒸し麺,,,,,,
jp-111,信州味噌ラーメン,,,JP,20,chubu,,36.65,138.18,japan,ramen,regional,published,,wheat,,,,miso,,,,,jra-2025|epsilon-method,basic,2026-08-04,,味噌|発酵のコク,,,,,,
jp-112,高山ラーメン,,,JP,21,chubu,,35.39,136.72,japan,ramen,regional,published,soup,wheat,細い縮れ麺,鶏ガラ|煮干し|かつお節|野菜,醤油|みりん,,,,,,jra-2025|epsilon-method|src-v230-jra-2025|src-v230-ramenmuseum-takayama,reviewed,2026-08-10,ねぎ|チャーシュー|メンマ,醤油|あっさり,,,,,,
jp-113,神岡ラーメン,,,JP,21,chubu,,35.39,136.72,japan,ramen,regional,published,,wheat,,,,,,,,,jra-2025|epsilon-method,basic,2026-08-04,,,,,,,,
jp-114,溶き味噌ラーメン,,,JP,22,chubu,,34.98,138.38,japan,ramen,regional,published,,wheat,,,,miso,,,,,jra-2025|epsilon-method,basic,2026-08-04,,味噌|発酵のコク,,,,,,
jp-115,清水もつカレーラーメン,,,JP,22,chubu,,34.98,138.38,japan,ramen,regional,published,,wheat,,,,curry|offal,,,,,jra-2025|epsilon-method,basic,2026-08-04,,カレー|香辛料|もつ,,,,,,
jp-116,志太系ラーメン,,,JP,22,chubu,,34.98,138.38,japan,ramen,regional,published,,wheat,,,,,,,,,jra-2025|epsilon-method,basic,2026-08-04,,,,,,,,
jp-117,富士つけナポリタン,,,JP,22,chubu,,34.98,138.38,japan,other,regional,published,,wheat,,,,tomato,,,,,jra-2025|epsilon-method,basic,2026-08-04,,トマト,,,,,,
jp-118,台湾ラーメン,,,JP,23,chubu,,35.18,136.91,japan,ramen,regional,published,,wheat,,,,spicy,,,,,jra-2025|epsilon-method,basic,2026-08-04,,辛味|香辛料|にんにく,,,,,,
jp-119,台湾まぜそば,,,JP,23,chubu,,35.18,136.91,japan,ramen,regional,published,,wheat,,,,spicy|dry,,,,,jra-2025|epsilon-method,basic,2026-08-04,,辛味|香辛料|汁なし|にんにく,,,,,,
jp-120,好来系ラーメン,,,JP,23,chubu,,35.18,136.91,japan,ramen,regional,published,,wheat,,,,,,,,,jra-2025|epsilon-method,basic,2026-08-04,,,,,,,,
jp-121,ベトコンラーメン,,,JP,23,chubu,,35.18,136.91,japan,ramen,regional,published,,wheat,,,,garlic,,,,,jra-2025|epsilon-method,basic,2026-08-04,,にんにく,,,,,,
jp-122,玉子とじラーメン,,,JP,23,chubu,,35.18,136.91,japan,ramen,regional,published,,wheat,,,,egg,,,,,jra-2025|epsilon-method,basic,2026-08-04,,卵,,,,,,
jp-123,亀山ラーメン,,,JP,24,kinki,,34.73,136.51,japan,ramen,regional,published,,wheat,,,,,,,,,jra-2025|epsilon-method,basic,2026-08-04,,,,,,,,
jp-124,京都ラーメン,,,JP,26,kinki,,35.02,135.76,japan,ramen,regional,published,soup,wheat,中くらいのストレート麺,豚|鶏|背脂（系統による）,濃口醤油,,,,,,jra-2025|epsilon-method|src-v230-jra-2025|src-v230-ramenmuseum-kyoto,reviewed,2026-08-10,ねぎ|チャーシュー|メンマ|もやし,豚骨醤油|背脂|油のコク|鶏・豚の濃いだし,,,,,,
jp-125,京風ラーメン,,,JP,26,kinki,,35.02,135.76,japan,ramen,regional,published,,wheat,,,,,,,,,jra-2025|epsilon-method,basic,2026-08-04,,淡麗|澄んだスープ|和風だし|穏やかな味,,,,,,
jp-126,キーシマ,,,JP,26,kinki,,35.02,135.76,japan,ramen,regional,published,,wheat,,,,wa_dashi,,,,,jra-2025|epsilon-method,basic,2026-08-04,,和風だし,,,,,,
jp-127,高井田系ラーメン,,,JP,27,kinki,,34.69,135.5,japan,ramen,regional,published,,wheat,,,,,,,,,jra-2025|epsilon-method,basic,2026-08-04,,濃口醤油|濃い色|太い麺,,,,,,
jp-128,大阪ライト豚骨,,,JP,27,kinki,,34.69,135.5,japan,ramen,regional,published,,wheat,,,,tonkotsu,,,,,jra-2025|epsilon-method,basic,2026-08-04,,豚骨|濃厚,,,,,,
jp-129,神戸ラーメン,,,JP,28,kinki,,34.69,135.18,japan,ramen,regional,published,,wheat,,,,,,,,,jra-2025|epsilon-method,basic,2026-08-04,,,,,,,,
jp-130,えきそば,,,JP,28,kinki,,34.69,135.18,japan,ramen,regional,published,,wheat,,,,wa_dashi,,,,,jra-2025|epsilon-method,basic,2026-08-04,,和風だし,,,,,,
jp-131,播州ラーメン,,,JP,28,kinki,,34.69,135.18,japan,ramen,regional,published,,wheat,,,,,,,,,jra-2025|epsilon-method,basic,2026-08-04,,,,,,,,
jp-132,播州赤穂塩ラーメン,,,JP,28,kinki,,34.69,135.18,japan,ramen,regional,published,,wheat,,,,salt,,,,,jra-2025|epsilon-method,basic,2026-08-04,,塩|澄んだ味わい,,,,,,
jp-133,尼崎あんかけちゃんぽん,,,JP,28,kinki,,34.69,135.18,japan,ramen,regional,published,,wheat,,,,chanpon|thickened,,,,,jra-2025|epsilon-method,basic,2026-08-04,,野菜|魚介|具だくさん|あんかけ,,,,,,
jp-134,近江ちゃんぽん,,,JP,25,kinki,,35.0,135.87,japan,ramen,regional,published,,wheat,,,,chanpon,,,,,jra-2025|epsilon-method,basic,2026-08-04,,野菜|魚介|具だくさん,,,,,,
jp-135,天理ラーメン,,,JP,29,kinki,,34.69,135.83,japan,ramen,regional,published,,wheat,,,,,,,,,jra-2025|epsilon-method,basic,2026-08-04,,,,,,,,
jp-136,和歌山ラーメン,,,JP,30,kinki,,34.23,135.17,japan,ramen,regional,published,soup,wheat,細めのストレート麺,豚骨|鶏ガラ,醤油だれ,tonkotsu_soy,,,,,jra-2025|epsilon-method|src-v230-jra-2025|src-v230-ramenmuseum-wakayama,reviewed,2026-08-10,チャーシュー|メンマ|ねぎ|かまぼこ,豚骨醤油|中細麺,,,,,,
jp-137,素ラーメン,,,JP,31,chugoku,,35.5,134.24,japan,ramen,regional,published,,wheat,,,,wa_dashi,,,,,jra-2025|epsilon-method,basic,2026-08-04,,和風だし,,,,,,
jp-138,鳥取牛骨ラーメン,,,JP,31,chugoku,,35.5,134.24,japan,ramen,regional,published,,wheat,,,,beef_bone,,,,,jra-2025|epsilon-method,basic,2026-08-04,,牛骨,,,,,,
jp-139,山陰ちゃんぽん,,,JP,31|32,chugoku,,35.47,133.65,japan,ramen,regional,published,,wheat,,,,chanpon,,,,,jra-2025|epsilon-method,basic,2026-08-04,,野菜|魚介|具だくさん,,,,,,
jp-140,しじみラーメン,,,JP,32,chugoku,,35.47,133.05,japan,ramen,regional,published,,wheat,,,,shellfish,,,,,jra-2025|epsilon-method,basic,2026-08-04,,貝のうま味,,,,,,
jp-141,松江ラーメン,,,JP,32,chugoku,,35.47,133.05,japan,ramen,regional,published,,wheat,,,,,,,,,jra-2025|epsilon-method,basic,2026-08-04,,,,,,,,
jp-142,岡山ラーメン,,,JP,33,chugoku,,34.66,133.93,japan,ramen,regional,published,,wheat,,,,,,,,,jra-2025|epsilon-method,basic,2026-08-04,,,,,,,,
jp-143,トンカツラーメン,,,JP,33,chugoku,,34.66,133.93,japan,ramen,regional,published,,wheat,,,,cutlet,,,,,jra-2025|epsilon-method,basic,2026-08-04,,カツ,,,,,,
jp-144,新見ラーメン,,,JP,33,chugoku,,34.66,133.93,japan,ramen,regional,published,,wheat,,,,,,,,,jra-2025|epsilon-method,basic,2026-08-04,,,,,,,,
jp-145,笠岡ラーメン,,,JP,33,chugoku,,34.66,133.93,japan,ramen,regional,published,,wheat,,,,,,,,,jra-2025|epsilon-method,basic,2026-08-04,,,,,,,,
jp-146,広島ラーメン,,,JP,34,chugoku,,34.4,132.46,japan,ramen,regional,published,soup,wheat,細め〜中細のストレート麺,豚骨|鶏ガラ|魚介,醤油だれ,,,,,,jra-2025|epsilon-method|src-v230-jra-2025|src-v230-ramenmuseum-hiroshima,reviewed,2026-08-10,チャーシュー|ねぎ|もやし|メンマ,豚骨醤油|中細麺,,,,,,
jp-147,広島つけ麺,,,JP,34,chugoku,,34.4,132.46,japan,ramen,regional,published,,wheat,,,,dipping,,,,,jra-2025|epsilon-method,basic,2026-08-04,,つけ麺,,,,,,
jp-148,汁無し担々麺,,,JP,34,chugoku,,34.4,132.46,japan,ramen,regional,published,,wheat,,,,spicy|dry,,,,,jra-2025|epsilon-method,basic,2026-08-04,,辛味|香辛料|汁なし,,,,,,
jp-149,尾道ラーメン,,,JP,34,chugoku,,34.4,132.46,japan,ramen,regional,published,soup,wheat,少加水の中細ストレート麺,鶏ガラ|瀬戸内の小魚|豚骨（店による）,醤油だれ,,,,,,jra-2025|epsilon-method|src-v230-jra-2025|src-v230-ramenmuseum-onomichi,reviewed,2026-08-10,背脂|ねぎ|チャーシュー|メンマ,醤油|魚介|背脂|油のコク|平打ち麺,,,,,,
jp-150,呉冷麺,,,JP,34,chugoku,,34.4,132.46,japan,ramen,regional,published,,wheat,,,,cold,,,,,jra-2025|epsilon-method,basic,2026-08-04,,冷製|さっぱり,,,,,,
jp-151,広島牡蠣ラーメン,,,JP,34,chugoku,,34.4,132.46,japan,ramen,regional,published,,wheat,,,,oyster,,,,,jra-2025|epsilon-method,basic,2026-08-04,,牡蠣,,,,,,
jp-152,宇部ラーメン,,,JP,35,chugoku,,34.19,131.47,japan,ramen,regional,published,,wheat,,,,,,,,,jra-2025|epsilon-method,basic,2026-08-04,,,,,,,,
jp-153,下松牛骨ラーメン,,,JP,35,chugoku,,34.19,131.47,japan,ramen,regional,published,,wheat,,,,beef_bone,,,,,jra-2025|epsilon-method,basic,2026-08-04,,牛骨,,,,,,
jp-154,瀬戸内ラーメンいりこそば,,,JP,35,chugoku,,34.19,131.47,japan,ramen,regional,published,,wheat,,,,niboshi,,,,,jra-2025|epsilon-method,basic,2026-08-04,,煮干し,,,,,,
jp-155,徳島ラーメン,,,JP,36,shikoku,,34.07,134.56,japan,ramen,regional,published,soup,wheat,細め〜中細のストレート麺,豚骨,甘辛い醤油だれ,sweet_soy,,,,,jra-2025|epsilon-method|src-v230-jra-2025|src-v230-ramenmuseum-tokushima,reviewed,2026-08-10,豚ばら肉|生卵|ねぎ|もやし,甘辛い醤油|豚骨醤油,,,,,,
jp-156,松山瓢系ラーメン,,,JP,38,shikoku,,33.84,132.77,japan,ramen,regional,published,,wheat,,,,,,,,,jra-2025|epsilon-method,basic,2026-08-04,,,,,,,,
jp-157,今治ラーメン,,,JP,38,shikoku,,33.84,132.77,japan,ramen,regional,published,,wheat,,,,,,,,,jra-2025|epsilon-method,basic,2026-08-04,,,,,,,,
jp-158,八幡浜ちゃんぽん,,,JP,38,shikoku,,33.84,132.77,japan,ramen,regional,published,,wheat,,,,chanpon,,,,,jra-2025|epsilon-method,basic,2026-08-04,,野菜|魚介|具だくさん,,,,,,
jp-159,みそカツラーメン,,,JP,39,shikoku,,33.56,133.53,japan,ramen,regional,published,,wheat,,,,miso,,,,,jra-2025|epsilon-method,basic,2026-08-04,,味噌|発酵のコク,,,,,,
jp-160,須崎鍋焼きラーメン,,,JP,39,shikoku,,33.56,133.53,japan,ramen,regional,published,,wheat,,,,fried,,,,,jra-2025|epsilon-method,basic,2026-08-04,,焼き・炒め,,,,,,
jp-161,中日そば,,,JP,39,shikoku,,33.56,133.53,japan,ramen,regional,published,,wheat,,,,wa_dashi,,,,,jra-2025|epsilon-method,basic,2026-08-04,,和風だし,,,,,,
jp-162,博多ラーメン,,,JP,40,kyushu_okinawa,,33.59,130.4,japan,ramen,regional,published,soup,wheat,極細の低加水ストレート麺,豚骨,塩・醤油だれ（店による）,tonkotsu,,,,,jra-2025|epsilon-method|src-v230-jra-2025|src-v230-ramenmuseum-hakata,reviewed,2026-08-10,チャーシュー|ねぎ|きくらげ|紅しょうが|ごま,豚骨|濃厚|細麺|替え玉文化,,,,,,
jp-163,長浜ラーメン,,,JP,40,kyushu_okinawa,,33.59,130.4,japan,ramen,regional,published,,wheat,,,,tonkotsu,,,,,jra-2025|epsilon-method,basic,2026-08-04,,豚骨|濃厚|細麺|替え玉文化,,,,,,
jp-164,焼きラーメン,,,JP,40,kyushu_okinawa,,33.59,130.4,japan,ramen,regional,published,,wheat,,,,fried,,,,,jra-2025|epsilon-method,basic,2026-08-04,,焼き・炒め,,,,,,
jp-165,久留米ラーメン,,,JP,40,kyushu_okinawa,,33.59,130.4,japan,ramen,regional,published,soup,wheat,細めのストレート麺,豚骨,塩・醤油だれ（店による）,tonkotsu,,,,,jra-2025|epsilon-method|src-v230-jra-2025|src-v230-ramenmuseum-kurume,reviewed,2026-08-10,チャーシュー|ねぎ|きくらげ|のり等,豚骨|濃厚|濃厚な豚骨,,,,,,
jp-166,ちゃんらー,,,JP,40,kyushu_okinawa,,33.59,130.4,japan,ramen,regional,published,,wheat,,,,wa_dashi,,,,,jra-2025|epsilon-method,basic,2026-08-04,,和風だし,,,,,,
jp-167,戸畑ちゃんぽん,,,JP,40,kyushu_okinawa,,33.59,130.4,japan,ramen,regional,published,,wheat,,,,chanpon,,,,,jra-2025|epsilon-method,basic,2026-08-04,,野菜|魚介|具だくさん,,,,,,
jp-168,佐賀ラーメン,,,JP,41,kyushu_okinawa,,33.25,130.3,japan,ramen,regional,published,,wheat,,,,tonkotsu,,,,,jra-2025|epsilon-method,basic,2026-08-04,,豚骨|濃厚,,,,,,
jp-169,佐賀ちゃんぽん,,,JP,41,kyushu_okinawa,,33.25,130.3,japan,ramen,regional,published,,wheat,,,,chanpon,,,,,jra-2025|epsilon-method,basic,2026-08-04,,野菜|魚介|具だくさん,,,,,,
jp-170,マジェンバ,,,JP,41,kyushu_okinawa,,33.25,130.3,japan,ramen,regional,published,,wheat,,,,,,,,,jra-2025|epsilon-method,basic,2026-08-04,,,,,,,,
jp-171,あごだしラーメン,,,JP,42,kyushu_okinawa,,32.75,129.88,japan,ramen,regional,published,,wheat,,,,flying_fish,,,,,jra-2025|epsilon-method,basic,2026-08-04,,あごだし,,,,,,
jp-172,長崎ちゃんぽん,,,JP,42,kyushu_okinawa,,32.75,129.88,japan,ramen,regional,published,,wheat,,,,chanpon,,,,,jra-2025|epsilon-method,basic,2026-08-04,,野菜|魚介|具だくさん,,,,,,
jp-173,熊本ラーメン,,,JP,43,kyushu_okinawa,,32.79,130.74,japan,ramen,regional,published,soup,wheat,中細〜中太のストレート麺,豚骨|鶏ガラ,塩・醤油だれ,tonkotsu,,,,,jra-2025|epsilon-method|src-v230-jra-2025|src-v230-ramenmuseum-kumamoto,reviewed,2026-08-10,焦がしにんにく|マー油|チャーシュー|きくらげ|ねぎ,豚骨|濃厚|にんにく,,,,,,
jp-174,玉名ラーメン,,,JP,43,kyushu_okinawa,,32.79,130.74,japan,ramen,regional,published,,wheat,,,,tonkotsu,,,,,jra-2025|epsilon-method,basic,2026-08-04,,豚骨|濃厚|にんにく|焦がしにんにく,,,,,,
jp-175,天草ちゃんぽん,,,JP,43,kyushu_okinawa,,32.79,130.74,japan,ramen,regional,published,,wheat,,,,chanpon,,,,,jra-2025|epsilon-method,basic,2026-08-04,,野菜|魚介|具だくさん,,,,,,
jp-176,太平燕,,,JP,43,kyushu_okinawa,,32.79,130.74,japan,other,regional,published,,wheat,,,,glass_noodle,,,,,jra-2025|epsilon-method,basic,2026-08-04,,春雨,,,,,,
jp-177,佐伯ラーメン,,,JP,44,kyushu_okinawa,,33.24,131.61,japan,ramen,regional,published,,wheat,,,,,,,,,jra-2025|epsilon-method,basic,2026-08-04,,,,,,,,
jp-178,別府冷麺,,,JP,44,kyushu_okinawa,,33.24,131.61,japan,ramen,regional,published,,wheat,,,,cold,,,,,jra-2025|epsilon-method,basic,2026-08-04,,冷製|さっぱり,,,,,,
jp-179,宮崎ラーメン,,,JP,45,kyushu_okinawa,,31.91,131.42,japan,ramen,regional,published,,wheat,,,,tonkotsu,,,,,jra-2025|epsilon-method,basic,2026-08-04,,豚骨|濃厚|地域ごとの穏やかな豚骨,,,,,,
jp-180,宮崎辛麺,,,JP,45,kyushu_okinawa,,31.91,131.42,japan,ramen,regional,published,,wheat,,,,spicy,,,,,jra-2025|epsilon-method,basic,2026-08-04,,辛味|香辛料,,,,,,
jp-181,鹿児島ラーメン,,,JP,46,kyushu_okinawa,,31.6,130.56,japan,ramen,regional,published,soup,wheat,中くらい〜太めで比較的やわらかい麺,豚骨|鶏ガラ|野菜|魚介（店による）,塩・醤油だれ（店による）,tonkotsu,,,,,jra-2025|epsilon-method|src-v230-jra-2025|src-v230-ramenmuseum-kagoshima,reviewed,2026-08-10,チャーシュー|ねぎ|もやし|焦がしねぎ等,豚骨|濃厚|地域ごとの穏やかな豚骨,,,,,,
jp-182,串木野まぐろラーメン,,,JP,46,kyushu_okinawa,,31.6,130.56,japan,ramen,regional,published,,wheat,,,,tuna,,,,,jra-2025|epsilon-method,basic,2026-08-04,,まぐろ,,,,,,
jp-183,枕崎かつおラーメン,,,JP,46,kyushu_okinawa,,31.6,130.56,japan,ramen,regional,published,,wheat,,,,bonito|cutlet,,,,,jra-2025|epsilon-method,basic,2026-08-04,,かつお|カツ,,,,,,
jp-184,ちゅら塩ラーメン,,,JP,47,kyushu_okinawa,,26.21,127.68,japan,ramen,regional,published,,wheat,,,,salt,,,,,jra-2025|epsilon-method,basic,2026-08-04,,塩|澄んだ味わい,,,,,,
jp-185,沖縄そば,,,JP,47,kyushu_okinawa,,26.21,127.68,japan,other,regional,published,,wheat,,,,okinawa_noodle,,,,,jra-2025|epsilon-method,basic,2026-08-04,,沖縄そば麺,,,,,,
world-001,蘭州牛肉麺,兰州牛肉面,,中国,,,蘭州,36.06,103.83,world,world_noodle,international,published,soup,wheat,hand_pulled,beef|radish,salt|chili_oil,牛肉|香草|手延べ|澄んだスープ,澄んだ牛肉スープと手延べ麺を軸に、香草や辣油を好みで重ねる中国西北部の麺料理。,,,,world-china|epsilon-method,basic,2026-08-04,,牛肉|香草|手延べ|澄んだスープ,,,,,,
world-002,台湾牛肉麺,臺灣牛肉麵,,台湾,,,台北,25.04,121.56,world,world_noodle,international,published,soup,wheat,cut,beef|soy,soy|spice,牛肉|醤油|香辛料|煮込み,牛肉を香辛料や醤油系の味付けで煮込み、そのスープと小麦麺を味わう台湾を代表する麺料理。,,,,world-taiwan|epsilon-method,basic,2026-08-04,,牛肉|醤油|香辛料|煮込み,,,,,,
world-003,雲呑麺,雲吞麵,,香港,,,香港,22.32,114.17,world,world_noodle,international,published,soup,wheat,thin,seafood|pork,salt|soy,海老|雲呑|細麺|澄んだスープ,細い小麦麺と雲呑を澄んだスープで味わう広東圏の麺料理。,,,,world-hongkong|epsilon-method,basic,2026-08-04,,海老|雲呑|細麺|澄んだスープ,,,,,,
world-004,過橋米線,过桥米线,,中国,,,昆明,25.04,102.72,world,world_noodle,international,published,soup,rice,round,chicken|pork,salt,米線|熱いスープ|別添え具材,熱いスープへ米線と別添えの具材を加えて仕上げる雲南の麺料理。,,,,world-china|epsilon-method,basic,2026-08-04,,米線|熱いスープ|別添え具材,,,,,,
world-005,重慶小麺,重庆小面,,中国,,,重慶,29.56,106.55,world,world_noodle,international,published,soup,wheat,thin,pork|vegetable,chili|soy,辛味|花椒|香辛料|細麺,唐辛子や花椒をきかせた調味だれと小麦麺を楽しむ重慶の庶民的な麺料理。,,,,world-china|epsilon-method,basic,2026-08-04,,辛味|花椒|香辛料|細麺,,,,,,
world-006,螺蛳粉,螺蛳粉,,中国,,,柳州,24.33,109.42,world,world_noodle,international,published,soup,rice,round,snail|pork,chili|fermented,発酵|酸味|辛味|米粉麺,発酵タケノコなどの強い香りと辛味、酸味を組み合わせる柳州の米粉麺料理。,,,,world-china|epsilon-method,basic,2026-08-04,,発酵|酸味|辛味|米粉麺,,,,,,
world-007,ラミョン,라면,,韓国,,,全国,36.5,127.9,world,ramen,international,published,instant,wheat,curly,mixed,chili|soy,即席麺|辛味|鍋調理,韓国で広く親しまれる即席麺文化。鍋で具材と煮込み、辛味のあるスープで食べることが多い。,,,,korea-tourism|epsilon-method,basic,2026-08-04,,即席麺|辛味|鍋調理,,,,,,
world-008,チャンポン,짬뽕,,韓国,,,仁川,37.46,126.7,world,world_noodle,international,published,soup,wheat,medium,seafood|pork,chili,海鮮|辛味|炒め野菜,海鮮や野菜を炒め、赤く辛いスープと小麦麺を合わせる韓国式の麺料理。,,,,world-korea|epsilon-method,basic,2026-08-04,,海鮮|辛味|炒め野菜,,,,,,
world-009,カルグクス,칼국수,,韓国,,,全国,36.5,127.9,world,world_noodle,international,published,soup,wheat,knife_cut,chicken|seafood,salt,手切り麺|やさしい味|出汁,包丁で切った小麦麺を、鶏や魚介などの穏やかな出汁で煮る韓国の麺料理。,,,,world-korea|epsilon-method,basic,2026-08-04,,手切り麺|やさしい味|出汁,,,,,,
world-010,冷麺,냉면,,韓国,,,平壌・咸興,39.04,125.76,world,world_noodle,international,published,cold,buckwheat|starch,thin,beef,vinegar|mustard,冷製|酸味|弾力|そば粉,冷たいスープまたは辛い和えだれで、弾力のある麺を味わう朝鮮半島の麺料理。,,,,world-korea|epsilon-method,basic,2026-08-04,,冷製|酸味|弾力|そば粉,,,,,,
world-011,フォー・ボー,phở bò,,ベトナム,,,ハノイ,21.03,105.85,world,world_noodle,international,published,soup,rice,flat,beef,fish_sauce|spice,牛骨|米麺|香草|澄んだスープ,牛肉の出汁、平たい米麺、香草を組み合わせるベトナムの代表的な汁麺。,,,,vietnam-tourism-pho|epsilon-method,basic,2026-08-04,,牛骨|米麺|香草|澄んだスープ,,,,,,
world-012,ブンボーフエ,bún bò Huế,,ベトナム,,,フエ,16.46,107.59,world,world_noodle,international,published,soup,rice,round,beef|pork,fish_sauce|chili|lemongrass,辛味|レモングラス|太い米麺,牛や豚の出汁にレモングラスと辛味をきかせ、丸い米麺を合わせるフエの麺料理。,,,,vietnam-tourism-food|epsilon-method,basic,2026-08-04,,辛味|レモングラス|太い米麺,,,,,,
world-013,フーティウ,hủ tiếu,,ベトナム,,,ホーチミン,10.78,106.7,world,world_noodle,international,published,soup,rice|tapioca,thin,pork|seafood,fish_sauce,豚|海鮮|米麺|汁あり・汁なし,豚や海鮮の出汁と細い麺を合わせ、汁ありと汁なしの両方で食べられる南部の麺料理。,,,,vietnam-tourism-food|epsilon-method,basic,2026-08-04,,豚|海鮮|米麺|汁あり・汁なし,,,,,,
world-014,クイティウ,គុយទាវ,,カンボジア,,,プノンペン,11.56,104.93,world,world_noodle,international,published,soup,rice,thin,pork|beef,fish_sauce,朝食|米麺|澄んだスープ,細い米麺を肉や魚介の澄んだスープで味わうカンボジアの定番麺料理。,,,,world-cambodia|epsilon-method,basic,2026-08-04,,朝食|米麺|澄んだスープ,,,,,,
world-015,ボートヌードル,ก๋วยเตี๋ยวเรือ,,タイ,,,バンコク,13.76,100.5,world,world_noodle,international,published,soup,rice,thin,beef|pork,soy|spice,濃厚|香辛料|小ぶりな器,濃い色のスープと香辛料を特徴とし、小ぶりな器で供されることの多いタイの麺料理。,,,,world-thailand|epsilon-method,basic,2026-08-04,,濃厚|香辛料|小ぶりな器,,,,,,
world-016,トムヤムヌードル,ก๋วยเตี๋ยวต้มยำ,,タイ,,,全国,13.76,100.5,world,world_noodle,international,published,soup,rice|wheat,thin,seafood|pork,chili|lime|fish_sauce,酸味|辛味|レモングラス,トムヤムの酸味と辛味を麺料理へ取り入れたタイの汁麺。,,,,world-thailand|epsilon-method,basic,2026-08-04,,酸味|辛味|レモングラス,,,,,,
world-017,カオソーイ,ข้าวซอย,,タイ,,,チェンマイ,18.79,98.99,world,world_noodle,international,published,soup,wheat,flat,chicken|beef,curry|coconut,カレー|ココナッツ|揚げ麺,ココナッツを使うカレー風味のスープに、ゆで麺と揚げ麺を重ねるタイ北部の麺料理。,,,,world-thailand|epsilon-method,basic,2026-08-04,,カレー|ココナッツ|揚げ麺,,,,,,
world-018,カレーラクサ,curry laksa,,マレーシア・シンガポール,,,海峡地域,2.9,101.7,world,world_noodle,international,published,soup,rice|wheat,round,seafood|chicken,curry|coconut|chili,ココナッツ|辛味|海鮮,ココナッツミルクと香辛料を使う濃厚で辛いスープの麺料理。,,,,singapore-tourism-laksa|epsilon-method,basic,2026-08-04,,ココナッツ|辛味|海鮮,,,,,,
world-019,アッサムラクサ,asam laksa,,マレーシア,,,ペナン,5.41,100.34,world,world_noodle,international,published,soup,rice,round,fish,tamarind|chili,魚|酸味|タマリンド|香草,魚の出汁にタマリンドの強い酸味を加える、ペナンを代表するラクサ。,,,,world-malaysia|epsilon-method,basic,2026-08-04,,魚|酸味|タマリンド|香草,,,,,,
world-020,プロウンミー,prawn mee,,シンガポール・マレーシア,,,海峡地域,1.35,103.82,world,world_noodle,international,published,soup,wheat|rice,mixed,prawn|pork,chili|soy,海老|甲殻類|濃い出汁,海老の殻などから取る濃い出汁と麺を合わせる海峡地域の麺料理。,,,,world-singapore|epsilon-method,basic,2026-08-04,,海老|甲殻類|濃い出汁,,,,,,
world-021,ミー・チェロール,mi celor,,インドネシア,,,パレンバン,-2.99,104.76,world,world_noodle,international,published,soup,wheat,thick,prawn,coconut|egg,海老|ココナッツ|とろみ,海老の出汁とココナッツを使う、とろみのある濃厚なスープの麺料理。,,,,world-indonesia|epsilon-method,basic,2026-08-04,,海老|ココナッツ|とろみ,,,,,,
world-022,ミー・バクソ,mi bakso,,インドネシア,,,全国,-6.2,106.85,world,world_noodle,international,published,soup,wheat|rice,mixed,beef,salt|soy,肉団子|澄んだスープ|屋台,弾力のある肉団子と麺を澄んだスープで味わうインドネシアの定番料理。,,,,world-indonesia|epsilon-method,basic,2026-08-04,,肉団子|澄んだスープ|屋台,,,,,,
world-023,モヒンガー,မုန့်ဟင်းခါး,,ミャンマー,,,全国,16.84,96.17,world,world_noodle,international,published,soup,rice,round,fish,lemongrass|fermented,魚|米麺|香草|朝食,魚のスープに米麺を合わせ、香草や豆粉などで厚みをつけるミャンマーの代表的な麺料理。,,,,world-myanmar|epsilon-method,basic,2026-08-04,,魚|米麺|香草|朝食,,,,,,
world-024,トゥクパ,thukpa,,チベット・ネパール・インド,,,ヒマラヤ地域,28.2,84.0,world,world_noodle,international,published,soup,wheat,hand_cut,meat|vegetable,salt|spice,野菜|肉|温かいスープ,肉や野菜を入れた温かいスープと小麦麺を味わうヒマラヤ圏の麺料理。,,,,world-himalaya|epsilon-method,basic,2026-08-04,,野菜|肉|温かいスープ,,,,,,
world-025,テントゥク,འཐེན་ཐུག་,,チベット,,,ラサ,29.65,91.17,world,world_noodle,international,published,soup,wheat,hand_torn,meat|vegetable,salt,手ちぎり麺|煮込み|素朴,小麦生地を手でちぎりながらスープへ入れて煮るチベットの麺料理。,,,,world-himalaya|epsilon-method,basic,2026-08-04,,手ちぎり麺|煮込み|素朴,,,,,,
world-026,ラグマン,laghman,,中央アジア,,,新疆・中央アジア,41.0,71.0,world,world_noodle,international,published,soup,wheat,hand_pulled,lamb|vegetable,spice,羊肉|手延べ|野菜,手延べの小麦麺に羊肉や野菜の煮込みを合わせる中央アジアの麺料理。,,,,world-central-asia|epsilon-method,basic,2026-08-04,,羊肉|手延べ|野菜,,,,,,
world-027,アーシュ・レシュテ,آش رشته,,イラン,,,全国,35.69,51.39,world,world_noodle,international,published,soup,wheat,flat,legume|herb,fermented_dairy,豆|香草|発酵乳|濃厚,豆や香草をたっぷり使う濃厚なスープに平たい麺を加えるイランの料理。,,,,world-iran|epsilon-method,basic,2026-08-04,,豆|香草|発酵乳|濃厚,,,,,,
world-028,サイミン,saimin,,アメリカ合衆国・ハワイ,,,ハワイ,21.31,-157.86,world,ramen,international,published,soup,wheat|egg,thin,seafood|pork,soy|salt,多文化|澄んだスープ|細麺,日本、中国、フィリピンなどの食文化が交わって発展したハワイの麺料理。,,,,world-hawaii|epsilon-method,basic,2026-08-04,,多文化|澄んだスープ|細麺,,,,,,
world-029,ソパ・ワンタン,sopa wantán,,ペルー,,,リマ,-12.05,-77.04,world,world_noodle,international,published,soup,wheat,thin,chicken|pork,soy,中華系|雲呑|鶏スープ,中華系移民文化を背景に、雲呑と麺を鶏系スープで味わうペルーの料理。,,,,world-peru|epsilon-method,basic,2026-08-04,,中華系|雲呑|鶏スープ,,,,,,
world-030,ソパ・デ・フィデオ,sopa de fideo,,メキシコ,,,全国,19.43,-99.13,world,world_noodle,international,published,soup,wheat,vermicelli,tomato|chicken,tomato,短い麺|トマト|家庭料理,短い細麺をトマトや鶏のスープで煮る、家庭的なメキシコの麺料理。,,,,world-mexico|epsilon-method,basic,2026-08-04,,短い麺|トマト|家庭料理,,,,,,
jp-yakisoba-kitami-shio,オホーツク北見塩やきそば,,北見塩やきそば,JP,01,hokkaido,北見市,43.804,143.895,japan,yakisoba,regional,published,fried,小麦麺,中太の蒸し麺,ほたて・魚介のうま味,塩だれ,北海道|北見|オホーツク|塩やきそば|ほたて|たまねぎ,オホーツク産ほたてと北見産たまねぎを生かし、塩だれで仕上げる北見市のご当地焼きそば。,地域の農水産物を一皿で発信するご当地グルメとして開発され、提供ルールを共有する店舗で展開されている。,野菜、麺の焼き具合、塩だれの濃さ、鉄板での演出は店ごとに異なる。,jp-style-yakisoba-salt,src-jp-yakisoba-kitami-shio-1|src-jp-yakisoba-kitami-shio-2,reviewed,2026-08-10,オホーツク産ほたて|北見産たまねぎ|季節野菜,salt_sauce|scallop|onion|local_ingredients|seafood|fried,小麦・大豆・ほたて等の魚介を含む。乳、卵、その他の魚介を含む場合がある。,3.4,4.5,2.9,editorial_source_review_v1,yakisoba-kitami-shio
jp-yakisoba-otaru-ankake,小樽あんかけ焼そば,,小樽あんかけ焼きそば,JP,01,hokkaido,小樽市,43.19,140.994,japan,yakisoba,regional,published,fried,小麦麺,焼き付けた中太麺,鶏・豚・魚介のあん,醤油|塩|オイスターソース等,北海道|小樽|あんかけ|焼そば|五目,表面を香ばしく焼いた麺へ、肉・魚介・野菜の熱い五目あんをたっぷりかける小樽の焼そば文化。,市内の中華料理店や食堂で長く親しまれ、100年フードにも認定された地域の食文化。,あんの色と味、具材、麺の焼き加減、からし・酢の使い方は店ごとに大きく異なる。,jp-style-yakisoba-ankake,src-jp-yakisoba-otaru-ankake-1|src-jp-yakisoba-otaru-ankake-2,reviewed,2026-08-10,豚肉|えび・いか等の魚介|白菜|たけのこ|きくらげ,starchy_sauce|seafood|vegetables|crispy_soft_contrast|retro_city_food,小麦・大豆を含む。えび、いか、豚肉、鶏、卵、オイスターソース等を含む場合がある。,4.2,4.1,2.5,editorial_source_review_v1,yakisoba-otaru-ankake
jp-soba-tsugaru,津軽そば,,,JP,02,tohoku,弘前市・津軽地方,40.603,140.464,japan,soba,regional,published,soup,そば粉|大豆のしぼり汁等,やわらかく切れやすいそば,焼き干し|昆布等,醤油|塩,青森|津軽|大豆|熟成|焼き干し,そば粉へ大豆のしぼり汁などを加え、生地を寝かせる古い製法で作る津軽地方のそば。やわらかな麺を焼き干し系の汁で味わう。,手間のかかる伝統製法が一時衰退した後、地域の食文化として復元・継承されている。,大豆の使い方、熟成時間、麺のやわらかさ、だしは作り手により異なる。,jp-style-soba-kake,src-jp-soba-tsugaru-1|src-jp-soba-tsugaru-2,reviewed,2026-08-10,ねぎ|山菜等,soybean_binder|aged_dough|soft|historic_method|hot_soup,そば・大豆を含む。小麦、魚介だしを含む場合がある。,4.8,4.8,3.3,editorial_source_review_v1,soba-tsugaru
jp-soba-wanko,わんこそば,,,JP,03,tohoku,花巻市・盛岡市,39.389,141.117,japan,soba,regional,published,dipping,そば粉|小麦粉,食べやすく短めに盛るそば,かつお節|昆布等,醤油|みりん,岩手|花巻|盛岡|お椀|おかわり|もてなし,給仕が一口分のそばを小椀へ次々に入れ、客がふたを閉めるまで食べ進める岩手のもてなし文化。,客へたくさんのそばを振る舞う地域の宴席・もてなしの習慣から発達したと説明される。,給仕方法、薬味、つゆ、競技性、終了の合図は店と地域で異なる。,jp-style-soba-mori-zaru,src-jp-soba-wanko-1|src-jp-soba-wanko-2,reviewed,2026-08-10,薬味|刺身|なめこ|とろろ|漬物等,hospitality|small_servings|refill|ceremonial|interactive,そば・小麦・大豆・魚介を含む。薬味や副菜は個別確認が必要。,5.0,5.0,3.6,editorial_source_review_v1,soba-wanko
jp-yakisoba-ishinomaki,石巻焼きそば,,,JP,04,tohoku,石巻市,38.434,141.302,japan,yakisoba,regional,published,fried,小麦麺,茶色い中太の蒸し麺,魚介または肉系だしを加えて蒸し焼き,ソース|だし,宮城|石巻|茶色い麺|二度蒸し|だし,製麺段階で茶色く仕上げた麺を、だしを加えながら蒸し焼きにする石巻の焼きそば。しっとりした食感を持つ。,地域の製麺・食堂文化の中で独特の茶色い麺と調理法が定着した。,だしとソースの量、目玉焼き、具材、麺の水分量は店で異なる。,jp-style-yakisoba-sauce,src-jp-yakisoba-ishinomaki-1|src-jp-yakisoba-ishinomaki-2,reviewed,2026-08-10,豚肉|キャベツ|もやし|目玉焼き（任意）,brown_noodle|steamed_twice|moist|dashi_added|local_food,小麦・大豆・豚肉を含む場合が多い。魚介だし、卵等を確認する必要がある。,4.2,4.6,2.7,editorial_source_review_v1,yakisoba-ishinomaki
jp-udon-inaniwa,稲庭うどん,,,JP,05,tohoku,湯沢市稲庭町,39.164,140.494,japan,udon,regional,published,hybrid,小麦粉|食塩|でん粉（打ち粉）,細く平たい手延べ乾麺,かつお節|昆布|煮干し（提供店による）,醤油|みりん|塩,秋田|湯沢|手延べ|乾麺|のどごし,細く平たい手延べ乾麺で、つるりとした舌ざわりとのどごしが際立つ秋田県湯沢市の麺。冷たいつけ麺でも温かいかけ麺でも食べられる。,稲庭地域で受け継がれてきた手延べ製法の乾麺。生地を熟成させ、撚りをかけながら細く延ばして乾燥する工程が特徴。,太さ、平たさ、乾燥度、つゆの甘さは製造者と提供店で異なる。,jp-style-udon-zaru|jp-style-udon-kake,src-jp-udon-inaniwa-1|src-jp-udon-inaniwa-2,reviewed,2026-08-10,薬味|天ぷら（任意）,hand_stretched|dried_noodle|thin|flat|smooth|cold_or_hot|dashi_forward,小麦を含む。つゆは大豆・魚介を含むことがあり、天ぷら等は店舗確認が必要。,5.0,4.3,2.3,editorial_source_review_v1,udon-inaniwa
jp-yakisoba-yokote,横手やきそば,,横手焼きそば,JP,05,tohoku,横手市,39.311,140.553,japan,yakisoba,regional,published,fried,小麦麺,太めのまっすぐなゆで麺,,ウスター系ソース,秋田|横手|目玉焼き|福神漬け|太麺,太めのまっすぐなゆで麺を甘めのソースで炒め、目玉焼きと福神漬けを添える横手市のご当地焼きそば。,戦後の屋台・食堂文化の中で発達し、地域団体による品質基準や食文化の発信が進められている。,ソースの甘さ、麺のやわらかさ、ひき肉とキャベツの量、卵の焼き加減は店で異なる。,jp-style-yakisoba-sauce,src-jp-yakisoba-yokote-1|src-jp-yakisoba-yokote-2,reviewed,2026-08-10,豚ひき肉|キャベツ|目玉焼き|福神漬け,straight_noodle|fried_egg|fukujinzuke|sweet_sauce|local_standard,小麦・大豆・卵・豚肉を含む。ソース、福神漬けの原材料も確認が必要。,4.5,4.4,2.0,editorial_source_review_v1,yakisoba-yokote
jp-udon-hippari,ひっぱりうどん,,ひきずりうどん,JP,06,tohoku,村山市・山形県内陸部,38.483,140.381,japan,udon,regional,published,dipping,小麦粉|食塩,乾麺または生麺の中太うどん,ゆで湯を活用,醤油|納豆|さば缶|かつお節,山形|村山|鍋から引っ張る|納豆|さば缶,鍋でゆでたうどんを各自が直接引き上げ、納豆やさば缶、醤油などを混ぜたたれで食べる山形県内陸部の家庭料理。,保存しやすい乾麺、納豆、缶詰を活用できる冬の食として親しまれ、名称は鍋から麺を引っぱる食べ方に由来すると説明される。,納豆、さば缶、卵、かつお節、ねぎなどの組み合わせは家庭差が大きい。,jp-style-udon-kamaage,src-jp-udon-hippari-1|src-jp-udon-hippari-2,reviewed,2026-08-10,納豆|さば水煮缶|ねぎ|卵（任意）,communal|pot_to_bowl|natto|canned_mackerel|winter_food|savory,小麦・大豆を含む。さば・卵を使う場合が多い。,4.2,4.5,3.5,editorial_source_review_v1,udon-hippari
jp-soba-tsumetai-niku,冷たい肉そば,,,JP,06,tohoku,河北町,38.426,140.314,japan,soba,regional,published,soup,そば粉|小麦粉,中太で締まったそば,鶏だし|かつお節等,醤油|みりん,山形|河北町|冷たい汁|親鶏|肉そば,冷たい醤油味の鶏だし汁へ、歯ごたえのある親鶏肉とそばを合わせる河北町の名物。寒い季節にも食べられる。,地域の食堂で発達し、冷たい汁でも脂が固まりにくい調理や親鶏のうま味が特徴として定着した。,汁の甘さ、鶏油、肉の歯ごたえ、そばの太さは店で異なる。,jp-style-soba-kake,src-jp-soba-tsumetai-niku-1|src-jp-soba-tsumetai-niku-2,reviewed,2026-08-10,親鶏肉|ねぎ,cold_soup|chicken|firm|savory|year_round,そば・小麦・鶏肉・大豆・魚介を含むことが多い。,4.3,4.6,2.4,editorial_source_review_v1,soba-tsumetai-niku
jp-soba-ita,板そば,,,JP,06,tohoku,村山市・山形県内,38.483,140.381,japan,soba,regional,published,dipping,そば粉|小麦粉（店による）,太めで噛みごたえのあるそば,かつお節|昆布等,醤油|みりん,山形|村山|板|太いそば|大盛り,太めで噛みごたえのあるそばを、大きな木の板や浅い箱へ盛り、複数人で分けて食べる山形のそば。,農村の寄り合いや祝いの席で、大きな器に盛って振る舞う食文化と結び付く。,そば粉比率、麺の太さ、盛り量、板の形、つゆは店で異なる。,jp-style-soba-mori-zaru,src-jp-soba-ita-1|src-jp-soba-ita-2,reviewed,2026-08-10,ねぎ|わさび|大根おろし等,wooden_board|thick|communal|firm|rural_soba,そば・小麦・大豆・魚介を含む。,4.5,4.2,2.2,editorial_source_review_v1,soba-ita
jp-soba-tachi,裁ちそば,,,JP,07,tohoku,檜枝岐村,37.024,139.388,japan,soba,regional,published,dipping,そば粉|つなぎ少量または不使用,生地を重ねず布のように裁つ太めのそば,かつお節|昆布等,醤油|みりん,福島|檜枝岐|裁つ|十割|山里,薄く延ばしたそば生地を折り畳まず、布を裁つように切る檜枝岐村のそば。太めで素朴な香りと食感を持つ。,山間地でそばが重要な作物となり、村の行事や日常食として独自の製法が受け継がれた。,そば粉比率、太さ、切り方、温冷、つゆは店と家庭で異なる。,jp-style-soba-mori-zaru,src-jp-soba-tachi-1|src-jp-soba-tachi-2,reviewed,2026-08-10,ねぎ|山菜|大根等,cut_without_folding|rustic|thick|mountain_village|high_buckwheat,そばを含む。小麦、大豆、魚介だしを含む場合がある。,4.9,4.8,3.4,editorial_source_review_v1,soba-tachi
jp-yakisoba-namie,なみえ焼そば,,浪江焼麺,JP,07,tohoku,浪江町,37.494,141.001,japan,yakisoba,regional,published,fried,小麦麺,極太の中華麺,,濃厚なソース|一味唐辛子,福島|浪江|極太麺|もやし|豚肉|一味唐辛子,極太麺、もやし、豚肉を濃厚なソースで炒め、一味唐辛子を添える浪江町の焼そば。,地域の食堂・労働者の食文化として親しまれ、地域団体商標としても登録されている。,ソースの濃さ、麺の焼き具合、一味の量は提供店で異なる。,jp-style-yakisoba-sauce,src-jp-yakisoba-namie-1|src-jp-yakisoba-namie-2,reviewed,2026-08-10,豚肉|もやし,extra_thick|bean_sprouts|pork|strong_sauce|chili_optional|simple_ingredients,小麦・大豆・豚肉を含む。ソース原料を確認する必要がある。,4.4,4.7,2.8,editorial_source_review_v1,yakisoba-namie
jp-udon-mimi,耳うどん,,,JP,09,kanto,佐野市仙波町周辺,36.314,139.578,japan,udon,regional,published,soup,小麦粉|食塩,耳の形に折った厚めの生地,かつお節|昆布|鶏（家庭による）,醤油|塩,栃木|佐野|仙波|正月|耳の形,小麦の生地を耳のような形に折り、野菜などと汁で煮る佐野市周辺の郷土料理。正月や祝いの席と結び付く。,耳を食べて悪い話を聞かない、魔除けになるといった伝承とともに年中行事の料理として受け継がれてきた。,汁のだし、具材、耳形の大きさは家庭で異なる。,jp-style-udon-kake,src-jp-udon-mimi-1|src-jp-udon-mimi-2,reviewed,2026-08-10,野菜|しいたけ|鶏肉|なると等,festival_food|new_year|irregular_shape|soup|vegetables,小麦・大豆を含むことが多い。鶏肉、魚介だし、卵、練り物等は確認が必要。,4.8,5.0,4.1,editorial_source_review_v1,udon-mimi
jp-udon-okkirikomi,おっきりこみ,,おきりこみ,JP,10,kanto,群馬県内,36.391,139.06,japan,udon,regional,published,stew,小麦粉|水,幅広く厚めの生麺,煮干し|かつお節|昆布等,醤油|味噌,群馬|煮込み|幅広麺|野菜|家庭料理,幅広い生麺を、季節の野菜と一緒に醤油や味噌仕立ての汁で煮込む群馬県の郷土料理。,小麦作が盛んな地域で、打ち粉の付いた麺を鍋へ直接入れる日常食として受け継がれてきた。,味噌・醤油、野菜、肉の有無、麺の幅、汁のとろみは家庭差が大きい。,jp-style-udon-kake,src-jp-udon-okkirikomi-1|src-jp-udon-okkirikomi-2,reviewed,2026-08-10,大根|にんじん|里芋|ねぎ|きのこ等,stew|wide_flat|vegetables|one_pot|winter_food,小麦・大豆を含む。魚介だし、肉、きのこ等は提供先へ確認が必要。,4.8,4.3,2.4,editorial_source_review_v1,udon-okkirikomi
jp-udon-himokawa,ひもかわうどん,,ひもかわ,JP,10,kanto,桐生市周辺,36.405,139.331,japan,udon,regional,published,hybrid,小麦粉|食塩|水,非常に幅広い平打ち麺,かつお節|昆布|煮干し等,醤油|みりん,群馬|桐生|幅広|平打ち|帯状,帯のように幅広い平打ち麺を温かいつゆや冷たいつけ汁で食べる、桐生地域を代表するうどん。,群馬の小麦・うどん文化の中で発達し、店によっては数センチ以上の幅を持つ麺が提供される。,麺幅、厚み、温冷、つゆ、具材は店による差が非常に大きい。,jp-style-udon-kake|jp-style-udon-zaru,src-jp-udon-himokawa-1|src-jp-udon-himokawa-2,reviewed,2026-08-10,ねぎ|油揚げ|肉|野菜等,very_wide|flat|smooth|cold_or_hot|kiryu_food,小麦・大豆を含む。つゆの魚介、肉、卵等は確認が必要。,4.3,5.0,3.8,editorial_source_review_v1,udon-himokawa
jp-udon-mizusawa,水沢うどん,,,JP,10,kanto,渋川市伊香保町水沢,36.489,139.0,japan,udon,regional,published,dipping,小麦粉|食塩|水,やや太めでつやのある角麺,かつお節|昆布,醤油|ごまだれ（店による）,群馬|渋川|伊香保|水澤観世音|つけうどん,強いコシと透明感のあるつや、なめらかなのどごしを楽しむ渋川市水沢地区のうどん。冷たい麺を醤油だれやごまだれで食べる形が代表的。,水澤観世音の門前で参拝客へ供されたうどんとして語られ、水沢地区に専門店が並ぶ。,麺の太さと熟成、醤油だれ・ごまだれの配合、添え物は店ごとに異なる。,jp-style-udon-zaru,src-jp-udon-mizusawa-1|src-jp-udon-mizusawa-2,reviewed,2026-08-10,ねぎ|しょうが|ごま|天ぷら（任意）,firm|smooth|dipping|temple_town|sesame_sauce_optional,小麦・大豆を含む。ごまだれはごま、天ぷらは卵・えび等を含む可能性がある。,4.5,3.6,1.8,editorial_source_review_v1,udon-mizusawa
jp-yakisoba-ota,上州太田焼そば,,太田焼そば,JP,10,kanto,太田市,36.291,139.375,japan,yakisoba,regional,published,fried,小麦麺,中太〜太麺（店ごとに多様）,,ソース,群馬|太田|黒い焼そば|ソース,濃い色のソース焼きそばを中心に、多様な麺と具が共存する太田市の食文化。店ごとの個性が大きい。,工業都市の食堂や屋台で親しまれ、地域のご当地グルメとして発信されている。,麺の太さ、ソースの色・甘さ、具材、焼き加減に非常に大きな差がある。,jp-style-yakisoba-sauce,src-jp-yakisoba-ota-1|src-jp-yakisoba-ota-2,reviewed,2026-08-10,キャベツ|肉|青のり等（店による）,dark_sauce|shop_variation|industrial_city|fried|thick_noodle,小麦・大豆を含む。肉、卵、魚介、ソース原料は店舗ごとに確認が必要。,3.9,3.8,2.0,editorial_source_review_v1,yakisoba-ota
jp-udon-kazo,加須うどん,,,JP,11,kanto,加須市,36.132,139.601,japan,udon,regional,published,hybrid,小麦粉|食塩|水,手打ちの中太〜太麺,かつお節|昆布等,醤油|みりん,埼玉|加須|手打ち|小麦|うどん店,小麦産地の加須市で手打ち文化が根付いたうどん。コシとのどごしを生かし、冷温さまざまな食べ方がある。,利根川流域の小麦生産と結び付き、寺社への奉納や地域のもてなし料理として伝えられてきた。,麺の太さ、硬さ、つゆ、冷温、天ぷら等は店ごとに異なる。,jp-style-udon-zaru|jp-style-udon-kake,src-jp-udon-kazo-1|src-jp-udon-kazo-2,reviewed,2026-08-10,ねぎ|しょうが|天ぷら等,handmade|firm|smooth|cold_or_hot|wheat_region,小麦・大豆を含む。つゆの魚介、天ぷらの卵・えび等は確認が必要。,4.7,3.5,1.6,editorial_source_review_v1,udon-kazo
jp-udon-musashino,武蔵野うどん,,,JP,11,kanto,埼玉県西部・東京都多摩地域,35.798,139.474,japan,udon,regional,published,dipping,小麦粉|食塩|水,褐色がかった太く硬めの麺,かつお節|昆布|豚肉のうま味,醤油|みりん,埼玉|多摩|肉汁うどん|地粉|強いコシ,地粉の風味を感じる太く硬めの麺を、豚肉とねぎを入れた温かい肉汁などにつけて食べる武蔵野台地のうどん文化。,小麦作が盛んな武蔵野台地で、冠婚葬祭や日常の食として手打ちうどんが発達した。,麺の硬さ、地粉比率、肉汁の甘さ、具材は店と地域で異なる。,jp-style-udon-zaru,src-jp-udon-musashino-1|src-jp-udon-musashino-2,reviewed,2026-08-10,豚肉|長ねぎ|油揚げ等,firm|thick|wheat_aroma|meat_dipping_soup|rural_food,小麦・大豆・豚肉を含む。つゆは魚介を含むことが多い。,4.6,4.2,2.0,editorial_source_review_v1,udon-musashino
jp-soba-jindaiji,深大寺そば,,,JP,13,kanto,調布市深大寺,35.672,139.55,japan,soba,regional,published,hybrid,そば粉|小麦粉,細め〜中細のそば,かつお節|昆布等,醤油|みりん,東京|調布|深大寺|門前|そば店,深大寺の門前にそば店が並び、参拝とともに親しまれてきた調布市のそば文化。,周辺の水と寺社への献上・門前商いに結び付く歴史が語られ、現在も地域の観光・食文化を形作る。,そば粉比率、手打ち、温冷、天ぷら、つゆは店ごとに異なる。,jp-style-soba-mori-zaru|jp-style-soba-kake,src-jp-soba-jindaiji-1|src-jp-soba-jindaiji-2,reviewed,2026-08-10,ねぎ|わさび|天ぷら等,temple_town|spring_water|historic_soba_shops|cold_or_hot,そば・小麦・大豆・魚介を含む。天ぷらは卵・えび等を含む場合がある。,4.6,3.5,1.6,editorial_source_review_v1,soba-jindaiji
jp-soba-hegi,へぎそば,,,JP,15,chubu,小千谷市・十日町市,37.313,138.793,japan,soba,regional,published,dipping,そば粉|布海苔,細めでつるりとしたそばを一口ずつ束ねる,かつお節|昆布等,醤油|みりん,新潟|小千谷|十日町|布海苔|へぎ|手振り,海藻の布海苔をつなぎに使い、つるりとした弾力のあるそばを一口分ずつ「へぎ」へ並べる新潟のそば。,織物産地で糸の糊付けに使われた布海苔を、そばのつなぎへ応用した食文化と説明される。,布海苔量、そば粉比率、束ね方、からし・わさび、つゆは店で異なる。,jp-style-soba-mori-zaru,src-jp-soba-hegi-1|src-jp-soba-hegi-2,reviewed,2026-08-10,ねぎ|からし|わさび等,funori_binder|smooth|elastic|wooden_tray|portion_bundles,そば・大豆・魚介を含む。小麦を使う場合がある。,4.8,4.9,2.6,editorial_source_review_v1,soba-hegi
jp-yakisoba-itoigawa-black,糸魚川ブラック焼きそば,,糸魚川ブラック焼そば,JP,15,chubu,糸魚川市,37.039,137.863,japan,yakisoba,regional,published,fried,小麦麺,中太麺,,いか墨|ソース・塩等（店による）,新潟|糸魚川|いか墨|黒い焼きそば|いか,いか墨で黒く仕上げ、いかを使う糸魚川市のご当地焼きそば。魚介のうま味と見た目の個性が強い。,地域の海産物を生かす新しいご当地グルメとして、市内店舗の協力で展開されている。,味付け、具材、卵やチーズなどの仕上げは店ごとに自由度が高い。,jp-style-yakisoba-sauce|jp-style-yakisoba-salt,src-jp-yakisoba-itoigawa-black-1|src-jp-yakisoba-itoigawa-black-2,reviewed,2026-08-10,新潟県産いか|野菜|卵等（店による）,squid_ink|black|seafood|creative_local_gourmet|fried,小麦・いか・大豆を含む。卵・乳等を使う店もある。,3.0,5.0,4.1,editorial_source_review_v1,yakisoba-itoigawa-black
jp-udon-himi,氷見うどん,,,JP,16,chubu,氷見市,36.857,136.987,japan,udon,regional,published,hybrid,小麦粉|食塩|水,細め〜中細の手延べ・手打ち麺,かつお節|昆布|煮干し等,醤油|みりん,富山|氷見|手延べ|細麺|もちもち,細めながら強い粘りと弾力を持ち、なめらかなのどごしを楽しむ氷見のうどん。温冷どちらでも食べられる。,輪島のそうめんや手延べ技術との関係が語られ、氷見の製麺文化として発達した。,手延べ・手打ち、麺の太さ、乾麺・半生麺、つゆは製造者と店で異なる。,jp-style-udon-zaru|jp-style-udon-kake,src-jp-udon-himi-1|src-jp-udon-himi-2,reviewed,2026-08-10,薬味|天ぷら等,hand_stretched|thin|smooth|elastic|cold_or_hot,小麦・大豆を含む。つゆは魚介、天ぷらは卵・えび等を含むことがある。,4.5,4.0,1.8,editorial_source_review_v1,udon-himi
jp-soba-echizen-oroshi,越前おろしそば,,越前そば,JP,18,chubu,福井県内,36.065,136.222,japan,soba,regional,published,dipping,そば粉|小麦粉,やや太めで色の濃いそば,かつお節|昆布等,醤油|みりん,福井|越前|おろしそば|大根おろし|冷たい,冷たいそばへ大根おろし、だしつゆ、ねぎ、かつお節を合わせる福井の代表的なそば。,福井の在来そばと大根を生かす日常食として定着し、地域の食文化を象徴する。,つゆをかけるかつけるか、大根の辛さ、麺の太さ、そば粉比率は店で異なる。,jp-style-soba-mori-zaru,src-jp-soba-echizen-oroshi-1|src-jp-soba-echizen-oroshi-2,reviewed,2026-08-10,大根おろし|ねぎ|かつお節,grated_daikon|cold|robust_buckwheat|bonito_flakes|refreshing,そば・小麦・大豆・魚介を含む。,4.9,4.5,2.0,editorial_source_review_v1,soba-echizen-oroshi
jp-udon-yoshida,吉田のうどん,,,JP,19,chubu,富士吉田市,35.487,138.808,japan,udon,regional,published,soup,小麦粉|食塩|水,非常に太く硬い角麺,煮干し|かつお節|昆布|肉,醤油|味噌,山梨|富士吉田|硬い麺|キャベツ|すりだね,非常に太く硬い麺を、醤油と味噌を合わせた汁で食べ、ゆでキャベツや肉、辛いすりだねを添える富士吉田市のうどん。,織物産業の町で、男性が力強く麺を打ったことなどが硬い麺の食文化に結び付いたと説明される。,味噌と醤油の比率、肉、キャベツ、すりだね、麺の硬さは店で異なる。,jp-style-udon-kake,src-jp-udon-yoshida-1|src-jp-udon-yoshida-2,reviewed,2026-08-10,ゆでキャベツ|馬肉・豚肉|ねぎ|すりだね,extra_firm|thick|cabbage|meat|spicy_condiment|mountain_city,小麦・大豆を含む。肉、魚介だし、唐辛子等は確認が必要。,4.7,4.9,3.0,editorial_source_review_v1,udon-yoshida
jp-other-hoto,ほうとう,,餺飥,JP,19,chubu,山梨県内,35.664,138.568,japan,other,regional,published,stew,小麦粉|水,幅広く厚い生麺,煮干し|かつお節|昆布等,味噌,山梨|郷土料理|味噌|かぼちゃ|煮込み|幅広麺,幅広い生麺を、かぼちゃや根菜などと一緒に味噌仕立ての汁で煮込む山梨県の郷土料理。,山梨の山間部で、小麦と季節の野菜を一鍋で食べる日常食として受け継がれてきた。成立経緯には諸説がある。,味噌の種類、かぼちゃの量、肉の有無、麺の厚さ、汁のとろみは家庭・店・季節で大きく異なる。,jp-style-udon-kake,src-jp-other-hoto-1|src-jp-other-hoto-2,reviewed,2026-08-10,かぼちゃ|里芋|大根|にんじん|白菜|きのこ等,other_regional_noodle|miso_stew|wide_flat|pumpkin|vegetables|one_pot,小麦・大豆を含む。だしは魚介、具に豚肉・鶏肉・きのこ類を含む場合がある。,5.0,4.8,2.7,editorial_source_review_v1,other-hoto
jp-soba-toji,とうじそば,,,JP,20,chubu,松本市奈川,36.098,137.68,japan,soba,regional,published,hot_pot,そば粉|小麦粉,中細のそば,きのこ|山菜|鶏・野菜|かつお節等,醤油|塩,長野|奈川|投汁|鍋|きのこ|冬,小さな竹かごへそばを入れ、具だくさんの熱い鍋汁で温めて食べる松本市奈川の冬の郷土料理。,寒冷な山間地で、そばを冷まさず具とともに食べる知恵として受け継がれてきた。,きのこ、山菜、鶏肉、だし、そばの温め方は店と家庭で異なる。,jp-style-soba-kake,src-jp-soba-toji-1|src-jp-soba-toji-2,reviewed,2026-08-10,きのこ|山菜|鶏肉|油揚げ|ねぎ等,hot_pot|dipping_basket|winter_food|mushrooms|mountain_food,そば・小麦・大豆・魚介・鶏肉を含む場合がある。,4.7,4.8,3.0,editorial_source_review_v1,soba-toji
jp-soba-togakushi,戸隠そば,,,JP,20,chubu,長野市戸隠,36.742,138.084,japan,soba,regional,published,dipping,そば粉|小麦粉,細め〜中細のそばをぼっち盛りにする,かつお節|昆布等,醤油|みりん,長野|戸隠|ぼっち盛り|修験道|そば,そばを小さな束にしてざるへ盛る「ぼっち盛り」が代表的な戸隠のそば。山の水とそば文化を背景に持つ。,戸隠信仰・宿坊のもてなしと結び付くそば文化として発達し、地域の専門店で継承されている。,束の数、そば粉比率、辛味大根、天ぷら、つゆは店で異なる。,jp-style-soba-mori-zaru,src-jp-soba-togakushi-1|src-jp-soba-togakushi-2,reviewed,2026-08-10,辛味大根|ねぎ|わさび|天ぷら等,botchi_mori|mountain_soba|pilgrimage|strong_aroma|cold,そば・小麦・大豆・魚介を含む。天ぷらは卵等を含む。,5.0,4.4,1.9,editorial_source_review_v1,soba-togakushi
jp-soba-takato,高遠そば,,,JP,20,chubu,伊那市高遠町,35.835,138.062,japan,soba,regional,published,dipping,そば粉|小麦粉,中細のそば,大根のおろし汁|焼き味噌|かつお節等,味噌|醤油（現代の提供形態による）,長野|伊那|高遠|辛つゆ|大根汁|焼き味噌,辛味大根のおろし汁へ焼き味噌や薬味を加えた「辛つゆ」で食べる伝統的な形を持つ高遠のそば。,高遠藩と会津などのそば文化交流に結び付く歴史が語られ、地域で復元・発信されている。,大根の辛さ、味噌、現代的なつゆとの併用、そば粉比率は店で異なる。,jp-style-soba-mori-zaru,src-jp-soba-takato-1|src-jp-soba-takato-2,reviewed,2026-08-10,辛味大根|焼き味噌|ねぎ,grated_daikon_juice|roasted_miso|historic_dipping_sauce|spicy,そば・大豆を含む。小麦・魚介だしを含む場合がある。,4.8,4.8,3.1,editorial_source_review_v1,soba-takato
jp-yakisoba-fujinomiya,富士宮やきそば,,富士宮焼きそば,JP,22,chubu,富士宮市,35.222,138.621,japan,yakisoba,regional,published,fried,小麦麺,コシの強い蒸し麺,肉かすのうま味,ソース,静岡|富士宮|肉かす|削り粉|コシ|蒸し麺,コシの強い独特の蒸し麺を肉かす、キャベツと炒め、いわしの削り粉を振る富士宮市の焼きそば。,地域の製麺・食堂文化を基盤に、特徴的な麺と材料を共有するご当地グルメとして全国に知られる。,製麺所、ソース、麺の焼き加減、肉かす・削り粉の量は店で異なる。,jp-style-yakisoba-sauce,src-jp-yakisoba-fujinomiya-1|src-jp-yakisoba-fujinomiya-2,reviewed,2026-08-10,肉かす|キャベツ|いわし削り粉|青のり,firm_noodle|meat_scraps|sardine_powder|cabbage|strong_roast|regional_rules,小麦・大豆・豚肉・魚を含む。,4.6,4.8,2.4,editorial_source_review_v1,yakisoba-fujinomiya
jp-yakisoba-seto-shoyu,瀬戸しょうゆ焼そば,,瀬戸焼そば,JP,23,chubu,瀬戸市,35.223,137.084,japan,yakisoba,regional,published,fried,小麦麺,中太の蒸し麺,豚肉の煮汁,醤油,愛知|瀬戸|しょうゆ|豚肉|キャベツ,ソースではなく醤油を用い、豚肉の煮汁のうま味を麺へ含ませて炒める瀬戸市の焼そば。,陶磁器の町・瀬戸の食堂文化の中で親しまれ、地域団体が普及に取り組む。,醤油と煮汁の濃さ、麺の蒸し具合、具材量は店で異なる。,jp-style-yakisoba-sauce,src-jp-yakisoba-seto-shoyu-1|src-jp-yakisoba-seto-shoyu-2,reviewed,2026-08-10,豚肉|キャベツ,soy_sauce|pork_broth|simple|pottery_town|fried,小麦・大豆・豚肉を含む。,3.9,4.5,2.5,editorial_source_review_v1,yakisoba-seto-shoyu
jp-other-kishimen,きしめん,,,JP,23,chubu,名古屋市・愛知県内,35.181,136.906,japan,other,regional,published,hybrid,小麦粉|食塩|水,薄く幅広い平打ち麺,むろあじ節|かつお節|昆布等,たまり醤油|醤油|みりん,愛知|名古屋|平打ち|幅広|たまり醤油,薄く幅広い平打ち麺を、だしの効いた温かいつゆや冷たいつけ汁で味わう愛知・名古屋の代表的な麺文化。,愛知県の小麦食文化とともに発達した地域麺。名称や成立には複数の説があるため、特定の起源は断定しない。,麺の幅と厚み、温冷、つゆの色と甘さ、たまり醤油の使用、具材は店や地域で異なる。,jp-style-udon-kake|jp-style-udon-zaru,src-jp-other-kishimen-1|src-jp-other-kishimen-2,reviewed,2026-08-10,油揚げ|かまぼこ|青菜|かつお節|ねぎ等,other_regional_noodle|wide_flat|thin|dashi_forward|cold_or_hot|nagoya_food,小麦・大豆を含む。つゆは魚介を含むことが多く、油揚げ・練り物等も確認が必要。,4.8,4.3,2.1,editorial_source_review_v1,other-kishimen
jp-udon-ise,伊勢うどん,,,JP,24,kinki,伊勢市,34.487,136.709,japan,udon,regional,published,sauce,小麦粉|食塩|水,極太で非常にやわらかい麺,たれにだしを加える場合がある,たまり醤油|濃口醤油|みりん|砂糖,三重|伊勢|極太|やわらかい|たまり醤油,長時間ゆでた極太のやわらかい麺へ、たまり醤油を基調とした濃色の甘辛いたれを絡める伊勢のうどん。,伊勢参りの旅人へ消化しやすく素早く提供できる食として発達したとされる。,たれの甘さ・だし、麺のやわらかさ、卵や肉などの追加は店で異なる。,jp-style-udon-kake,src-jp-udon-ise-1|src-jp-udon-ise-2,reviewed,2026-08-10,ねぎ|卵|肉等（任意）,extra_thick|very_soft|dark_tare|sweet_savory|pilgrimage_food,小麦・大豆を含む。卵・肉・魚介だし等は店舗確認が必要。,5.0,4.9,2.8,editorial_source_review_v1,udon-ise
jp-soba-izushi,出石皿そば,,,JP,28,kinki,豊岡市出石町,35.462,134.873,japan,soba,regional,published,dipping,そば粉|小麦粉|山芋等（店による）,細め〜中細のそばを小皿に盛る,かつお節|昆布等,醤油|みりん,兵庫|豊岡|出石|小皿|皿そば|城下町,そばを出石焼などの小皿へ一人前ずつ分けて盛り、薬味を変えながら食べる豊岡市出石町のそば。,城下町のそば文化と出石焼の器が結び付き、現在の小皿形式が地域の名物として定着した。,一皿の量、皿数、卵・とろろ、そば粉比率、つゆは店で異なる。,jp-style-soba-mori-zaru,src-jp-soba-izushi-1|src-jp-soba-izushi-2,reviewed,2026-08-10,ねぎ|わさび|とろろ|卵,small_plates|multiple_servings|castle_town|condiments|cold,そば・小麦・大豆・卵・山芋・魚介を含む場合がある。,4.8,4.7,2.0,editorial_source_review_v1,soba-izushi
jp-other-sobameshi,そばめし,,,JP,28,kinki,神戸市長田区,34.657,135.144,japan,other,regional,published,fried,中華麺|米,細かく刻んだ焼そば麺とご飯,,ウスター系ソース|どろソース等,兵庫|神戸|長田|焼そば|ご飯|鉄板|ソース,焼そばの麺を細かく刻み、ご飯と具材を鉄板で炒めてソース味に仕上げる神戸市長田区の料理。,長田の鉄板焼店で、持参した冷やご飯と焼そばを一緒に炒めたことから広まったとされる。,麺と米の比率、すじこん・豚肉、ソース、香辛料、卵の有無は店で異なる。,jp-style-yakisoba-sauce,src-jp-other-sobameshi-1|src-jp-other-sobameshi-2,reviewed,2026-08-10,キャベツ|豚肉|すじこん等（店による）,other_regional_noodle|rice_and_noodle|chopped_noodle|sauce|griddle|kobe_food,小麦・大豆を含む。豚肉・牛肉・卵・魚介系調味料を含む場合がある。,4.1,4.9,3.1,editorial_source_review_v1,other-sobameshi
jp-other-sayo-horumon-yakiudon,佐用ホルモン焼きうどん,,佐用ホルモンうどん,JP,28,kinki,佐用町,35.004,134.356,japan,other,regional,published,fried,小麦うどん,太めのゆでうどん,,醤油・味噌・にんにく等のつけだれ,兵庫|佐用|ホルモン|焼きうどん|つけだれ|鉄板,牛ホルモンとうどんを鉄板で炒め、醤油・味噌・にんにくなどを合わせたたれにつけて食べる形が特徴の佐用町の麺料理。,畜産・精肉文化と結び付く地域の食として定着し、町内の店舗で独自のたれと焼き方が受け継がれている。,ホルモンの部位、たれを絡めるかつけるか、にんにく、野菜、麺の焼き加減に店差がある。,jp-style-yakisoba-sauce,src-jp-other-sayo-horumon-yakiudon-1|src-jp-other-sayo-horumon-yakiudon-2,reviewed,2026-08-10,牛ホルモン|野菜|ねぎ等,other_regional_noodle|yakiudon|beef_offal|dipping_sauce|griddle|rich,小麦・牛肉・大豆を含むことが多い。,4.2,4.8,3.9,editorial_source_review_v1,other-sayo-horumon-yakiudon
jp-yakisoba-sechi,せち焼き,,御坊せち焼き,JP,30,kinki,御坊市,33.891,135.153,japan,yakisoba,regional,published,fried,小麦麺,中太の焼そば麺,,ソース,和歌山|御坊|卵|焼そば|お好み焼き風,焼そばへ卵を加えて鉄板上でまとめ、ソースを塗って仕上げる御坊市の料理。小麦粉の生地を使わない。,地域の食堂で生まれたとされ、方言の「せちがう」に名の由来を求める説明がある。,具材、卵の量、厚み、ソース、マヨネーズの有無は店で異なる。,jp-style-yakisoba-sauce,src-jp-yakisoba-sechi-1|src-jp-yakisoba-sechi-2,reviewed,2026-08-10,卵|キャベツ|豚肉|青のり|かつお節等,egg_bound|no_flour_batter|sauce|griddle|hybrid_food,小麦・卵・大豆・豚肉を含む場合が多い。,3.9,4.8,3.6,editorial_source_review_v1,yakisoba-sechi
jp-soba-izumo,出雲そば,,,JP,32,chugoku,出雲市・松江市周辺,35.367,132.754,japan,soba,regional,published,hybrid,そば粉|小麦粉（店による）,色が濃く香りの強い中太そば,かつお節|昆布等,醤油|みりん,島根|出雲|割子そば|釜揚げそば|挽きぐるみ,そばの実を甘皮ごと挽くため色と香りが強く、割子そばや釜揚げそばで食べる出雲地方のそば。,出雲大社参詣や地域の日常食と結び付き、割子と釜揚げという二つの代表的な提供形式が発達した。,挽きぐるみの度合い、割子・釜揚げ、つゆ、薬味は店で異なる。,jp-style-soba-mori-zaru|jp-style-soba-kake,src-jp-soba-izumo-1|src-jp-soba-izumo-2,reviewed,2026-08-10,ねぎ|のり|大根おろし|かつお節等,whole_ground_buckwheat|dark_color|warigo|kamaage|strong_aroma,そば・小麦・大豆・魚介を含む。,5.0,4.8,2.1,editorial_source_review_v1,soba-izumo
jp-yakisoba-hiruzen,ひるぜん焼そば,,蒜山焼そば,JP,33,chugoku,真庭市蒜山地域,35.283,133.647,japan,yakisoba,regional,published,fried,小麦麺,中太麺,,味噌だれ|醤油|砂糖|にんにく等,岡山|蒜山|味噌だれ|鶏肉|キャベツ|にんにく,鶏肉とキャベツを、味噌を基調とした甘辛いたれで炒める蒜山地域の焼そば。,地域で食べられてきた味噌だれの焼そばをもとに、ご当地グルメとして整理・発信された。,味噌の甘辛さ、にんにく、鶏肉の部位、麺の焼き加減は店で異なる。,jp-style-yakisoba-sauce,src-jp-yakisoba-hiruzen-1|src-jp-yakisoba-hiruzen-2,reviewed,2026-08-10,鶏肉|キャベツ,miso_sauce|chicken|cabbage|sweet_savory|garlic|highland_food,小麦・大豆・鶏肉を含む。,4.0,4.5,2.8,editorial_source_review_v1,yakisoba-hiruzen
jp-other-tsuyama-horumon-udon,津山ホルモンうどん,,,JP,33,chugoku,津山市,35.07,134.004,japan,other,regional,published,fried,小麦うどん,太めのゆでうどん,,味噌だれ|醤油だれ|ソース等,岡山|津山|ホルモン|牛肉文化|焼うどん|鉄板,新鮮な牛ホルモンとうどん、野菜を鉄板で炒め、味噌・醤油系などの濃いたれで仕上げる津山市の地域グルメ。,食肉処理・牛肉文化が根付く津山で、日常的に入手しやすかったホルモンをうどんと合わせた料理として親しまれてきた。,ホルモンの部位、たれ、にんにく、野菜、麺の焼き方は店ごとの差が大きい。,jp-style-yakisoba-sauce,src-jp-other-tsuyama-horumon-udon-1|src-jp-other-tsuyama-horumon-udon-2,reviewed,2026-08-10,牛ホルモン|キャベツ|玉ねぎ|ねぎ等,other_regional_noodle|yakiudon|beef_offal|miso_sauce|rich|griddle,小麦・牛肉・大豆を含むことが多い。,4.2,4.7,3.8,editorial_source_review_v1,other-tsuyama-horumon-udon
jp-other-kawara-soba,瓦そば,,,JP,35,chugoku,下関市豊浦町川棚,34.151,130.923,japan,other,regional,published,fried,茶そば（そば粉|小麦粉|茶）,細めの茶そば,つけつゆのかつお節・昆布等,醤油|みりん|砂糖,山口|下関|川棚温泉|瓦|茶そば|牛肉|錦糸卵,熱した瓦の上で茶そばを香ばしく焼き、甘辛い牛肉、錦糸卵、ねぎなどを盛って温かいつゆで食べる料理。,川棚温泉の旅館で考案された料理として広まり、山口県を代表する地域グルメの一つになった。,瓦または鉄板、麺の焼き具合、牛肉の甘さ、レモンともみじおろし、つゆの濃さは店で異なる。,jp-style-soba-mori-zaru,src-jp-other-kawara-soba-1|src-jp-other-kawara-soba-2,reviewed,2026-08-10,牛肉|錦糸卵|ねぎ|のり|レモン|もみじおろし,other_regional_noodle|tea_soba|heated_tile|beef|egg|crispy|dipping,そば・小麦・卵・牛肉・大豆を含む。つゆは魚介を含むことが多い。,4.2,5.0,3.5,editorial_source_review_v1,other-kawara-soba
jp-udon-naruchuru,鳴ちゅるうどん,,鳴門うどん,JP,36,shikoku,鳴門市,34.173,134.609,japan,udon,regional,published,soup,小麦粉|食塩|水,細く不ぞろいでやわらかい麺,煮干し|かつお節|昆布等,薄口醤油|塩,徳島|鳴門|やわらかい|不ぞろい|刻み揚げ,細く不ぞろいでやわらかい麺を、淡いだしと刻み揚げなどで食べる鳴門市の素朴なうどん。,鳴門の食堂や家庭で親しまれてきた地域のうどんで、軽い口当たりを表す愛称で紹介される。,麺の細さとやわらかさ、だし、揚げやちくわ等の具は店で異なる。,jp-style-udon-kake,src-jp-udon-naruchuru-1|src-jp-udon-naruchuru-2,reviewed,2026-08-10,刻み揚げ|ねぎ|ちくわ等,soft|irregular|thin|light_broth|local_canteen_food,小麦・大豆を含む。魚介だし、油揚げ、練り物等を確認する必要がある。,4.1,4.3,2.2,editorial_source_review_v1,udon-naruchuru
jp-soba-iya,祖谷そば,,,JP,36,shikoku,三好市祖谷地域,33.875,133.758,japan,soba,regional,published,soup,そば粉|つなぎ少量または不使用,太く短めで素朴なそば,煮干し|かつお節|昆布,醤油|塩,徳島|祖谷|太い|短い|山里,太く短めで、そば粉の風味が力強い祖谷地方のそば。つなぎが少なく切れやすく、温かい素朴な汁で供されることが多い。,米作に適さない急峻な山地でそばが重要な作物となり、山里の食として受け継がれてきた。,そば粉比率、太さ、だし、山菜・油揚げなどの具は店や家庭で異なる。,jp-style-soba-kake,src-jp-soba-iya-1|src-jp-soba-iya-2,reviewed,2026-08-10,油揚げ|山菜|ねぎ等,rustic|thick|short|mountain_food|high_buckwheat,そばを含む。小麦・大豆・魚介を含む場合がある。,4.9,4.4,3.0,editorial_source_review_v1,soba-iya
jp-udon-shippoku,しっぽくうどん,,,JP,37,shikoku,香川県内,34.34,134.043,japan,udon,regional,published,soup,小麦粉|食塩|水,中太〜太めのうどん,いりこ|昆布|かつお節等,醤油|塩|みりん,香川|冬|根菜|いりこだし|讃岐,大根、にんじん、里芋、油揚げなどをだしで煮込み、うどんへかける香川県の冬の郷土料理。,秋冬の収穫物を一椀で味わう家庭料理として、讃岐うどん文化の中で受け継がれてきた。,具材、肉の有無、いりこだし、味付けは家庭と店で異なる。,jp-style-udon-kake,src-jp-udon-shippoku-1|src-jp-udon-shippoku-2,reviewed,2026-08-10,大根|にんじん|里芋|油揚げ|ねぎ等,winter_food|vegetables|dashi_forward|soup|seasonal,小麦・大豆を含む。魚介だし、油揚げ、肉等は確認が必要。,4.8,3.8,1.8,editorial_source_review_v1,udon-shippoku
jp-udon-sanuki,讃岐うどん,,,JP,37,shikoku,香川県内,34.34,134.043,japan,udon,regional,published,hybrid,小麦粉|食塩|水,角の立った中太〜太麺,いりこ|昆布|かつお節等,醤油|塩|みりん,香川|うどん県|コシ|いりこ|かけ|ぶっかけ|釜揚げ,強いコシと弾力を持つ麺を、かけ、ぶっかけ、釜揚げ、ざるなど多様な形式で味わう香川県のうどん文化。,小麦、塩、しょうゆ、いりこなど地域の材料と結び付き、製麺所型・セルフ型を含む独自の外食文化へ発展した。,麺の太さ・コシ、いりこだし、提供形式、薬味は店ごとの差が大きい。,jp-style-udon-kake|jp-style-udon-bukkake|jp-style-udon-kamaage|jp-style-udon-zaru,src-jp-udon-sanuki-1|src-jp-udon-sanuki-2,reviewed,2026-08-10,ねぎ|しょうが|天かす|天ぷら等,firm|elastic|many_serving_styles|iriko_dashi|self_service_culture,小麦・大豆を含む。魚介だし、天ぷら、卵等は確認が必要。,5.0,4.5,1.5,editorial_source_review_v1,udon-sanuki
jp-udon-hakata,博多うどん,,,JP,40,kyushu_okinawa,福岡市博多地域,33.59,130.401,japan,udon,regional,published,soup,小麦粉|食塩|水,太めでやわらかい麺,煮干し|昆布|かつお節|さば節等,薄口醤油|塩,福岡|博多|やわ麺|ごぼう天|丸天|だし,やわらかくふっくらした麺を、透明感のあるだしで味わう博多のうどん。ごぼう天や丸天が代表的な具。,古くからの港町・商都の食として、素早く食べやすいやわらかなうどん文化が発達した。,麺のやわらかさ、だし、ごぼう天の形、丸天・肉等の具は店で異なる。,jp-style-udon-kake,src-jp-udon-hakata-1|src-jp-udon-hakata-2,reviewed,2026-08-10,ごぼう天|丸天|ねぎ|肉等,soft|dashi_forward|gobo_tempura|round_fishcake|fast_food_culture,小麦・大豆・魚介を含む。天ぷらは卵、練り物は魚介を含む。,4.7,4.2,1.6,editorial_source_review_v1,udon-hakata
jp-other-kokura-yakiudon,小倉焼うどん,,小倉発祥焼うどん,JP,40,kyushu_okinawa,北九州市小倉北区,33.883,130.875,japan,other,regional,published,fried,乾燥うどんまたは小麦うどん,中太〜太めのうどん,,ウスター系ソース|醤油等,福岡|北九州|小倉|焼うどん|乾麺|発祥,うどんを野菜や肉と鉄板で炒め、ソースなどで仕上げる北九州市小倉の名物。,終戦直後、焼そば用の中華麺が手に入りにくい中で乾燥うどんを代用した料理が始まりとされる。,乾麺・生麺、ソース・醤油、具材、かつお節、麺の焼き付けは店ごとに異なる。,jp-style-yakisoba-sauce,src-jp-other-kokura-yakiudon-1|src-jp-other-kokura-yakiudon-2,reviewed,2026-08-10,豚肉|キャベツ|玉ねぎ|かつお節|青のり等,other_regional_noodle|yakiudon|dried_udon|sauce|postwar_food|griddle,小麦・大豆・豚肉を含む場合が多い。ソース、かつお節、卵等は確認が必要。,4.4,4.4,2.2,editorial_source_review_v1,other-kokura-yakiudon
jp-udon-goto,五島うどん,,五島手延うどん,JP,42,kyushu_okinawa,五島列島・新上五島町,32.984,129.073,japan,udon,regional,published,hybrid,小麦粉|食塩|椿油,細く丸い手延べ麺,あごだし|昆布等,醤油|塩,長崎|五島列島|椿油|あごだし|地獄炊き,椿油を使って手延べする細く丸い麺で、強いコシとのどごしを持つ五島列島のうどん。地獄炊きやあごだしで食べられる。,島の製塩・椿・手延べ技術と結び付いた乾麺文化として受け継がれてきた。,椿油、麺の細さ、地獄炊きの卵醤油・あごだし、冷温は製造者と家庭で異なる。,jp-style-udon-kamaage|jp-style-udon-zaru,src-jp-udon-goto-1|src-jp-udon-goto-2,reviewed,2026-08-10,卵|ねぎ|かつお節等,hand_stretched|camellia_oil|thin|round|ago_dashi|jigokudaki,小麦を含む。つゆは大豆・魚介、地獄炊きは卵を含む場合がある。,5.0,4.8,2.4,editorial_source_review_v1,udon-goto
jp-soba-taishu,対州そば,,対州蕎麦,JP,42,kyushu_okinawa,対馬市,34.202,129.29,japan,soba,regional,published,hybrid,対州そば粉|小麦粉（提供形態による）,中太で香りの強いそば,いりこ|かつお節|昆布,醤油|塩,長崎|対馬|在来種|GI|そば,対馬で守られてきた在来系統のそばを用いる地域のそば文化。小粒の実から生まれる香りを生かし、ざるや温そばで食べられる。,大陸から伝来したそばの古い系統を島内で維持してきたとされ、地理的表示保護制度にも登録されている。,十割・つなぎ入り、温冷、対馬地鶏やしいたけを使う汁など提供形態に幅がある。,jp-style-soba-mori-zaru|jp-style-soba-kake,src-jp-soba-taishu-1|src-jp-soba-taishu-2,reviewed,2026-08-10,地鶏|しいたけ|ねぎ等（料理による）,native_buckwheat|island_food|strong_aroma|gi_protected|rustic,そばを含む。小麦・大豆・魚介・鶏肉等を含む場合がある。,5.0,5.0,3.3,editorial_source_review_v1,soba-taishu
jp-other-nagasaki-saraudon,長崎皿うどん,,皿うどん,JP,42,kyushu_okinawa,長崎市,32.75,129.878,japan,other,regional,published,fried,小麦麺,細い揚げ麺または太い炒め麺,鶏・豚・魚介のあん,塩|醤油|砂糖|酢（好みで）,長崎|皿うどん|細麺|太麺|あんかけ|海鮮,細い揚げ麺、または太い炒め麺へ、肉・魚介・野菜を使ったとろみのあるあんをかける長崎の代表的な麺料理。,長崎の中華料理文化の中で発達し、ちゃんぽんと並ぶ地域食として定着した。一般的な和風うどんとは構造が異なる。,細麺と太麺、あんの色と甘さ、具材、ウスターソースや酢を加える食べ方など、店舗・家庭差が非常に大きい。,jp-style-yakisoba-ankake,src-jp-other-nagasaki-saraudon-1|src-jp-other-nagasaki-saraudon-2,reviewed,2026-08-10,豚肉|えび|いか|かまぼこ|キャベツ|もやし等,other_regional_noodle|starchy_sauce|crispy_or_thick|seafood|vegetables|nagasaki_food,小麦・えび・いか・豚肉・鶏肉・大豆等を含む場合が多い。,4.8,4.8,2.6,editorial_source_review_v1,other-nagasaki-saraudon
jp-udon-saiki-gomadashi,佐伯ごまだしうどん,,ごまだしうどん,JP,44,kyushu_okinawa,佐伯市,32.96,131.9,japan,udon,regional,published,soup,小麦うどん,中太のゆでうどん,ゆで湯または薄いだし,ごまだし（焼いた魚|ごま|醤油等）,大分|佐伯|ごまだし|魚|ごま|保存食,焼いた魚、ごま、醤油などをすり合わせた保存調味料「ごまだし」を、ゆでうどんと湯に溶いて食べる佐伯市の料理。,漁業の町で魚を保存・活用する知恵から生まれたごまだしを、手軽なうどん汁として使う。,魚種、ごま、甘さ、濃さ、だしの有無は製造者と家庭で大きく異なる。,jp-style-udon-kake,src-jp-udon-saiki-gomadashi-1|src-jp-udon-saiki-gomadashi-2,reviewed,2026-08-10,白身魚|ごま|ねぎ,fish_paste|sesame|quick_soup|umami|coastal_food,小麦・ごま・大豆・魚を含む。,4.7,5.0,3.3,editorial_source_review_v1,udon-saiki-gomadashi
jp-yakisoba-hita,日田やきそば,,日田焼きそば,JP,44,kyushu_okinawa,日田市,33.321,130.941,japan,yakisoba,regional,published,fried,小麦麺,中太麺,,ソース,大分|日田|パリパリ|もやし|豚肉|鉄板,ゆでた麺を鉄板でしっかり焼き付け、表面のパリッとした部分ともっちりした部分を作る日田市の焼そば。,日田の食堂文化で独自の焼き方が定着し、ご当地グルメとして紹介されている。,焼き付けの強さ、ソース、もやしの量、麺の太さは店で異なる。,jp-style-yakisoba-sauce,src-jp-yakisoba-hita-1|src-jp-yakisoba-hita-2,reviewed,2026-08-10,豚肉|もやし|ねぎ,crispy_noodle|bean_sprouts|pork|strong_roast|pressed_on_griddle,小麦・大豆・豚肉を含む。,4.2,4.5,2.3,editorial_source_review_v1,yakisoba-hita
jp-udon-miyazaki-kamaage,宮崎釜揚げうどん,,,JP,45,kyushu_okinawa,宮崎市,31.907,131.42,japan,udon,regional,published,dipping,小麦粉|食塩|水,細め〜中細のやわらかな麺,いりこ|かつお節|昆布等,醤油|みりん,宮崎|釜揚げ|やわらかい|つけ汁|夜食,ゆでたてのやわらかな麺をゆで湯ごと器へ盛り、温かいつけ汁で食べる宮崎市のうどん文化。,市内の専門店や飲酒後の締めの食として親しまれ、宮崎のうどん文化を代表する形式の一つになった。,麺の細さ、やわらかさ、つけ汁の甘さ、薬味や柑橘は店で異なる。,jp-style-udon-kamaage,src-jp-udon-miyazaki-kamaage-1|src-jp-udon-miyazaki-kamaage-2,reviewed,2026-08-10,ねぎ|天かす|しょうが|柑橘等,kamaage|soft|hot_noodle_water|dipping|night_food,小麦・大豆・魚介を含む。天かすは卵等を含む場合がある。,4.2,3.8,1.5,editorial_source_review_v1,udon-miyazaki-kamaage
jp-style-ramen-shoyu,醤油ラーメン,,,JP,,,,,,japan,ramen,standard,published,soup,小麦粉|かんすい|食塩|卵（製品による）,細麺から太麺、直線から縮れまで幅広い中華麺,鶏|豚|魚介|昆布|野菜（店による）,醤油だれ,醤油|中華そば|しょうゆラーメン|定番ラーメン,醤油だれを味の軸に据えたラーメン。澄んだ鶏・魚介系から濃厚な動物系まで幅があり、日本で最も広く見られる基本スタイルの一つ。,中国由来の麺料理へ日本の醤油文化が取り込まれて発達した。ご当地ラーメンにも醤油を主軸にする例が多く、特定地域に限定しない定番スタイルとして扱う。,醤油の種類、色、甘さ、香り、だし、油、麺、具材の幅が非常に大きい。淡麗な清湯から濃厚な豚骨醤油までを一つの代表値で完全には表せない。,,src-standard-ramen-dictionary|src-standard-chinese-noodle|src-standard-maff-hokkaido-ramen,reviewed,2026-08-10,チャーシュー|メンマ|ねぎ|なると|のり等,soy_sauce|soup|classic|broad_variation|animal_or_seafood|japanese_seasoning,小麦・大豆を含むことが多い。卵、豚肉、鶏肉、魚介、乳、ごま等は店舗ごとに異なる。,5.0,2.4,1.0,editorial_source_review_v1,ramen-shoyu
jp-style-ramen-shio,塩ラーメン,,,JP,,,,,,japan,ramen,standard,published,soup,小麦粉|かんすい|食塩|卵（製品による）,細めから中太を中心に、直線・縮れの両方がある中華麺,鶏|豚|魚介|昆布|貝|野菜（店による）,塩だれ,塩|しおラーメン|塩だれ|定番ラーメン,塩だれを味の軸にしたラーメン。透明感のある清湯が多い一方、鶏白湯や豚骨へ塩だれを合わせる例もある。,塩味の麺スープは中国料理にも見られ、日本では函館などのご当地ラーメンとともに定番化した。だしや香味油が直接感じられやすいスタイル。,塩そのものの種類よりも、鶏・魚介・貝・昆布などのだし、油、白湯か清湯かで印象が大きく変わる。,,src-standard-ramen-dictionary|src-standard-chinese-noodle|src-standard-maff-hokkaido-ramen,reviewed,2026-08-10,チャーシュー|メンマ|ねぎ|のり|麩等,salt_tare|soup|clear_broth_common|delicate|broad_variation,小麦を含むことが多い。卵、鶏・豚、魚介、貝、大豆、ごま等は店舗ごとに異なる。,4.8,2.5,1.2,editorial_source_review_v1,ramen-shio
jp-style-ramen-miso,味噌ラーメン,,,JP,,,,,,japan,ramen,standard,published,soup,小麦粉|かんすい|食塩|卵（製品による）,中太から太め、縮れ麺を含む中華麺,豚|鶏|魚介|野菜（店による）,味噌だれ|醤油・香辛料等の補助調味（店による）,味噌|みそラーメン|札幌味噌|定番ラーメン,味噌だれを主役にするラーメン。発酵由来の香りとコクがあり、炒め野菜や香味油を合わせた濃厚な構成が多い。,札幌で定番化した味噌ラーメンが全国へ広がり、現在は地域や店ごとに多様な味噌・スープ・香辛料が使われる。,赤・白・合わせ味噌、甘さ、辛味、スープ濃度、野菜炒め、油、にんにく、バター等の差が大きい。,,src-standard-ramen-dictionary|src-standard-maff-hokkaido-ramen|src-standard-chinese-noodle,reviewed,2026-08-10,チャーシュー|炒め野菜|もやし|ねぎ|コーン|バター等,miso|fermented|rich|vegetables_common|soup|warming,小麦・大豆を含むことが多い。卵、豚・鶏、魚介、乳、ごま等は店舗ごとに異なる。,4.8,3.1,1.3,editorial_source_review_v1,ramen-miso
jp-style-ramen-tonkotsu,豚骨ラーメン,,とんこつラーメン,JP,,,,,,japan,ramen,standard,published,soup,小麦粉|かんすい|食塩|卵（製品による）,細い直麺が代表的だが、中太麺を用いる地域・店もある,豚骨,塩だれまたは醤油だれ,豚骨|とんこつ|白濁|九州ラーメン|定番ラーメン,豚骨を長時間炊き、脂肪やゼラチン質を乳化させた白濁スープを軸にするラーメン。強い豚のうま味と細麺の組み合わせが代表的。,久留米を発祥地とする説明が広く知られ、九州各地で独自に発達した。現在は全国で濃度・香り・たれ・麺の異なる多様な豚骨ラーメンが提供される。,呼び戻し・取り切り、炊き時間、乳化、骨の部位、香り、塩・醤油だれ、麺の太さで大きく変わる。,,src-standard-ramen-dictionary|src-standard-kurume-tonkotsu|src-standard-chinese-noodle,reviewed,2026-08-10,チャーシュー|ねぎ|きくらげ|紅しょうが|ごま等,pork_bone|white_broth|emulsified|rich|animal_forward|thin_noodle_common,小麦・豚肉を含む。大豆、卵、ごま、魚介、乳等は店舗ごとに異なる。,4.8,3.8,2.0,editorial_source_review_v1,ramen-tonkotsu
jp-style-ramen-tori-paitan,鶏白湯ラーメン,,,JP,,,,,,japan,ramen,standard,published,soup,小麦粉|かんすい|食塩|卵（製品による）,中細から中太の中華麺が多い,鶏ガラ|丸鶏|鶏皮・もみじ等|野菜・魚介（店による）,塩だれまたは醤油だれ,鶏白湯|とりぱいたん|白湯|鶏そば|定番ラーメン,鶏を長時間炊き、脂肪とゼラチン質を乳化させた白濁スープを使うラーメン。クリーミーな口当たりと凝縮した鶏のうま味が特徴。,中華料理の白湯技法を基盤に、鶏を主体とした濃厚ラーメンとして広がった。塩・醤油・味噌、野菜ポタージュ、魚介との組み合わせもある。,鶏の部位、乳化度、粘度、野菜・魚介、たれ、香味油により、軽い泡系から非常に濃厚なタイプまで幅がある。,,src-standard-ramen-dictionary|src-standard-ryus-tori-paitan|src-standard-kofu-tori-paitan,reviewed,2026-08-10,鶏チャーシュー|ねぎ|玉ねぎ|水菜|メンマ等,chicken_paitan|white_broth|emulsified|creamy|animal_forward|rich,小麦・鶏肉を含む。卵、大豆、魚介、乳、ごま等は店舗ごとに異なる。,3.8,3.6,2.0,editorial_source_review_v1,ramen-tori-paitan
jp-style-ramen-niboshi,煮干しラーメン,,,JP,,,,,,japan,ramen,standard,published,soup,小麦粉|かんすい|食塩|卵（製品による）,細麺から太麺まで幅広い中華麺,いわし煮干し|焼き干し|あじ・あご等の干物|動物系（店による）,醤油だれ|塩だれ|味噌だれ（店による）,煮干し|にぼし|焼き干し|魚介ラーメン|定番ラーメン,煮干し・焼き干しをだしの主役にするラーメン。穏やかな和風だしから、苦味や香りまで前面に出す濃厚タイプまで幅がある。,煮干しはラーメンスープで広く用いられてきた魚介素材で、津軽などでは地域文化として強く発達した。,魚種、使用量、頭・内臓処理、抽出温度、動物系との混合、たれにより魚介感・苦味・濃厚さが大きく変わる。,,src-standard-ramen-dictionary|src-standard-aomori-niboshi|src-standard-chinese-noodle,reviewed,2026-08-10,チャーシュー|ねぎ|メンマ|のり|煮干し粉等,niboshi|dried_fish|seafood_forward|dashi_forward|soup|broad_variation,小麦・魚を含む。大豆、卵、豚・鶏、乳等は店舗ごとに異なる。,4.4,3.8,2.5,editorial_source_review_v1,ramen-niboshi
jp-style-ramen-tsukemen,つけ麺,,,JP,,,,,,japan,ramen,standard,published,dipping,小麦粉|かんすい|食塩|卵（製品による）,中太から極太、もちもち・強いコシを重視した中華麺が多い,鶏|豚|魚介|野菜等,醤油だれ|塩だれ|味噌だれ|酢・砂糖・唐辛子等（店による）,つけ麺|つけめん|特製もりそば|濃厚つけだれ|定番ラーメン,ゆでた中華麺と濃いめのつけ汁を別々に供し、麺をつけて食べるスタイル。冷水で締めた太麺と、酸味・甘味・辛味を含む強いつけ汁が代表的。,特製もりそばなどを源流に発達し、現代では極太麺、濃厚な動物魚介、魚粉を使うタイプを含め独立した一大様式となった。,麺の温冷、太さ、つけ汁の濃度、酸味・甘味・辛味、動物魚介、清湯・白湯、スープ割りまで幅が大きい。,,src-standard-ramen-dictionary|src-standard-ganja-tsukemen|src-standard-ganja-history,reviewed,2026-08-10,チャーシュー|メンマ|ねぎ|魚粉|のり等,dipping|separate_soup|thick_noodle_common|strong_tare|cold_noodle_common|noodle_forward,小麦を含む。大豆、卵、豚・鶏、魚介、ごま、乳等は店舗ごとに異なる。,3.9,4.2,1.8,editorial_source_review_v1,ramen-tsukemen
jp-style-ramen-aburasoba-mazesoba,油そば・まぜそば,,油そば|まぜそば|汁なしラーメン,JP,,,,,,japan,ramen,standard,published,sauce,小麦粉|かんすい|食塩|卵（製品による）,中太から極太の中華麺が多い,少量のスープ・だしを使う場合がある,醤油だれ|香味油|酢|辣油|肉味噌等（店による）,油そば|まぜそば|汁なし|台湾まぜそば|定番ラーメン,丼の底のたれと香味油を麺へ絡めて食べる、スープをほとんど持たない中華麺スタイル。油そばから肉味噌・香辛料を強く使うまぜそばまで含む。,油そばとして発達した汁なし麺の系譜に、台湾まぜそばなど具材・辛味・にんにくを強めた派生が加わり、定番化した。,油の量、醤油だれ、酢・辣油、肉味噌、卵黄、魚粉、にんにく、辛味、追い飯など非常に幅が大きい。,,src-standard-ramen-dictionary|src-standard-chinese-noodle|src-standard-nagoya-taiwan-maze,reviewed,2026-08-10,チャーシューまたはひき肉|ねぎ|のり|メンマ|卵黄|にんにく等,brothless|mixed_noodle|oil_tare|strong_sauce|thick_noodle_common|customizable,小麦・大豆を含むことが多い。卵、豚肉、魚介、ごま、乳、にんにく等は店舗ごとに異なる。,3.6,4.1,2.2,editorial_source_review_v1,ramen-aburasoba-mazesoba
jp-style-udon-kake,かけうどん,,,JP,,,,,,japan,udon,standard,published,soup,小麦粉|食塩|水,中太から太めのうどん,いりこ|かつお節|昆布|さば節等,醤油|塩|みりん,かけうどん|温うどん|だし|定番うどん,ゆでたうどんへ温かいだしつゆをたっぷりかける、最も基本的なうどんスタイルの一つ。,地域ごとにいりこ、かつお、昆布、醤油の組み合わせが異なり、麺とだしの違いを素直に比べやすい。,麺の太さ・硬さ、つゆの色・甘さ・塩味、だし、薬味、温度は地域・店で大きく異なる。,,src-standard-udon-general|src-standard-kagawa-mainmenu,reviewed,2026-08-10,ねぎ|天かす|しょうが|かまぼこ等,hot_soup|dashi_forward|simple|classic|udon,小麦・大豆・魚介を含むことが多い。卵、練り物、ごま等は店舗ごとに異なる。,5.0,2.0,0.8,editorial_source_review_v1,udon-kake
jp-style-udon-bukkake,ぶっかけうどん,,,JP,,,,,,japan,udon,standard,published,sauce,小麦粉|食塩|水,中太から太め、冷水で締めて強いコシを出すことが多い,濃いめのだし,醤油|みりん|塩,ぶっかけうどん|濃いだし|大根おろし|定番うどん,冷水で締めた麺などへ、濃いめのつけだしを直接かけ、薬味と混ぜて食べるうどん。温かい形もある。,つけ汁を別添えにするざるうどんとは異なり、少量の濃いだしを麺へ直接かける提供形式として定着した。,温冷、だしの濃さ、醤油、甘さ、大根おろし、柑橘、天ぷら等の具は店で異なる。,,src-standard-udon-general|src-standard-kagawa-mainmenu|src-standard-bukkake-recipe,reviewed,2026-08-10,ねぎ|大根おろし|しょうが|すだち・レモン|天かす等,concentrated_dashi|poured_sauce|cold_or_hot|firm_noodle|mixed,小麦・大豆・魚介を含むことが多い。天ぷら、卵、ごま等は店舗ごとに異なる。,4.4,3.0,1.0,editorial_source_review_v1,udon-bukkake
jp-style-udon-kamaage,釜揚げうどん,,釜あげうどん,JP,,,,,,japan,udon,standard,published,dipping,小麦粉|食塩|水,ゆで上げ後に水で締めない、ふんわりしたうどん,つけだし,醤油|みりん|塩,釜揚げうどん|釜あげ|ゆで湯|つけだし|定番うどん,ゆで上がったうどんを水で締めず、ゆで湯とともに器へ移し、温かいつけだしで食べるスタイル。,冷水で締めないため、表面がやわらかく、ゆでたての小麦の香りとふんわりした食感を味わいやすい。,麺の太さ、ゆで加減、ゆで湯量、つけだしの甘さとだし、薬味は店で異なる。,,src-standard-udon-general|src-standard-kagawa-mainmenu,reviewed,2026-08-10,ねぎ|しょうが|ごま等,hot_noodle_water|not_rinsed|dipping|soft|wheat_aroma,小麦・大豆・魚介を含むことが多い。ごま等は店舗ごとに異なる。,4.8,3.4,0.9,editorial_source_review_v1,udon-kamaage
jp-style-udon-zaru,ざるうどん,,,JP,,,,,,japan,udon,standard,published,dipping,小麦粉|食塩|水,ゆで後に冷水で締め、ざる等へ盛るうどん,濃いめのつけだし,醤油|みりん|塩,ざるうどん|冷たいうどん|つけ汁|定番うどん,ゆでたうどんを冷水で締め、ざるなどへ盛り、別添えの濃いめのつゆにつけて食べるスタイル。,冷水で締めることで、コシ、弾力、なめらかさを直接楽しみやすい。薬味はねぎ、しょうが、ごま等が一般的。,麺の硬さ・太さ、つけだしの甘さ、のり、薬味、天ぷら等は店で異なる。,,src-standard-udon-general|src-standard-kagawa-mainmenu,reviewed,2026-08-10,ねぎ|しょうが|ごま|のり等,cold|rinsed|dipping|firm_noodle|smooth,小麦・大豆・魚介を含むことが多い。ごま、のり、天ぷら等は店舗ごとに異なる。,4.8,2.8,0.8,editorial_source_review_v1,udon-zaru
jp-style-udon-curry,カレーうどん,,,JP,,,,,,japan,udon,standard,published,soup,小麦粉|食塩|水,中太から太めのうどん,和風だし|肉・野菜のうま味,カレー粉・カレールウ|醤油|みりん|塩,カレーうどん|カレー南蛮|和風カレー|定番うどん,和風だしとカレーを合わせ、とろみのある汁へうどんを入れる定番スタイル。肉、玉ねぎ、ねぎなどを使う形が多い。,明治以降のカレー普及と麺文化が結び付き、そば店・うどん店で発達した。だしを感じる和風からカレーソースに近い濃厚型まで幅がある。,カレー粉・ルウ、だし、とろみ、辛さ、肉、乳製品、トマト等で味が大きく変わる。,,src-standard-udon-general|src-standard-curry-udon-history|src-standard-curry-udon-recipe,reviewed,2026-08-10,豚肉・牛肉・鶏肉|玉ねぎ|ねぎ|油揚げ等,curry|spiced|dashi_curry|thick_soup|warming|rich,小麦・大豆を含むことが多い。肉、魚介だし、乳、卵、りんご、落花生等はルウと店舗で異なる。,4.3,3.7,1.2,editorial_source_review_v1,udon-curry
jp-style-soba-kake,かけそば,,,JP,,,,,,japan,soba,standard,published,soup,そば粉|小麦粉（配合は製品・店による）,細めから中太のそば,かつお節|昆布|さば節等,醤油|みりん|砂糖|塩,かけそば|温そば|そばつゆ|定番そば,ゆでたそばへ温かいだしつゆをかける、代表的な温そばの基本スタイル。,つゆにつけて食べるそばに対し、丼へ温かいつゆをかける食べ方として定着した。具を加える多くの温そばの土台になる。,そば粉比率、麺の太さ、つゆの濃さ・甘さ、だし、薬味は地域と店で異なる。,,src-standard-soba-general|src-standard-tempura-soba,reviewed,2026-08-10,ねぎ|七味|かまぼこ等,hot_soup|dashi_forward|classic|simple|soba,そば・小麦・大豆・魚介を含むことが多い。練り物等は店舗ごとに異なる。,5.0,2.0,0.7,editorial_source_review_v1,soba-kake
jp-style-soba-mori-zaru,もり・ざるそば,,もりそば|ざるそば|せいろそば,JP,,,,,,japan,soba,standard,published,dipping,そば粉|小麦粉（配合は製品・店による）,冷水で締めた細めから中太のそば,濃いめのそばつゆ,醤油|みりん|砂糖,もりそば|ざるそば|せいろ|冷たいそば|定番そば,冷水で締めたそばを器へ盛り、濃いめのつゆへつけて食べるスタイル。もり、ざる、せいろの区別は時代・店によって異なる。,温かいつゆをかけるかけそばと区別するため、つけて食べるそばをもりそばと呼ぶようになったと説明される。現代は海苔の有無などでざると分ける例もあるが統一規則ではない。,のり、器、つゆの甘さ・濃さ、そば粉比率、わさび、そば湯など店ごとの差がある。,,src-standard-soba-general|src-standard-mori-soba|src-standard-zaru-soba,reviewed,2026-08-10,ねぎ|わさび|のり（ざるで用いる場合）,cold|dipping|rinsed|noodle_aroma|classic|mori_zaru,そば・小麦・大豆・魚介を含むことが多い。のり、わさび等も確認が必要。,5.0,2.5,0.7,editorial_source_review_v1,soba-mori-zaru
jp-style-soba-tempura,天ぷらそば,,,JP,,,,,,japan,soba,standard,published,soup,そば粉|小麦粉（配合は製品・店による）,細めから中太のそば,かつお節|昆布|さば節等,醤油|みりん|砂糖|塩,天ぷらそば|天そば|えび天|定番そば,かけそば、または冷たいそばへ天ぷらを組み合わせる定番スタイル。温かいそばにえび天をのせる形がよく知られる。,だしつゆとそばに、揚げ物の油、香ばしさ、具材のうま味を加える派生として定着した。,温冷、えび・魚・野菜、衣、別添え・のせる形、つゆへの油の移り方は店で異なる。,,src-standard-soba-general|src-standard-tempura-soba,reviewed,2026-08-10,えび・魚・野菜等の天ぷら|ねぎ|七味,tempura|hot_soup_common|fried_topping|dashi|rich,そば・小麦・大豆・魚介を含むことが多い。えび、卵、乳等は天ぷらと衣で異なる。,4.8,2.8,0.9,editorial_source_review_v1,soba-tempura
jp-style-soba-kamo-nanban,鴨南蛮そば,,,JP,,,,,,japan,soba,standard,published,soup,そば粉|小麦粉（配合は製品・店による）,細めから中太のそば,かつお節等の和風だし|鴨のうま味,醤油|みりん|砂糖|塩,鴨南蛮|鴨そば|長ねぎ|南蛮そば|定番そば,温かいそばつゆへ鴨肉と長ねぎを合わせる定番そば。鴨の脂とうま味、焼いたねぎの香ばしさがだしへ重なる。,南蛮そばの代表的な形として知られ、鴨肉とねぎを焼いて温かいつゆへ加える構成が広く定着している。,合鴨・鴨、肉の焼き方、ねぎ、甘さ、温そば・つけそば、鴨油の量は店で異なる。,,src-standard-soba-general|src-standard-kamo-nanban|src-standard-nanban-explainer,reviewed,2026-08-10,鴨肉|長ねぎ|三つ葉|七味等,duck|grilled_leek|hot_soup|animal_umami|dashi|nanban,そば・小麦・大豆・鴨肉・魚介を含むことが多い。,4.8,3.8,1.5,editorial_source_review_v1,soba-kamo-nanban
jp-style-yakisoba-sauce,ソース焼きそば,,,JP,,,,,,japan,yakisoba,standard,published,fried,小麦粉|かんすい|食塩,中太を中心とする蒸し中華麺,,ウスター系ソース|中濃ソース|醤油等,ソース焼きそば|焼そば|ウスターソース|定番焼きそば,蒸し中華麺を肉や野菜と炒め、ウスター系のソースで仕上げる、日本で広く親しまれる焼きそばの基本形。,中華麺を鉄板・フライパンで炒め、日本のソース文化と結び付いて定番化した。家庭、屋台、祭り、食堂で幅広く食べられる。,ソースの甘さ・酸味・香辛料、麺、油、肉、野菜、青のり、紅しょうが、焼き付けは店・家庭で異なる。,,src-standard-chinese-noodle|src-standard-sauce-yakisoba,reviewed,2026-08-10,豚肉|キャベツ|もやし|にんじん|青のり|紅しょうが等,worcestershire_sauce|fried|vegetables|pork_common|roasted|classic,小麦・大豆を含むことが多い。豚肉、魚介、りんご、乳、卵等はソースと具材で異なる。,4.7,2.3,0.8,editorial_source_review_v1,yakisoba-sauce
jp-style-yakisoba-salt,塩焼きそば,,,JP,,,,,,japan,yakisoba,standard,published,fried,小麦粉|かんすい|食塩,中太を中心とする蒸し中華麺,,塩|こしょう|白だし・鶏がら・レモン等（料理による）,塩焼きそば|塩味焼きそば|白だし焼きそば|定番焼きそば,濃色のソースを使わず、塩、こしょう、だし、鶏がら、にんにく等で仕上げる焼きそば。具材の味と香ばしさが伝わりやすい。,焼きそばの味付けの一類型として家庭・外食で定着し、肉、魚介、野菜、レモン、白だしなど幅広い組み合わせがある。,塩だけの軽い味から、鶏がら、白だし、魚介、にんにく、ごま油を強く使う形まで幅が大きい。,,src-standard-chinese-noodle|src-standard-salt-yakisoba,reviewed,2026-08-10,豚肉または魚介|キャベツ|ねぎ|もやし|にんにく等,salt_seasoning|fried|light_color|roasted|garlic_optional|seafood_or_meat,小麦を含む。大豆、豚・鶏、魚介、ごま、乳等は調味料と具材で異なる。,3.8,2.8,1.0,editorial_source_review_v1,yakisoba-salt
jp-style-yakisoba-ankake,あんかけ焼きそば,,五目あんかけ焼きそば,JP,,,,,,japan,yakisoba,standard,published,fried,小麦粉|かんすい|食塩,表面を焼き付けた蒸し中華麺または揚げ麺,鶏|豚|魚介|野菜のスープ,醤油|塩|オイスターソース|砂糖|ごま油等,あんかけ焼きそば|五目焼きそば|かた焼きそば|定番焼きそば,焼き付けた、または揚げた中華麺へ、肉・魚介・野菜を使うとろみのある熱いあんをかけるスタイル。,中華料理の炒麺・あんかけ麺として日本に定着し、柔らかな麺、香ばしく焼いた麺、揚げ麺など複数の形がある。,麺を焼く・揚げる、あんの色、塩・醤油、具材、酸味・辛子の追加で食感と味が大きく変わる。,,src-standard-chinese-noodle|src-standard-ankake-yakisoba,reviewed,2026-08-10,豚肉|えび・いか等の魚介|白菜・青菜|たけのこ|きくらげ等,starchy_sauce|fried_noodle|vegetables|seafood_or_meat|crispy_soft|rich_umami,小麦・大豆を含むことが多い。えび、いか、豚・鶏、卵、オイスターソース、ごま等は店舗ごとに異なる。,4.1,3.5,1.2,editorial_source_review_v1,yakisoba-ankake
jp-udon-toyohashi-curry,豊橋カレーうどん,,とよはしカレーうどん,JP,23,chubu,豊橋市,34.769,137.391,japan,udon,regional,published,soup,小麦粉|食塩|水,自家製のうどん。太さ、硬さ、食感は提供店によって異なる。,和風だし|カレー,カレー粉またはカレールウ|醤油|みりん|塩等,愛知|豊橋|カレーうどん|とろろごはん|うずら卵|二層構造,器の底からごはん、とろろ、カレーうどんの順に重ね、豊橋産うずら卵などを用いる豊橋市のご当地うどん。まずカレーうどんを食べ、最後に残ったカレーととろろごはんを合わせて味わう。,豊橋の自家製うどん文化を広く知ってもらうために考案され、2010年に誕生した。市や地域団体が示す提供ルールを共有しながら、店ごとのカレーや具材の違いを楽しむ。,五箇条の基本構成は共通するが、カレーの辛さ、だし、肉・野菜・揚げ物、麺の太さ、うずら卵の調理、盛り付けは提供店によって異なる。,jp-style-udon-curry,src-toyohashi-curry-city|src-toyohashi-curry-jpo,reviewed,2026-08-10,ごはん|とろろ|豊橋産うずら卵|福神漬け、壺漬け、または紅しょうが|店ごとの肉・野菜・揚げ物等,curry|dashi_curry|layered|rice_and_noodle|tororo|quail_egg|homemade_noodle|regional_rules|pickles|local_ingredients,小麦、卵、やまいもを含む。カレー、だし、肉、乳、大豆、魚介、揚げ物の共用油などは店舗ごとに異なるため、必ず提供店へ確認する。,3.1,5,3.4,editorial_source_review_v1,udon-toyohashi-curry
jp-style-ramen-tsukemen-rich-pork-seafood,濃厚魚介豚骨つけ麺,,濃厚魚介つけ麺|魚介豚骨つけ麺,JP,,,,,,japan,ramen,contemporary,published,dipping,小麦粉|かんすい|食塩,極太から太めで、もちもち感と強い噛みごたえを持つ中華麺,豚骨|鶏ガラ|煮干し|かつお節等,醤油だれ|魚粉,濃厚魚介つけ麺|魚介豚骨つけ麺|現代スタイル|つけ麺,極太麺を、豚骨・鶏などの動物系と煮干し・かつおなどの魚介系を重ねた濃厚なつけ汁で味わう現代的なつけ麺スタイル。,2000年代に「極太麺×濃厚つけダレ×魚粉」という構成が広く普及し、現代つけ麺の代表的な一類型になった。,動物系と魚介系の比率、粘度、甘味・酸味、魚粉、麺の太さ、スープ割りは店ごとの差が大きい。,jp-style-ramen-tsukemen,src-contemporary-rich-seafood-pork-tsukemen-1|src-contemporary-rich-seafood-pork-tsukemen-2,reviewed,2026-08-10,チャーシュー|メンマ|ねぎ|魚粉|のり等,rich|dipping|thick_noodle|firm_noodle|pork_bone|seafood_forward|noodle_forward|fish_powder,小麦・豚肉・鶏肉・魚・大豆を含むことが多い。卵、乳、ごま等は店舗ごとに異なる。,3.4,4.6,2.4,editorial_source_review_v1,ramen-tsukemen-rich-pork-seafood
jp-style-ramen-tsukemen-kombu-water,昆布水つけ麺,,昆布水のつけ麺,JP,,,,,,japan,ramen,contemporary,published,dipping,小麦粉|かんすい|食塩,中細から太めの麺を粘りのある昆布水へ浸し、麺そのものの香りと滑らかさを生かす,昆布水|鶏・豚・魚介等のつけ汁（店による）,塩|醤油|薬味等,昆布水のつけ麺|現代スタイル|つけ麺,昆布のうま味と粘りを含む水へ麺を浸し、麺をそのまま、塩や薬味、別添えのつけ汁と段階的に味わう現代的なつけ麺技法。,2000年代に生まれた昆布水のつけ麺は、麺の香り、昆布のうま味、つけ汁との変化を楽しむ技法として広く浸透した。,昆布の種類と濃度、麺、塩・薬味、つけ汁の動物・魚介構成、柑橘等は店ごとの差が大きい。,jp-style-ramen-tsukemen,src-contemporary-kombu-water-tsukemen-1|src-contemporary-kombu-water-tsukemen-2,reviewed,2026-08-10,昆布|薬味|チャーシュー|柑橘等（店による）,dipping|dashi_forward|noodle_forward|smooth|cold_noodle_common|kombu_water,小麦を含む。つけ汁は大豆、鶏・豚、魚介を含む場合があり、薬味や具材は店舗ごとに異なる。,3.4,4.6,2.4,editorial_source_review_v1,ramen-tsukemen-kombu-water
