id,richness_typical,richness_min,richness_max,oiliness_typical,oiliness_min,oiliness_max,saltiness_typical,saltiness_min,saltiness_max,sweetness_typical,sweetness_min,sweetness_max,sourness_typical,sourness_min,sourness_max,heat_typical,heat_min,heat_max,umami_typical,umami_min,umami_max,animalIntensity_typical,animalIntensity_min,animalIntensity_max,seafoodIntensity_typical,seafoodIntensity_min,seafoodIntensity_max,spiceIntensity_typical,spiceIntensity_min,spiceIntensity_max,herbalIntensity_typical,herbalIntensity_min,herbalIntensity_max,fermentation_typical,fermentation_min,fermentation_max,roastedAroma_typical,roastedAroma_min,roastedAroma_max,garlicIntensity_typical,garlicIntensity_min,garlicIntensity_max,dashiIntensity_typical,dashiIntensity_min,dashiIntensity_max,sauceIntensity_typical,sauceIntensity_min,sauceIntensity_max,noodleAroma_typical,noodleAroma_min,noodleAroma_max,noodle_thickness,noodle_width,noodle_firmness,noodle_elasticity,noodle_chewiness,noodle_smoothness,noodle_notes,noodle_provenance
jp-001,3.7,2.85,4.55,2.8,1.8,3.8,3.5,2.5,4.5,1.3,0.45,2.15,0.5,0,1.35,0.3,0,1.15,3.8,2.95,4.65,2.5,1.65,3.35,1.8,0.95,2.65,0.5,0,1.35,0.4,0,1.25,2.2,1.35,3.05,1,0.15,1.85,0.8,0,1.65,1.9,1.05,2.75,0.3,0,1.15,1.3,0.45,2.15,3.4,2.9,4.1,4,2.29,3,中太の縮れ麺,reviewed
jp-002,2.7,1.85,3.55,2.4,1.4,3.4,3.4,2.4,4.4,1.3,0.45,2.15,0.5,0,1.35,0.3,0,1.15,4.3,3.45,5,2.2,1.35,3.05,3.4,2.55,4.25,0.5,0,1.35,0.4,0,1.25,0.4,0,1.25,1.3,0.45,2.15,0.8,0,1.65,3.8,2.95,4.65,0.3,0,1.15,1.3,0.45,2.15,2.5,2.5,3.4,2.8,2.29,3.2,低加水の細め〜中細縮れ麺,reviewed
jp-003,1.4,0.55,2.25,1.4,0.4,2.4,3.3,2.3,4.3,1.3,0.45,2.15,0.5,0,1.35,0.3,0,1.15,3.4,2.55,4.25,2.2,1.35,3.05,2.2,1.35,3.05,0.5,0,1.35,0.4,0,1.25,0.4,0,1.25,1,0.15,1.85,0.8,0,1.65,2.1,1.25,2.95,0.3,0,1.15,1.3,0.45,2.15,2.4,2.4,3,2.8,2.29,3.2,縮れの少ない中細麺,reviewed
jp-004,1.9,1.05,2.75,1.7,0.7,2.7,3.2,2.2,4.2,1.3,0.45,2.15,0.5,0,1.35,0.3,0,1.15,3.6,2.75,4.45,2.5,1.65,3.35,1.8,0.95,2.65,0.5,0,1.35,0.4,0,1.25,0.4,0,1.25,1.3,0.45,2.15,0.8,0,1.65,1.9,1.05,2.75,0.3,0,1.15,1.3,0.45,2.15,1.7,2.6,3,2.7,2.29,3.7,,rule_inferred
jp-005,3.4,2.55,4.25,2.4,1.4,3.4,3,2,4,1.3,0.45,2.15,0.5,0,1.35,1.7,0.85,2.55,3.4,2.55,4.25,2.5,1.65,3.35,1.8,0.95,2.65,2.9,2.05,3.75,0.4,0,1.25,0.4,0,1.25,1.4,0.55,2.25,0.8,0,1.65,1.9,1.05,2.75,1.7,0.85,2.55,1.3,0.45,2.15,2.7,2.6,2.8,2.7,2.29,3.2,,default_placeholder
jp-006,2.7,1.85,3.55,2.4,1.4,3.4,3,2,4,1.3,0.45,2.15,0.5,0,1.35,0.3,0,1.15,3.4,2.55,4.25,2.5,1.65,3.35,1.8,0.95,2.65,0.5,0,1.35,0.4,0,1.25,0.4,0,1.25,1,0.15,1.85,0.8,0,1.65,1.9,1.05,2.75,0.3,0,1.15,1.3,0.45,2.15,2.7,2.6,2.8,2.7,2.29,3.2,,default_placeholder
jp-007,3.2,2.35,4.05,3.2,2.2,4.2,3,2,4,1.3,0.45,2.15,0.5,0,1.35,0.3,0,1.15,3.4,2.55,4.25,2.5,1.65,3.35,1.8,0.95,2.65,0.5,0,1.35,0.4,0,1.25,0.4,0,1.25,1.4,0.55,2.25,0.8,0,1.65,1.9,1.05,2.75,0.3,0,1.15,1.3,0.45,2.15,2.7,2.6,2.8,2.7,2.29,3.2,,default_placeholder
jp-008,3.3,2.45,4.15,2.6,1.6,3.6,3,2,4,1.7,0.85,2.55,0.5,0,1.35,0.3,0,1.15,3.4,2.55,4.25,2.5,1.65,3.35,1.8,0.95,2.65,0.5,0,1.35,0.4,0,1.25,0.4,0,1.25,1,0.15,1.85,0.8,0,1.65,1.9,1.05,2.75,0.3,0,1.15,1.3,0.45,2.15,2.7,2.6,2.8,2.7,2.29,3.2,,default_placeholder
jp-009,2.7,1.85,3.55,2.4,1.4,3.4,3,2,4,1.5,0.65,2.35,0.5,0,1.35,0.3,0,1.15,4.2,3.35,5,2.5,1.65,3.35,3.5,2.65,4.35,0.5,0,1.35,0.4,0,1.25,0.4,0,1.25,1,0.15,1.85,0.8,0,1.65,3.85,3,4.7,0.3,0,1.15,1.3,0.45,2.15,2.7,2.6,2.8,2.7,2.29,3.2,,default_placeholder
jp-010,3.5,2.65,4.35,3.1,2.1,4.1,3,2,4,1.3,0.45,2.15,0.5,0,1.35,0.3,0,1.15,3.9,3.05,4.75,3.4,2.55,4.25,1.8,0.95,2.65,0.5,0,1.35,0.4,0,1.25,0.4,0,1.25,1,0.15,1.85,0.8,0,1.65,1.9,1.05,2.75,0.3,0,1.15,1.3,0.45,2.15,2.7,2.6,2.8,2.7,2.29,3.2,,default_placeholder
jp-011,2.7,1.85,3.55,2.4,1.4,3.4,3,2,4,1.3,0.45,2.15,0.5,0,1.35,0.3,0,1.15,3.4,2.55,4.25,2.5,1.65,3.35,1.8,0.95,2.65,0.5,0,1.35,0.4,0,1.25,0.4,0,1.25,1,0.15,1.85,0.8,0,1.65,1.9,1.05,2.75,0.3,0,1.15,1.3,0.45,2.15,2.7,2.6,2.8,2.7,2.29,3.2,,default_placeholder
jp-012,2.7,1.85,3.55,2.4,1.4,3.4,3,2,4,1.3,0.45,2.15,0.5,0,1.35,0.3,0,1.15,3.4,2.55,4.25,2.5,1.65,3.35,1.8,0.95,2.65,0.5,0,1.35,0.4,0,1.25,0.4,0,1.25,1,0.15,1.85,0.8,0,1.65,1.9,1.05,2.75,0.3,0,1.15,1.3,0.45,2.15,2.7,2.6,2.8,2.7,2.29,3.2,,default_placeholder
jp-013,2.7,1.85,3.55,2.4,1.4,3.4,3,2,4,1.3,0.45,2.15,0.5,0,1.35,0.3,0,1.15,3.4,2.55,4.25,2.5,1.65,3.35,1.8,0.95,2.65,0.5,0,1.35,0.4,0,1.25,0.4,0,1.25,1,0.15,1.85,0.8,0,1.65,1.9,1.05,2.75,0.3,0,1.15,1.3,0.45,2.15,2.7,2.6,2.8,2.7,2.29,3.2,,default_placeholder
jp-014,2.7,1.85,3.55,2.4,1.4,3.4,3,2,4,1.3,0.45,2.15,0.5,0,1.35,0.3,0,1.15,3.4,2.55,4.25,2.5,1.65,3.35,1.8,0.95,2.65,0.5,0,1.35,0.4,0,1.25,0.4,0,1.25,1,0.15,1.85,0.8,0,1.65,1.9,1.05,2.75,0.3,0,1.15,1.3,0.45,2.15,2.7,2.6,2.8,2.7,2.29,3.2,,default_placeholder
jp-015,5,4.15,5,3,2,4,3.5,2.5,4.5,1.7,0.85,2.55,0.5,0,1.35,1.7,0.85,2.55,3.8,2.95,4.65,2.5,1.65,3.35,1.8,0.95,2.65,2.9,2.05,3.75,0.4,0,1.25,2.2,1.35,3.05,1.4,0.55,2.25,0.8,0,1.65,1.9,1.05,2.75,1.7,0.85,2.55,1.3,0.45,2.15,2.7,2.6,2.8,2.7,2.29,3.2,,default_placeholder
jp-016,3.9,3.05,4.75,2.9,1.9,3.9,3.2,2.2,4.2,1.3,0.45,2.15,0.5,0,1.35,0.3,0,1.15,4.7,3.85,5,2.5,1.65,3.35,3.8,2.95,4.65,0.5,0,1.35,0.4,0,1.25,0.4,0,1.25,1.2,0.35,2.05,0.8,0,1.65,4,3.15,4.85,0.3,0,1.15,1.3,0.45,2.15,2.7,2.6,2.8,2.7,2.29,3.2,,default_placeholder
jp-017,2.7,1.85,3.55,2.4,1.4,3.4,3,2,4,1.5,0.65,2.35,0.5,0,1.35,0.3,0,1.15,4.2,3.35,5,2.5,1.65,3.35,3.5,2.65,4.35,0.5,0,1.35,0.4,0,1.25,0.4,0,1.25,1,0.15,1.85,0.8,0,1.65,3.85,3,4.7,0.3,0,1.15,1.3,0.45,2.15,2.7,2.6,2.8,2.7,2.29,3.2,,default_placeholder
jp-018,2.7,1.85,3.55,2.4,1.4,3.4,3,2,4,1.3,0.45,2.15,0.5,0,1.35,0.3,0,1.15,3.4,2.55,4.25,2.5,1.65,3.35,1.8,0.95,2.65,0.5,0,1.35,0.4,0,1.25,0.4,0,1.25,1,0.15,1.85,0.8,0,1.65,1.9,1.05,2.75,0.3,0,1.15,1.3,0.45,2.15,2.7,2.6,2.8,2.7,2.29,3.2,,default_placeholder
jp-019,2.7,1.85,3.55,2.4,1.4,3.4,3,2,4,1.3,0.45,2.15,0.5,0,1.35,0.3,0,1.15,3.4,2.55,4.25,2.5,1.65,3.35,1.8,0.95,2.65,0.5,0,1.35,0.4,0,1.25,0.4,0,1.25,1,0.15,1.85,0.8,0,1.65,1.9,1.05,2.75,0.3,0,1.15,1.3,0.45,2.15,2.7,2.6,2.8,2.7,2.29,3.2,,default_placeholder
jp-020,2.7,1.85,3.55,2.4,1.4,3.4,3,2,4,1.3,0.45,2.15,0.5,0,1.35,0.3,0,1.15,3.4,2.55,4.25,2.5,1.65,3.35,1.8,0.95,2.65,0.5,0,1.35,0.4,0,1.25,0.4,0,1.25,1,0.15,1.85,0.8,0,1.65,1.9,1.05,2.75,0.3,0,1.15,1.3,0.45,2.15,2.7,2.6,2.8,2.7,2.29,3.2,,default_placeholder
jp-021,2.7,1.85,3.55,2.4,1.4,3.4,3,2,4,1.3,0.45,2.15,0.5,0,1.35,0.3,0,1.15,3.4,2.55,4.25,2.5,1.65,3.35,1.8,0.95,2.65,0.5,0,1.35,0.4,0,1.25,0.4,0,1.25,1,0.15,1.85,0.8,0,1.65,1.9,1.05,2.75,0.3,0,1.15,1.3,0.45,2.15,2.7,2.6,2.8,2.7,2.29,3.2,,default_placeholder
jp-022,2.7,1.85,3.55,2.4,1.4,3.4,3,2,4,1.3,0.45,2.15,0.5,0,1.35,0.3,0,1.15,3.4,2.55,4.25,2.5,1.65,3.35,1.8,0.95,2.65,0.5,0,1.35,0.4,0,1.25,0.4,0,1.25,1,0.15,1.85,0.8,0,1.65,1.9,1.05,2.75,0.3,0,1.15,1.3,0.45,2.15,2.7,2.6,2.8,2.7,2.29,3.2,,default_placeholder
jp-023,2.7,1.85,3.55,2.4,1.4,3.4,3,2,4,1.3,0.45,2.15,0.5,0,1.35,0.3,0,1.15,3.4,2.55,4.25,2.5,1.65,3.35,1.8,0.95,2.65,0.5,0,1.35,0.4,0,1.25,0.4,0,1.25,1,0.15,1.85,0.8,0,1.65,1.9,1.05,2.75,0.3,0,1.15,1.3,0.45,2.15,2.7,2.6,2.8,2.7,2.29,3.2,,default_placeholder
jp-024,2.7,1.85,3.55,2.4,1.4,3.4,3,2,4,1.3,0.45,2.15,0.5,0,1.35,0.3,0,1.15,3.4,2.55,4.25,2.5,1.65,3.35,1.8,0.95,2.65,0.5,0,1.35,0.4,0,1.25,0.4,0,1.25,1,0.15,1.85,0.8,0,1.65,1.9,1.05,2.75,0.3,0,1.15,1.3,0.45,2.15,2.7,2.6,2.8,2.7,2.29,3.2,,default_placeholder
jp-025,2.7,1.85,3.55,2.4,1.4,3.4,3,2,4,1.3,0.45,2.15,0.5,0,1.35,0.3,0,1.15,3.4,2.55,4.25,2.5,1.65,3.35,1.8,0.95,2.65,0.5,0,1.35,0.4,0,1.25,0.4,0,1.25,1,0.15,1.85,0.8,0,1.65,1.9,1.05,2.75,0.3,0,1.15,1.3,0.45,2.15,2.7,2.6,2.8,2.7,2.29,3.2,,default_placeholder
jp-026,2.2,1.35,3.05,1.8,0.8,2.8,3,2,4,1.3,0.45,2.15,1.3,0.45,2.15,0.3,0,1.15,3.4,2.55,4.25,2.5,1.65,3.35,1.8,0.95,2.65,0.5,0,1.35,0.6,0,1.45,0.4,0,1.25,1,0.15,1.85,0.8,0,1.65,1.9,1.05,2.75,0.3,0,1.15,1,0.15,1.85,2.7,2.6,3.8,4.2,4.77,4.3,,rule_inferred
jp-027,2.7,1.85,3.55,2.4,1.4,3.4,3,2,4,1.3,0.45,2.15,0.5,0,1.35,0.3,0,1.15,3.4,2.55,4.25,2.5,1.65,3.35,1.8,0.95,2.65,0.5,0,1.35,0.4,0,1.25,0.4,0,1.25,1,0.15,1.85,0.8,0,1.65,1.9,1.05,2.75,0.3,0,1.15,1.3,0.45,2.15,2.7,2.6,2.8,2.7,2.29,3.2,,default_placeholder
jp-028,2.7,1.85,3.55,2.4,1.4,3.4,3,2,4,1.3,0.45,2.15,0.5,0,1.35,0.3,0,1.15,3.4,2.55,4.25,2.5,1.65,3.35,1.8,0.95,2.65,0.5,0,1.35,0.4,0,1.25,0.4,0,1.25,1,0.15,1.85,0.8,0,1.65,1.9,1.05,2.75,0.3,0,1.15,1.3,0.45,2.15,2.7,2.6,2.8,2.7,2.29,3.2,,default_placeholder
jp-029,2.7,1.85,3.55,2.4,1.4,3.4,3,2,4,1.3,0.45,2.15,0.5,0,1.35,0.3,0,1.15,3.4,2.55,4.25,2.5,1.65,3.35,1.8,0.95,2.65,0.5,0,1.35,0.4,0,1.25,0.4,0,1.25,1,0.15,1.85,0.8,0,1.65,1.9,1.05,2.75,0.3,0,1.15,1.3,0.45,2.15,1.7,2.6,3,2.7,2.29,3.7,,rule_inferred
jp-030,3.5,2.65,4.35,3.4,2.4,4.4,3,2,4,1.3,0.45,2.15,0.5,0,1.35,0.3,0,1.15,3.6,2.75,4.45,2.5,1.65,3.35,1.8,0.95,2.65,0.5,0,1.35,0.4,0,1.25,0.4,0,1.25,1,0.15,1.85,0.8,0,1.65,1.9,1.05,2.75,0.3,0,1.15,1.3,0.45,2.15,2.7,2.6,2.8,2.7,2.29,3.2,,default_placeholder
jp-031,3.2,2.35,4.05,3.2,2.2,4.2,3,2,4,1.3,0.45,2.15,0.5,0,1.35,0.3,0,1.15,3.4,2.55,4.25,2.5,1.65,3.35,1.8,0.95,2.65,0.5,0,1.35,0.4,0,1.25,0.4,0,1.25,1.4,0.55,2.25,0.8,0,1.65,1.9,1.05,2.75,0.3,0,1.15,1.3,0.45,2.15,2.7,2.6,2.8,2.7,2.29,3.2,,default_placeholder
jp-032,4,3.15,4.85,2.8,1.8,3.8,3.5,2.5,4.5,1.3,0.45,2.15,0.5,0,1.35,3.1,2.25,3.95,3.8,2.95,4.65,2.5,1.65,3.35,1.8,0.95,2.65,2.5,1.65,3.35,0.4,0,1.25,2.2,1.35,3.05,1,0.15,1.85,1.3,0.45,2.15,1.9,1.05,2.75,0.3,0,1.15,1.3,0.45,2.15,2.7,2.6,2.8,2.7,2.29,3.2,,default_placeholder
jp-033,2.2,1.35,3.05,1.8,0.8,2.8,3,2,4,1.3,0.45,2.15,1.3,0.45,2.15,0.3,0,1.15,3.4,2.55,4.25,2.5,1.65,3.35,1.8,0.95,2.65,0.5,0,1.35,0.6,0,1.45,0.4,0,1.25,1,0.15,1.85,0.8,0,1.65,1.9,1.05,2.75,0.3,0,1.15,1.3,0.45,2.15,2.7,2.6,2.8,2.7,2.29,3.7,,default_placeholder
jp-034,2.7,1.85,3.55,2.4,1.4,3.4,3.4,2.4,4.4,1.3,0.45,2.15,0.5,0,1.35,0.3,0,1.15,4.3,3.45,5,2.2,1.35,3.05,3.4,2.55,4.25,0.5,0,1.35,0.4,0,1.25,0.4,0,1.25,1.3,0.45,2.15,0.8,0,1.65,3.8,2.95,4.65,0.3,0,1.15,1.3,0.45,2.15,2.7,2.6,2.8,2.7,2.29,3.2,,rule_inferred
jp-035,3.7,2.85,4.55,2.8,1.8,3.8,3.5,2.5,4.5,1.3,0.45,2.15,0.5,0,1.35,0.3,0,1.15,3.8,2.95,4.65,2.5,1.65,3.35,1.8,0.95,2.65,0.5,0,1.35,0.4,0,1.25,2.2,1.35,3.05,1,0.15,1.85,0.8,0,1.65,1.9,1.05,2.75,0.3,0,1.15,1.3,0.45,2.15,2.7,2.6,2.8,2.7,2.29,3.2,,default_placeholder
jp-036,3.5,2.65,4.35,3.1,2.1,4.1,3,2,4,1.3,0.45,2.15,0.5,0,1.35,0.3,0,1.15,3.9,3.05,4.75,3.4,2.55,4.25,1.8,0.95,2.65,0.5,0,1.35,0.4,0,1.25,0.4,0,1.25,1,0.15,1.85,0.8,0,1.65,1.9,1.05,2.75,0.3,0,1.15,1.3,0.45,2.15,2.7,2.6,2.8,2.7,2.29,3.2,,default_placeholder
jp-037,2.1,1.25,2.95,1.8,0.8,2.8,3,2,4,1.3,0.45,2.15,0.5,0,1.35,0.3,0,1.15,3.9,3.05,4.75,2.5,1.65,3.35,2.5,1.65,3.35,0.5,0,1.35,0.4,0,1.25,0.4,0,1.25,1,0.15,1.85,0.8,0,1.65,3.35,2.5,4.2,0.3,0,1.15,1.3,0.45,2.15,2.7,2.6,2.8,2.7,2.29,3.2,,default_placeholder
jp-038,2.7,1.85,3.55,2.4,1.4,3.4,3,2,4,1.3,0.45,2.15,0.5,0,1.35,0.3,0,1.15,4,3.15,4.85,2.5,1.65,3.35,3.2,2.35,4.05,0.5,0,1.35,0.4,0,1.25,0.4,0,1.25,1.4,0.55,2.25,0.8,0,1.65,3.7,2.85,4.55,0.3,0,1.15,1.3,0.45,2.15,2.7,2.6,2.8,2.7,2.29,3.2,,default_placeholder
jp-039,2.7,1.85,3.55,2.4,1.4,3.4,3,2,4,1.3,0.45,2.15,0.5,0,1.35,0.3,0,1.15,3.4,2.55,4.25,2.5,1.65,3.35,1.8,0.95,2.65,0.5,0,1.35,0.4,0,1.25,0.4,0,1.25,1,0.15,1.85,0.8,0,1.65,1.9,1.05,2.75,0.3,0,1.15,1.3,0.45,2.15,2.7,2.6,2.8,2.7,2.29,3.2,,default_placeholder
jp-040,1.9,1.05,2.75,1.7,0.7,2.7,3.2,2.2,4.2,1.3,0.45,2.15,0.5,0,1.35,0.3,0,1.15,3.6,2.75,4.45,2.5,1.65,3.35,1.8,0.95,2.65,0.5,0,1.35,0.4,0,1.25,0.4,0,1.25,1.3,0.45,2.15,0.8,0,1.65,1.9,1.05,2.75,0.3,0,1.15,1.3,0.45,2.15,2.1,2.3,3.3,4.1,2.29,3.7,多加水の細い手もみ縮れ麺,reviewed
jp-041,2.7,1.85,3.55,2.4,1.4,3.4,3,2,4,1.3,0.45,2.15,0.5,0,1.35,0.3,0,1.15,3.4,2.55,4.25,2.5,1.65,3.35,1.8,0.95,2.65,0.5,0,1.35,0.4,0,1.25,0.4,0,1.25,1,0.15,1.85,0.8,0,1.65,1.9,1.05,2.75,0.3,0,1.15,1.3,0.45,2.15,2.7,2.6,2.8,2.7,2.29,3.2,,default_placeholder
jp-042,2.7,1.85,3.55,2.4,1.4,3.4,3.4,2.4,4.4,1.3,0.45,2.15,0.5,0,1.35,0.3,0,1.15,3.6,2.75,4.45,2.5,1.65,3.35,1.8,0.95,2.65,0.5,0,1.35,0.4,0,1.25,0.4,0,1.25,1.3,0.45,2.15,0.8,0,1.65,1.9,1.05,2.75,0.3,0,1.15,1.3,0.45,2.15,3.8,4,3.6,4.4,2.63,3,太めの多加水平打ち縮れ麺,reviewed
jp-043,2.7,1.85,3.55,2.4,1.4,3.4,3.4,2.4,4.4,1.3,0.45,2.15,0.5,0,1.35,0.3,0,1.15,3.6,2.75,4.45,2.5,1.65,3.35,1.8,0.95,2.65,0.5,0,1.35,0.4,0,1.25,0.4,0,1.25,1.3,0.45,2.15,0.8,0,1.65,1.9,1.05,2.75,0.3,0,1.15,1.9,1.05,2.75,3.2,4.2,3.8,4.2,2.98,3.2,多加水の幅広い手打ち・手もみ縮れ麺,reviewed
jp-044,2.7,1.85,3.55,2.4,1.4,3.4,3,2,4,1.3,0.45,2.15,0.5,0,1.35,0.3,0,1.15,3.4,2.55,4.25,2.5,1.65,3.35,1.8,0.95,2.65,0.5,0,1.35,0.4,0,1.25,0.4,0,1.25,1,0.15,1.85,0.8,0,1.65,1.9,1.05,2.75,0.3,0,1.15,1.3,0.45,2.15,2.7,2.6,2.8,2.7,2.29,3.2,,default_placeholder
jp-045,4.2,3.35,5,3.7,2.7,4.7,3,2,4,1.3,0.45,2.15,0.5,0,1.35,0.3,0,1.15,4.1,3.25,4.95,4.5,3.65,5,1.8,0.95,2.65,0.5,0,1.35,0.4,0,1.25,0.4,0,1.25,1,0.15,1.85,1.2,0.35,2.05,1.9,1.05,2.75,0.3,0,1.15,1.3,0.45,2.15,2.7,2.6,2.8,2.7,2.29,3.2,,default_placeholder
jp-046,3.3,2.45,4.15,2.4,1.4,3.4,4.2,3.2,5,1.3,0.45,2.15,0.5,0,1.35,0.3,0,1.15,3.7,2.85,4.55,2.5,1.65,3.35,1.8,0.95,2.65,0.5,0,1.35,0.4,0,1.25,0.4,0,1.25,1.5,0.65,2.35,0.8,0,1.65,1.9,1.05,2.75,0.3,0,1.15,1.3,0.45,2.15,2.7,2.6,2.8,2.7,2.29,3.2,,default_placeholder
jp-047,3.7,2.85,4.55,2.8,1.8,3.8,3.5,2.5,4.5,1.3,0.45,2.15,0.5,0,1.35,0.3,0,1.15,3.8,2.95,4.65,2.5,1.65,3.35,1.8,0.95,2.65,0.5,0,1.35,0.4,0,1.25,2.2,1.35,3.05,1,0.15,1.85,0.8,0,1.65,1.9,1.05,2.75,0.3,0,1.15,1.3,0.45,2.15,2.7,2.6,2.8,2.7,2.29,3.2,,default_placeholder
jp-048,4.2,3.35,5,3.2,2.2,4.2,3,2,4,1.3,0.45,2.15,0.5,0,1.35,0.3,0,1.15,4.5,3.65,5,4.9,4.05,5,1.8,0.95,2.65,0.5,0,1.35,0.4,0,1.25,0.4,0,1.25,1,0.15,1.85,0.8,0,1.65,1.9,1.05,2.75,0.3,0,1.15,1.3,0.45,2.15,2.7,2.6,2.8,2.7,2.29,3.2,,default_placeholder
jp-049,2.7,1.85,3.55,2.4,1.4,3.4,3,2,4,1.3,0.45,2.15,0.5,0,1.35,0.3,0,1.15,3.4,2.55,4.25,2.5,1.65,3.35,1.8,0.95,2.65,0.5,0,1.35,0.4,0,1.25,0.4,0,1.25,1,0.15,1.85,0.8,0,1.65,1.9,1.05,2.75,0.3,0,1.15,1.3,0.45,2.15,2.7,2.6,2.8,2.7,2.29,3.2,,default_placeholder
jp-050,2.7,1.85,3.55,2.4,1.4,3.4,3,2,4,1.3,0.45,2.15,0.5,0,1.35,0.3,0,1.15,3.4,2.55,4.25,2.5,1.65,3.35,1.8,0.95,2.65,0.5,0,1.35,0.4,0,1.25,0.4,0,1.25,1,0.15,1.85,0.8,0,1.65,1.9,1.05,2.75,0.3,0,1.15,1.3,0.45,2.15,2.7,2.6,2.8,2.7,2.29,3.2,,default_placeholder
jp-051,2.7,1.85,3.55,2.4,1.4,3.4,3,2,4,1.3,0.45,2.15,0.5,0,1.35,0.3,0,1.15,3.4,2.55,4.25,2.5,1.65,3.35,1.8,0.95,2.65,0.5,0,1.35,0.4,0,1.25,0.4,0,1.25,1,0.15,1.85,0.8,0,1.65,1.9,1.05,2.75,0.3,0,1.15,1.3,0.45,2.15,2.7,2.6,2.8,2.7,2.29,3.2,,default_placeholder
jp-052,3.7,2.85,4.55,2.8,1.8,3.8,3.5,2.5,4.5,1.3,0.45,2.15,0.5,0,1.35,0.3,0,1.15,3.8,2.95,4.65,2.5,1.65,3.35,1.8,0.95,2.65,0.5,0,1.35,0.4,0,1.25,2.2,1.35,3.05,1,0.15,1.85,0.8,0,1.65,1.9,1.05,2.75,0.3,0,1.15,1.3,0.45,2.15,2.7,2.6,2.8,2.7,2.29,3.2,,default_placeholder
jp-053,2.7,1.85,3.55,2.4,1.4,3.4,3,2,4,1.3,0.45,2.15,0.5,0,1.35,0.3,0,1.15,3.4,2.55,4.25,2.5,1.65,3.35,1.8,0.95,2.65,0.5,0,1.35,0.4,0,1.25,0.4,0,1.25,1,0.15,1.85,0.8,0,1.65,1.9,1.05,2.75,0.3,0,1.15,1.9,1.05,2.75,3,4,2.8,3.8,2.98,3.2,青竹打ちの高加水平打ち麺,reviewed
jp-054,2.7,1.85,3.55,2.4,1.4,3.4,3,2,4,1.3,0.45,2.15,0.5,0,1.35,0.3,0,1.15,3.4,2.55,4.25,2.5,1.65,3.35,1.8,0.95,2.65,0.5,0,1.35,0.4,0,1.25,0.4,0,1.25,1,0.15,1.85,0.8,0,1.65,1.9,1.05,2.75,0.3,0,1.15,1.3,0.45,2.15,2.7,2.6,2.8,2.7,2.29,3.2,,default_placeholder
jp-055,3.1,2.25,3.95,3.2,2.2,4.2,3.3,2.3,4.3,1.3,0.45,2.15,0.5,0,1.35,0.3,0,1.15,3.4,2.55,4.25,2.5,1.65,3.35,1.8,0.95,2.65,0.5,0,1.35,0.4,0,1.25,0.4,0,1.25,1.8,0.95,2.65,0.8,0,1.65,1.9,1.05,2.75,2.9,2.05,3.75,1.3,0.45,2.15,2.7,2.6,2.8,2.7,2.29,3.2,,default_placeholder
jp-056,2.7,1.85,3.55,2.4,1.4,3.4,3,2,4,1.3,0.45,2.15,0.5,0,1.35,0.3,0,1.15,3.4,2.55,4.25,2.5,1.65,3.35,1.8,0.95,2.65,0.5,0,1.35,0.4,0,1.25,0.4,0,1.25,1,0.15,1.85,0.8,0,1.65,1.9,1.05,2.75,0.3,0,1.15,1.3,0.45,2.15,2.7,2.6,2.8,2.7,2.29,3.2,,default_placeholder
jp-057,2.7,1.85,3.55,2.4,1.4,3.4,3,2,4,1.3,0.45,2.15,0.5,0,1.35,0.3,0,1.15,3.4,2.55,4.25,2.5,1.65,3.35,1.8,0.95,2.65,0.5,0,1.35,0.4,0,1.25,0.4,0,1.25,1,0.15,1.85,0.8,0,1.65,1.9,1.05,2.75,0.3,0,1.15,1.9,1.05,2.75,2.5,2.6,2.8,3.5,2.98,3.3,,rule_inferred
jp-058,3.3,2.45,4.15,2.4,1.4,3.4,4.2,3.2,5,1.3,0.45,2.15,0.5,0,1.35,0.3,0,1.15,3.7,2.85,4.55,2.5,1.65,3.35,1.8,0.95,2.65,0.5,0,1.35,0.4,0,1.25,0.4,0,1.25,1.5,0.65,2.35,0.8,0,1.65,1.9,1.05,2.75,0.3,0,1.15,1.3,0.45,2.15,2.7,2.6,2.8,2.7,2.29,3.2,,default_placeholder
jp-059,2.9,2.05,3.75,2.3,1.3,3.3,3,2,4,1.6,0.75,2.45,0.5,0,1.35,3.1,2.25,3.95,3.8,2.95,4.65,2.5,1.65,3.35,1.8,0.95,2.65,2.5,1.65,3.35,0.6,0,1.45,0.4,0,1.25,1,0.15,1.85,1.3,0.45,2.15,1.9,1.05,2.75,0.3,0,1.15,1.3,0.45,2.15,2.7,2.6,2.8,2.7,2.29,3.2,,default_placeholder
jp-060,3.8,2.95,4.65,2.4,1.4,3.4,4.2,3.2,5,1.3,0.45,2.15,0.5,0,1.35,3.1,2.25,3.95,3.7,2.85,4.55,2.5,1.65,3.35,1.8,0.95,2.65,2.5,1.65,3.35,0.4,0,1.25,0.4,0,1.25,1.9,1.05,2.75,3.8,2.95,4.65,1.9,1.05,2.75,0.3,0,1.15,1.3,0.45,2.15,2.7,2.6,2.8,2.7,2.29,3.2,,default_placeholder
jp-061,2.9,2.05,3.75,2.4,1.4,3.4,3.5,2.5,4.5,1.8,0.95,2.65,0.9,0.05,1.75,0.3,0,1.15,3.4,2.55,4.25,2.5,1.65,3.35,1.8,0.95,2.65,0.5,0,1.35,0.4,0,1.25,0.4,0,1.25,1.4,0.55,2.25,0.8,0,1.65,1.9,1.05,2.75,1.7,0.85,2.55,1.3,0.45,2.15,2.7,2.6,2.8,2.7,2.29,3.2,,default_placeholder
jp-062,2.7,1.85,3.55,2.4,1.4,3.4,3,2,4,1.3,0.45,2.15,0.5,0,1.35,0.3,0,1.15,3.4,2.55,4.25,2.5,1.65,3.35,1.8,0.95,2.65,0.5,0,1.35,0.4,0,1.25,0.4,0,1.25,1,0.15,1.85,0.8,0,1.65,1.9,1.05,2.75,0.3,0,1.15,1.3,0.45,2.15,2.7,2.6,2.8,2.7,2.29,3.2,,default_placeholder
jp-063,3.3,2.45,4.15,2.6,1.6,3.6,3,2,4,1.7,0.85,2.55,0.5,0,1.35,0.3,0,1.15,3.4,2.55,4.25,2.5,1.65,3.35,1.8,0.95,2.65,0.5,0,1.35,0.4,0,1.25,0.4,0,1.25,1,0.15,1.85,0.8,0,1.65,1.9,1.05,2.75,0.3,0,1.15,1.3,0.45,2.15,2.7,2.6,2.8,2.7,2.29,3.2,,default_placeholder
jp-064,3.8,2.95,4.65,3.2,2.2,4.2,3.3,2.3,4.3,1.3,0.45,2.15,0.5,0,1.35,1.7,0.85,2.55,3.4,2.55,4.25,2.5,1.65,3.35,1.8,0.95,2.65,2.9,2.05,3.75,0.4,0,1.25,0.4,0,1.25,2.2,1.35,3.05,0.8,0,1.65,1.9,1.05,2.75,4.3,3.45,5,1.3,0.45,2.15,2.7,2.6,2.8,2.7,2.29,3.2,,default_placeholder
jp-065,2.7,1.85,3.55,2.4,1.4,3.4,3,2,4,1.3,0.45,2.15,0.5,0,1.35,0.3,0,1.15,3.4,2.55,4.25,2.5,1.65,3.35,1.8,0.95,2.65,0.5,0,1.35,0.4,0,1.25,0.4,0,1.25,1,0.15,1.85,0.8,0,1.65,1.9,1.05,2.75,0.3,0,1.15,1.3,0.45,2.15,2.7,2.6,2.8,2.7,2.29,3.2,,default_placeholder
jp-066,2.7,1.85,3.55,2.4,1.4,3.4,3,2,4,1.3,0.45,2.15,0.5,0,1.35,0.3,0,1.15,3.4,2.55,4.25,2.5,1.65,3.35,1.8,0.95,2.65,0.5,0,1.35,0.4,0,1.25,0.4,0,1.25,1,0.15,1.85,0.8,0,1.65,1.9,1.05,2.75,0.3,0,1.15,1.3,0.45,2.15,2.7,2.6,2.8,2.7,2.29,3.2,,default_placeholder
jp-067,4.1,3.25,4.95,2.8,1.8,3.8,3.5,2.5,4.5,1.8,0.95,2.65,0.5,0,1.35,0.3,0,1.15,3.8,2.95,4.65,2.5,1.65,3.35,1.8,0.95,2.65,0.5,0,1.35,0.6,0,1.45,4.4,3.55,5,1,0.15,1.85,0.8,0,1.65,1.9,1.05,2.75,0.3,0,1.15,1.3,0.45,2.15,2.7,2.6,2.8,2.7,2.29,3.2,,default_placeholder
jp-068,2.5,1.65,3.35,2.4,1.4,3.4,3,2,4,1.3,0.45,2.15,0.5,0,1.35,0.3,0,1.15,3.4,2.55,4.25,2.5,1.65,3.35,1.8,0.95,2.65,0.5,0,1.35,1.4,0.55,2.25,0.4,0,1.25,1.4,0.55,2.25,0.8,0,1.65,1.9,1.05,2.75,0.3,0,1.15,1.3,0.45,2.15,2.7,2.6,2.8,2.7,2.29,3.2,,default_placeholder
jp-069,2,1.15,2.85,1.8,0.8,2.8,3.4,2.4,4.4,1.3,0.45,2.15,0.5,0,1.35,0.3,0,1.15,3.6,2.75,4.45,2.2,1.35,3.05,2,1.15,2.85,0.5,0,1.35,0.4,0,1.25,0.4,0,1.25,1.3,0.45,2.15,0.8,0,1.65,2,1.15,2.85,0.3,0,1.15,1.3,0.45,2.15,2.7,2.6,3,3,2.29,3.2,中細〜中太の縮れまたはストレート麺,reviewed
jp-070,2.7,1.85,3.55,2.4,1.4,3.4,3.6,2.6,4.6,1.3,0.45,2.15,0.5,0,1.35,0.3,0,1.15,4.4,3.55,5,2.5,1.65,3.35,3.8,2.95,4.65,0.5,0,1.35,0.4,0,1.25,0.4,0,1.25,1.5,0.65,2.35,0.8,0,1.65,4,3.15,4.85,0.3,0,1.15,1.3,0.45,2.15,2.7,2.6,2.8,2.7,2.29,3.2,,default_placeholder
jp-071,3.4,2.55,4.25,3.4,2.4,4.4,3.5,2.5,4.5,1.3,0.45,2.15,0.7,0,1.55,0.3,0,1.15,3.4,2.55,4.25,2.5,1.65,3.35,1.8,0.95,2.65,0.5,0,1.35,0.4,0,1.25,0.4,0,1.25,1,0.15,1.85,0.8,0,1.65,1.9,1.05,2.75,1.9,1.05,2.75,1.3,0.45,2.15,2.7,2.6,2.8,2.7,2.29,3.2,,default_placeholder
jp-072,3.6,2.75,4.45,2.4,1.4,3.4,3.7,2.7,4.7,1.3,0.45,2.15,0.8,0,1.65,0.3,0,1.15,3.8,2.95,4.65,2.5,1.65,3.35,1.8,0.95,2.65,0.5,0,1.35,0.4,0,1.25,0.4,0,1.25,1,0.15,1.85,0.8,0,1.65,1.9,1.05,2.75,1.1,0.25,1.95,1.3,0.45,2.15,3.8,2.6,3.3,3.2,2.72,2.65,,rule_inferred
jp-073,2.7,1.85,3.55,2.4,1.4,3.4,3.4,2.4,4.4,1.3,0.45,2.15,0.5,0,1.35,0.3,0,1.15,3.6,2.75,4.45,2.5,1.65,3.35,1.8,0.95,2.65,0.5,0,1.35,0.4,0,1.25,0.4,0,1.25,1.3,0.45,2.15,0.8,0,1.65,1.9,1.05,2.75,0.3,0,1.15,1.3,0.45,2.15,2.7,2.6,2.8,2.7,2.29,3.2,,default_placeholder
jp-074,3.7,2.85,4.55,4.4,3.4,5,3,2,4,1.5,0.65,2.35,0.5,0,1.35,0.3,0,1.15,3.4,2.55,4.25,3,2.15,3.85,1.8,0.95,2.65,0.5,0,1.35,0.4,0,1.25,0.4,0,1.25,1,0.15,1.85,0.8,0,1.65,1.9,1.05,2.75,0.3,0,1.15,1.3,0.45,2.15,2.7,2.6,2.8,2.7,2.29,3.2,,default_placeholder
jp-075,4.2,3.35,5,3.7,2.7,4.7,3.8,2.8,4.8,1.3,0.45,2.15,0.5,0,1.35,0.3,0,1.15,3.4,2.55,4.25,4.3,3.45,5,1.8,0.95,2.65,0.5,0,1.35,0.4,0,1.25,0.4,0,1.25,1,0.15,1.85,1.3,0.45,2.15,1.9,1.05,2.75,0.3,0,1.15,1.3,0.45,2.15,3.8,3.5,4,3.6,2.29,2.7,コシのある太めのストレート麺,reviewed
jp-076,2.7,1.85,3.55,2.4,1.4,3.4,3,2,4,1.3,0.45,2.15,0.5,0,1.35,0.3,0,1.15,3.4,2.55,4.25,2.5,1.65,3.35,1.8,0.95,2.65,0.5,0,1.35,0.4,0,1.25,0.4,0,1.25,1,0.15,1.85,0.8,0,1.65,1.9,1.05,2.75,0.3,0,1.15,1.3,0.45,2.15,2.7,2.6,2.8,2.7,2.29,3.2,,default_placeholder
jp-077,2.9,2.05,3.75,2.3,1.3,3.3,3,2,4,1.6,0.75,2.45,0.5,0,1.35,3.1,2.25,3.95,3.8,2.95,4.65,2.5,1.65,3.35,1.8,0.95,2.65,2.5,1.65,3.35,0.6,0,1.45,0.4,0,1.25,1,0.15,1.85,1.3,0.45,2.15,1.9,1.05,2.75,0.3,0,1.15,1.3,0.45,2.15,2.7,2.6,2.8,2.7,2.29,3.2,,default_placeholder
jp-078,2.6,1.75,3.45,2.3,1.3,3.3,3,2,4,1.6,0.75,2.45,0.5,0,1.35,0.3,0,1.15,3.8,2.95,4.65,2.5,1.65,3.35,1.8,0.95,2.65,0.5,0,1.35,0.6,0,1.45,0.4,0,1.25,1,0.15,1.85,0.8,0,1.65,1.9,1.05,2.75,0.3,0,1.15,1.3,0.45,2.15,2.7,2.6,2.8,2.7,2.29,3.2,,default_placeholder
jp-079,2.7,1.85,3.55,2.4,1.4,3.4,3,2,4,1.3,0.45,2.15,0.5,0,1.35,0.3,0,1.15,3.4,2.55,4.25,2.5,1.65,3.35,1.8,0.95,2.65,0.5,0,1.35,0.4,0,1.25,0.4,0,1.25,1,0.15,1.85,0.8,0,1.65,1.9,1.05,2.75,0.3,0,1.15,1.3,0.45,2.15,2.7,2.6,2.8,2.7,2.29,3.2,,default_placeholder
jp-080,2.7,1.85,3.55,2.4,1.4,3.4,3,2,4,1.3,0.45,2.15,0.5,0,1.35,0.3,0,1.15,4,3.15,4.85,2.5,1.65,3.35,3.3,2.45,4.15,0.5,0,1.35,0.4,0,1.25,0.4,0,1.25,1,0.15,1.85,0.8,0,1.65,3.75,2.9,4.6,0.3,0,1.15,1.3,0.45,2.15,2.7,2.6,2.8,2.7,2.29,3.2,,default_placeholder
jp-081,3,2.15,3.85,2.4,1.4,3.4,3,2,4,1.3,0.45,2.15,0.5,0,1.35,3.1,2.25,3.95,3.4,2.55,4.25,2.5,1.65,3.35,1.8,0.95,2.65,2.5,1.65,3.35,0.4,0,1.25,0.4,0,1.25,1,0.15,1.85,1.3,0.45,2.15,1.9,1.05,2.75,0.3,0,1.15,1.3,0.45,2.15,2.7,2.6,2.8,2.7,2.29,3.2,,default_placeholder
jp-082,2,1.15,2.85,1.8,0.8,2.8,3,2,4,1.3,0.45,2.15,0.5,0,1.35,0.3,0,1.15,3.4,2.55,4.25,2.2,1.35,3.05,2,1.15,2.85,0.5,0,1.35,0.4,0,1.25,0.4,0,1.25,1,0.15,1.85,0.8,0,1.65,2,1.15,2.85,0.3,0,1.15,1.3,0.45,2.15,2.7,2.6,2.8,2.7,2.29,3.2,,default_placeholder
jp-083,2.9,2.05,3.75,2.4,1.4,3.4,3,2,4,1.3,0.45,2.15,0.5,0,1.35,0.3,0,1.15,3.4,2.55,4.25,2.5,1.65,3.35,1.8,0.95,2.65,0.5,0,1.35,0.4,0,1.25,0.4,0,1.25,1.4,0.55,2.25,3.3,2.45,4.15,1.9,1.05,2.75,0.3,0,1.15,1.3,0.45,2.15,2.7,2.6,2.8,2.7,2.29,3.2,,default_placeholder
jp-084,1.9,1.05,2.75,1.7,0.7,2.7,3.2,2.2,4.2,1.3,0.45,2.15,0.5,0,1.35,0.3,0,1.15,3.6,2.75,4.45,2.5,1.65,3.35,1.8,0.95,2.65,0.5,0,1.35,0.4,0,1.25,0.4,0,1.25,1.3,0.45,2.15,0.8,0,1.65,1.9,1.05,2.75,0.3,0,1.15,1.3,0.45,2.15,2.7,2.6,2.8,2.7,2.29,3.2,,default_placeholder
jp-085,4.9,4.05,5,3.3,2.3,4.3,3.5,2.5,4.5,1.3,0.45,2.15,0.5,0,1.35,0.3,0,1.15,4.3,3.45,5,2.5,1.65,3.35,1.8,0.95,2.65,0.5,0,1.35,0.4,0,1.25,2.2,1.35,3.05,1,0.15,1.85,0.8,0,1.65,1.9,1.05,2.75,0.3,0,1.15,1.3,0.45,2.15,2.7,2.6,2.8,2.7,2.29,3.2,,default_placeholder
jp-086,2.7,1.85,3.55,2.4,1.4,3.4,3.4,2.4,4.4,1.3,0.45,2.15,0.5,0,1.35,0.3,0,1.15,3.6,2.75,4.45,2.5,1.65,3.35,1.8,0.95,2.65,0.5,0,1.35,0.4,0,1.25,0.4,0,1.25,1.3,0.45,2.15,0.8,0,1.65,1.9,1.05,2.75,0.3,0,1.15,1.3,0.45,2.15,2.7,2.6,2.8,2.7,2.29,3.2,,default_placeholder
jp-087,3.7,2.85,4.55,4.4,3.4,5,3.6,2.6,4.6,1.5,0.65,2.35,0.5,0,1.35,0.3,0,1.15,4.4,3.55,5,3,2.15,3.85,3.8,2.95,4.65,0.5,0,1.35,0.4,0,1.25,0.4,0,1.25,1.5,0.65,2.35,0.8,0,1.65,4,3.15,4.85,0.3,0,1.15,1.3,0.45,2.15,3.7,2.6,2.8,2.7,2.29,2.7,,rule_inferred
jp-088,3.4,2.55,4.25,2.4,1.4,3.4,3,2,4,1.3,0.45,2.15,0.5,0,1.35,1.7,0.85,2.55,3.4,2.55,4.25,2.5,1.65,3.35,1.8,0.95,2.65,2.9,2.05,3.75,0.4,0,1.25,0.4,0,1.25,1.4,0.55,2.25,0.8,0,1.65,1.9,1.05,2.75,1.7,0.85,2.55,1.3,0.45,2.15,2.7,2.6,2.8,2.7,2.29,3.2,,default_placeholder
jp-089,2.7,1.85,3.55,2.4,1.4,3.4,3,2,4,1.3,0.45,2.15,0.5,0,1.35,0.3,0,1.15,3.4,2.55,4.25,2.5,1.65,3.35,1.8,0.95,2.65,0.5,0,1.35,0.4,0,1.25,0.4,0,1.25,1,0.15,1.85,0.8,0,1.65,1.9,1.05,2.75,0.3,0,1.15,1.3,0.45,2.15,2.7,2.6,2.8,2.7,2.29,3.2,,default_placeholder
jp-090,2.7,1.85,3.55,2.4,1.4,3.4,3,2,4,1.3,0.45,2.15,0.5,0,1.35,0.3,0,1.15,3.4,2.55,4.25,2.5,1.65,3.35,1.8,0.95,2.65,0.5,0,1.35,0.4,0,1.25,0.4,0,1.25,1,0.15,1.85,0.8,0,1.65,1.9,1.05,2.75,0.3,0,1.15,1.3,0.45,2.15,2.7,2.6,2.8,2.7,2.29,3.2,,default_placeholder
jp-091,2.7,1.85,3.55,2.4,1.4,3.4,3,2,4,1.3,0.45,2.15,0.5,0,1.35,0.3,0,1.15,3.4,2.55,4.25,2.5,1.65,3.35,1.8,0.95,2.65,0.5,0,1.35,0.4,0,1.25,0.4,0,1.25,1,0.15,1.85,0.8,0,1.65,1.9,1.05,2.75,0.3,0,1.15,1.3,0.45,2.15,2.7,2.6,2.8,2.7,2.29,3.2,,default_placeholder
jp-092,3.5,2.65,4.35,3.1,2.1,4.1,3,2,4,1.3,0.45,2.15,0.5,0,1.35,0.3,0,1.15,3.9,3.05,4.75,3.4,2.55,4.25,1.8,0.95,2.65,0.5,0,1.35,0.4,0,1.25,0.4,0,1.25,1,0.15,1.85,0.8,0,1.65,1.9,1.05,2.75,0.3,0,1.15,1.3,0.45,2.15,2.7,2.6,2.8,2.7,2.29,3.2,,default_placeholder
jp-093,2.2,1.35,3.05,1.8,0.8,2.8,3,2,4,1.3,0.45,2.15,1.3,0.45,2.15,0.3,0,1.15,3.4,2.55,4.25,2.5,1.65,3.35,1.8,0.95,2.65,0.5,0,1.35,0.6,0,1.45,0.4,0,1.25,1,0.15,1.85,0.8,0,1.65,1.9,1.05,2.75,0.3,0,1.15,1.3,0.45,2.15,2.7,2.6,2.8,2.7,2.29,3.7,,default_placeholder
jp-094,3.7,2.85,4.55,2.8,1.8,3.8,3.5,2.5,4.5,1.3,0.45,2.15,0.5,0,1.35,0.3,0,1.15,3.8,2.95,4.65,2.5,1.65,3.35,1.8,0.95,2.65,0.5,0,1.35,0.4,0,1.25,2.2,1.35,3.05,1,0.15,1.85,0.8,0,1.65,1.9,1.05,2.75,0.3,0,1.15,1.3,0.45,2.15,2.7,2.6,2.8,2.7,2.29,3.2,,default_placeholder
jp-095,3,2.15,3.85,2.4,1.4,3.4,3,2,4,1.3,0.45,2.15,0.5,0,1.35,3.1,2.25,3.95,3.4,2.55,4.25,2.5,1.65,3.35,1.8,0.95,2.65,2.5,1.65,3.35,0.4,0,1.25,0.4,0,1.25,1,0.15,1.85,1.3,0.45,2.15,1.9,1.05,2.75,0.3,0,1.15,1.3,0.45,2.15,2.7,2.6,2.8,2.7,2.29,3.2,,default_placeholder
jp-096,3.1,2.25,3.95,2.4,1.4,3.4,3,2,4,1.8,0.95,2.65,0.5,0,1.35,0.3,0,1.15,3.4,2.55,4.25,2.5,1.65,3.35,1.8,0.95,2.65,0.5,0,1.35,0.6,0,1.45,2.6,1.75,3.45,1,0.15,1.85,0.8,0,1.65,1.9,1.05,2.75,0.3,0,1.15,1.3,0.45,2.15,2.7,2.6,2.8,2.7,2.29,3.2,,default_placeholder
jp-097,3.3,2.45,4.15,2.4,1.4,3.4,4.2,3.2,5,1.3,0.45,2.15,0.5,0,1.35,0.3,0,1.15,3.7,2.85,4.55,2.5,1.65,3.35,1.8,0.95,2.65,0.5,0,1.35,0.4,0,1.25,0.4,0,1.25,1.5,0.65,2.35,0.8,0,1.65,1.9,1.05,2.75,0.3,0,1.15,1.3,0.45,2.15,2.7,2.6,2.8,2.7,2.29,3.2,,default_placeholder
jp-098,2.9,2.05,3.75,2.4,1.4,3.4,3,2,4,1.3,0.45,2.15,0.5,0,1.35,0.3,0,1.15,3.4,2.55,4.25,2.5,1.65,3.35,1.8,0.95,2.65,0.5,0,1.35,0.4,0,1.25,0.4,0,1.25,1,0.15,1.85,0.8,0,1.65,1.9,1.05,2.75,0.3,0,1.15,1.3,0.45,2.15,2.7,2.6,2.8,2.7,2.29,3.2,,default_placeholder
jp-099,2.9,2.05,3.75,2.4,1.4,3.4,3,2,4,1.3,0.45,2.15,0.5,0,1.35,0.3,0,1.15,3.4,2.55,4.25,2.5,1.65,3.35,1.8,0.95,2.65,0.5,0,1.35,0.4,0,1.25,0.4,0,1.25,1,0.15,1.85,0.8,0,1.65,1.9,1.05,2.75,0.3,0,1.15,1.3,0.45,2.15,2.7,2.6,2.8,2.7,2.29,3.2,,default_placeholder
jp-100,3.3,2.45,4.15,2.6,1.6,3.6,3,2,4,1.7,0.85,2.55,0.5,0,1.35,0.3,0,1.15,3.4,2.55,4.25,2.5,1.65,3.35,1.8,0.95,2.65,0.5,0,1.35,0.4,0,1.25,0.4,0,1.25,1,0.15,1.85,0.8,0,1.65,1.9,1.05,2.75,0.3,0,1.15,1.3,0.45,2.15,2.7,2.6,2.8,2.7,2.29,3.2,,default_placeholder
jp-101,2.7,1.85,3.55,2.4,1.4,3.4,3,2,4,1.3,0.45,2.15,0.5,0,1.35,0.3,0,1.15,3.4,2.55,4.25,2.5,1.65,3.35,1.8,0.95,2.65,0.5,0,1.35,0.4,0,1.25,0.4,0,1.25,1,0.15,1.85,0.8,0,1.65,1.9,1.05,2.75,0.3,0,1.15,1.3,0.45,2.15,2.7,2.6,2.8,2.7,2.29,3.2,,default_placeholder
jp-102,3.7,2.85,4.55,2.8,1.8,3.8,3.5,2.5,4.5,1.3,0.45,2.15,0.5,0,1.35,0.3,0,1.15,3.8,2.95,4.65,2.5,1.65,3.35,1.8,0.95,2.65,0.5,0,1.35,0.4,0,1.25,2.2,1.35,3.05,1,0.15,1.85,0.8,0,1.65,1.9,1.05,2.75,0.3,0,1.15,1.3,0.45,2.15,2.7,2.6,2.8,2.7,2.29,3.2,,default_placeholder
jp-103,2.7,1.85,3.55,2.4,1.4,3.4,3,2,4,1.3,0.45,2.15,0.5,0,1.35,0.3,0,1.15,3.4,2.55,4.25,2.5,1.65,3.35,1.8,0.95,2.65,0.5,0,1.35,0.4,0,1.25,0.4,0,1.25,1,0.15,1.85,0.8,0,1.65,1.9,1.05,2.75,0.3,0,1.15,1.3,0.45,2.15,2.7,2.6,2.8,2.7,2.29,3.2,,default_placeholder
jp-104,2.7,1.85,3.55,2.4,1.4,3.4,3,2,4,1.3,0.45,2.15,0.5,0,1.35,0.3,0,1.15,3.4,2.55,4.25,2.5,1.65,3.35,1.8,0.95,2.65,0.5,0,1.35,0.4,0,1.25,0.4,0,1.25,1,0.15,1.85,0.8,0,1.65,1.9,1.05,2.75,0.3,0,1.15,1.3,0.45,2.15,2.7,2.6,2.8,2.7,2.29,3.2,,default_placeholder
jp-105,2.6,1.75,3.45,2.3,1.3,3.3,3,2,4,1.6,0.75,2.45,0.5,0,1.35,0.3,0,1.15,3.8,2.95,4.65,2.5,1.65,3.35,1.8,0.95,2.65,0.5,0,1.35,0.6,0,1.45,0.4,0,1.25,1,0.15,1.85,0.8,0,1.65,1.9,1.05,2.75,0.3,0,1.15,1.3,0.45,2.15,3.1,4,2.8,3.1,2.63,3,,rule_inferred
jp-106,2.7,1.85,3.55,2.4,1.4,3.4,3,2,4,1.3,0.45,2.15,0.5,0,1.35,0.3,0,1.15,3.4,2.55,4.25,2.5,1.65,3.35,1.8,0.95,2.65,0.5,0,1.35,0.4,0,1.25,0.4,0,1.25,1,0.15,1.85,0.8,0,1.65,1.9,1.05,2.75,0.3,0,1.15,1.3,0.45,2.15,2.7,2.6,2.8,2.7,2.29,3.2,,default_placeholder
jp-107,2,1.15,2.85,1.8,0.8,2.8,3,2,4,1.3,0.45,2.15,0.5,0,1.35,0.3,0,1.15,3.4,2.55,4.25,2.2,1.35,3.05,2,1.15,2.85,0.5,0,1.35,0.4,0,1.25,0.4,0,1.25,1,0.15,1.85,0.8,0,1.65,2,1.15,2.85,0.3,0,1.15,1.3,0.45,2.15,2.7,2.6,2.8,2.7,2.29,3.2,,default_placeholder
jp-108,2.7,1.85,3.55,2.4,1.4,3.4,3,2,4,1.3,0.45,2.15,0.5,0,1.35,0.3,0,1.15,3.4,2.55,4.25,2.5,1.65,3.35,1.8,0.95,2.65,0.5,0,1.35,0.4,0,1.25,0.4,0,1.25,1,0.15,1.85,0.8,0,1.65,1.9,1.05,2.75,0.3,0,1.15,1.3,0.45,2.15,2.7,2.6,2.8,2.7,2.29,3.2,,default_placeholder
jp-109,2.7,1.85,3.55,2.4,1.4,3.4,3,2,4,1.3,0.45,2.15,0.5,0,1.35,0.3,0,1.15,3.4,2.55,4.25,2.5,1.65,3.35,1.8,0.95,2.65,0.5,0,1.35,0.4,0,1.25,0.4,0,1.25,1,0.15,1.85,0.8,0,1.65,1.9,1.05,2.75,0.3,0,1.15,1.3,0.45,2.15,2.7,2.6,2.8,2.7,2.29,3.2,,default_placeholder
jp-110,2.7,1.85,3.55,2.4,1.4,3.4,3,2,4,1.3,0.45,2.15,0.5,0,1.35,0.3,0,1.15,3.4,2.55,4.25,2.5,1.65,3.35,1.8,0.95,2.65,0.5,0,1.35,0.4,0,1.25,0.4,0,1.25,1,0.15,1.85,0.8,0,1.65,1.9,1.05,2.75,1.9,1.05,2.75,1.3,0.45,2.15,3.1,2.6,3.3,2.7,2.59,3,,rule_inferred
jp-111,3.7,2.85,4.55,2.8,1.8,3.8,3.5,2.5,4.5,1.3,0.45,2.15,0.5,0,1.35,0.3,0,1.15,3.8,2.95,4.65,2.5,1.65,3.35,1.8,0.95,2.65,0.5,0,1.35,0.4,0,1.25,2.2,1.35,3.05,1,0.15,1.85,0.8,0,1.65,1.9,1.05,2.75,0.3,0,1.15,1.3,0.45,2.15,2.7,2.6,2.8,2.7,2.29,3.2,,default_placeholder
jp-112,1.9,1.05,2.75,1.7,0.7,2.7,3.2,2.2,4.2,1.3,0.45,2.15,0.5,0,1.35,0.3,0,1.15,3.6,2.75,4.45,2.5,1.65,3.35,1.8,0.95,2.65,0.5,0,1.35,0.4,0,1.25,0.4,0,1.25,1.3,0.45,2.15,0.8,0,1.65,1.9,1.05,2.75,0.3,0,1.15,1.3,0.45,2.15,2,3.2,3.4,2.8,2.29,3.45,細い縮れ麺,reviewed
jp-113,2.7,1.85,3.55,2.4,1.4,3.4,3,2,4,1.3,0.45,2.15,0.5,0,1.35,0.3,0,1.15,3.4,2.55,4.25,2.5,1.65,3.35,1.8,0.95,2.65,0.5,0,1.35,0.4,0,1.25,0.4,0,1.25,1,0.15,1.85,0.8,0,1.65,1.9,1.05,2.75,0.3,0,1.15,1.3,0.45,2.15,2.7,2.6,2.8,2.7,2.29,3.2,,default_placeholder
jp-114,3.7,2.85,4.55,2.8,1.8,3.8,3.5,2.5,4.5,1.3,0.45,2.15,0.5,0,1.35,0.3,0,1.15,3.8,2.95,4.65,2.5,1.65,3.35,1.8,0.95,2.65,0.5,0,1.35,0.4,0,1.25,2.2,1.35,3.05,1,0.15,1.85,0.8,0,1.65,1.9,1.05,2.75,0.3,0,1.15,1.3,0.45,2.15,2.7,2.6,2.8,2.7,2.29,3.2,,default_placeholder
jp-115,4.2,3.35,5,3.1,2.1,4.1,3,2,4,1.3,0.45,2.15,0.5,0,1.35,1.7,0.85,2.55,3.9,3.05,4.75,3.4,2.55,4.25,1.8,0.95,2.65,2.9,2.05,3.75,0.4,0,1.25,0.4,0,1.25,1.4,0.55,2.25,0.8,0,1.65,1.9,1.05,2.75,1.7,0.85,2.55,1.3,0.45,2.15,2.7,2.6,2.8,2.7,2.29,3.2,,default_placeholder
jp-116,2.7,1.85,3.55,2.4,1.4,3.4,3,2,4,1.3,0.45,2.15,0.5,0,1.35,0.3,0,1.15,3.4,2.55,4.25,2.5,1.65,3.35,1.8,0.95,2.65,0.5,0,1.35,0.4,0,1.25,0.4,0,1.25,1,0.15,1.85,0.8,0,1.65,1.9,1.05,2.75,0.3,0,1.15,1.3,0.45,2.15,2.7,2.6,2.8,2.7,2.29,3.2,,default_placeholder
jp-117,2.8,1.95,3.65,2.4,1.4,3.4,3,2,4,1.7,0.85,2.55,1.5,0.65,2.35,0.3,0,1.15,3.6,2.75,4.45,2.5,1.65,3.35,1.8,0.95,2.65,0.5,0,1.35,0.4,0,1.25,0.4,0,1.25,1,0.15,1.85,0.8,0,1.65,1.9,1.05,2.75,0.3,0,1.15,1.3,0.45,2.15,2.7,2.6,2.8,2.7,2.29,3.2,,default_placeholder
jp-118,3.2,2.35,4.05,2.4,1.4,3.4,3,2,4,1.3,0.45,2.15,0.5,0,1.35,3.1,2.25,3.95,3.4,2.55,4.25,2.5,1.65,3.35,1.8,0.95,2.65,2.5,1.65,3.35,0.4,0,1.25,0.4,0,1.25,1.4,0.55,2.25,3.8,2.95,4.65,1.9,1.05,2.75,0.3,0,1.15,1.3,0.45,2.15,2.7,2.6,2.8,2.7,2.29,3.2,,default_placeholder
jp-119,3.9,3.05,4.75,3.4,2.4,4.4,3.5,2.5,4.5,1.3,0.45,2.15,0.7,0,1.55,3.1,2.25,3.95,3.4,2.55,4.25,2.5,1.65,3.35,1.8,0.95,2.65,2.5,1.65,3.35,0.4,0,1.25,0.4,0,1.25,1.4,0.55,2.25,3.8,2.95,4.65,1.9,1.05,2.75,1.9,1.05,2.75,1.3,0.45,2.15,2.7,2.6,2.8,2.7,2.29,3.2,,default_placeholder
jp-120,2.7,1.85,3.55,2.4,1.4,3.4,3,2,4,1.3,0.45,2.15,0.5,0,1.35,0.3,0,1.15,3.4,2.55,4.25,2.5,1.65,3.35,1.8,0.95,2.65,0.5,0,1.35,0.4,0,1.25,0.4,0,1.25,1,0.15,1.85,0.8,0,1.65,1.9,1.05,2.75,0.3,0,1.15,1.3,0.45,2.15,2.7,2.6,2.8,2.7,2.29,3.2,,default_placeholder
jp-121,2.9,2.05,3.75,2.4,1.4,3.4,3,2,4,1.3,0.45,2.15,0.5,0,1.35,0.3,0,1.15,3.4,2.55,4.25,2.5,1.65,3.35,1.8,0.95,2.65,0.5,0,1.35,0.4,0,1.25,0.4,0,1.25,1.4,0.55,2.25,3.3,2.45,4.15,1.9,1.05,2.75,0.3,0,1.15,1.3,0.45,2.15,2.7,2.6,2.8,2.7,2.29,3.2,,default_placeholder
jp-122,3.1,2.25,3.95,2.4,1.4,3.4,3,2,4,1.5,0.65,2.35,0.5,0,1.35,0.3,0,1.15,3.6,2.75,4.45,2.5,1.65,3.35,1.8,0.95,2.65,0.5,0,1.35,0.4,0,1.25,0.4,0,1.25,1,0.15,1.85,0.8,0,1.65,1.9,1.05,2.75,0.3,0,1.15,1.3,0.45,2.15,2.7,2.6,2.8,2.7,2.29,3.2,,default_placeholder
jp-123,2.7,1.85,3.55,2.4,1.4,3.4,3,2,4,1.3,0.45,2.15,0.5,0,1.35,0.3,0,1.15,3.4,2.55,4.25,2.5,1.65,3.35,1.8,0.95,2.65,0.5,0,1.35,0.4,0,1.25,0.4,0,1.25,1,0.15,1.85,0.8,0,1.65,1.9,1.05,2.75,0.3,0,1.15,1.3,0.45,2.15,2.7,2.6,2.8,2.7,2.29,3.2,,default_placeholder
jp-124,4.9,4.05,5,5,4,5,3.4,2.4,4.4,1.5,0.65,2.35,0.5,0,1.35,0.3,0,1.15,4,3.15,4.85,4.5,3.65,5,1.8,0.95,2.65,0.5,0,1.35,0.4,0,1.25,0.4,0,1.25,1,0.15,1.85,0.8,0,1.65,1.9,1.05,2.75,0.3,0,1.15,1.3,0.45,2.15,2.9,2.6,2.2,2.7,2.29,3.2,中くらいのストレート麺,reviewed
jp-125,1.4,0.55,2.25,1.2,0.2,2.2,3,2,4,1.3,0.45,2.15,0.5,0,1.35,0.3,0,1.15,3.9,3.05,4.75,2.2,1.35,3.05,2.7,1.85,3.55,0.5,0,1.35,0.4,0,1.25,0.4,0,1.25,1,0.15,1.85,0.8,0,1.65,3.45,2.6,4.3,0.3,0,1.15,1.3,0.45,2.15,2.7,2.6,2.8,2.7,2.29,3.2,,default_placeholder
jp-126,2.1,1.25,2.95,1.8,0.8,2.8,3,2,4,1.3,0.45,2.15,0.5,0,1.35,0.3,0,1.15,3.9,3.05,4.75,2.5,1.65,3.35,2.5,1.65,3.35,0.5,0,1.35,0.4,0,1.25,0.4,0,1.25,1,0.15,1.85,0.8,0,1.65,3.35,2.5,4.2,0.3,0,1.15,1.3,0.45,2.15,2.7,2.6,2.8,2.7,2.29,3.2,,default_placeholder
jp-127,3.3,2.45,4.15,2.4,1.4,3.4,4.2,3.2,5,1.3,0.45,2.15,0.5,0,1.35,0.3,0,1.15,3.7,2.85,4.55,2.5,1.65,3.35,1.8,0.95,2.65,0.5,0,1.35,0.4,0,1.25,0.4,0,1.25,1.5,0.65,2.35,0.8,0,1.65,1.9,1.05,2.75,0.3,0,1.15,1.3,0.45,2.15,3.9,2.6,2.8,2.7,2.29,2.6,,rule_inferred
jp-128,4.2,3.35,5,3.7,2.7,4.7,3,2,4,1.3,0.45,2.15,0.5,0,1.35,0.3,0,1.15,4.1,3.25,4.95,4.5,3.65,5,1.8,0.95,2.65,0.5,0,1.35,0.4,0,1.25,0.4,0,1.25,1,0.15,1.85,1.2,0.35,2.05,1.9,1.05,2.75,0.3,0,1.15,1.3,0.45,2.15,2.7,2.6,2.8,2.7,2.29,3.2,,default_placeholder
jp-129,2.7,1.85,3.55,2.4,1.4,3.4,3,2,4,1.3,0.45,2.15,0.5,0,1.35,0.3,0,1.15,3.4,2.55,4.25,2.5,1.65,3.35,1.8,0.95,2.65,0.5,0,1.35,0.4,0,1.25,0.4,0,1.25,1,0.15,1.85,0.8,0,1.65,1.9,1.05,2.75,0.3,0,1.15,1.3,0.45,2.15,2.7,2.6,2.8,2.7,2.29,3.2,,default_placeholder
jp-130,2.1,1.25,2.95,1.8,0.8,2.8,3,2,4,1.3,0.45,2.15,0.5,0,1.35,0.3,0,1.15,3.9,3.05,4.75,2.5,1.65,3.35,2.5,1.65,3.35,0.5,0,1.35,0.4,0,1.25,0.4,0,1.25,1,0.15,1.85,0.8,0,1.65,3.35,2.5,4.2,0.3,0,1.15,1.3,0.45,2.15,2.7,2.6,2.8,2.7,2.29,3.2,,default_placeholder
jp-131,2.7,1.85,3.55,2.4,1.4,3.4,3,2,4,1.3,0.45,2.15,0.5,0,1.35,0.3,0,1.15,3.4,2.55,4.25,2.5,1.65,3.35,1.8,0.95,2.65,0.5,0,1.35,0.4,0,1.25,0.4,0,1.25,1,0.15,1.85,0.8,0,1.65,1.9,1.05,2.75,0.3,0,1.15,1.3,0.45,2.15,2.7,2.6,2.8,2.7,2.29,3.2,,default_placeholder
jp-132,2.1,1.25,2.95,2,1,3,3.3,2.3,4.3,1.3,0.45,2.15,0.5,0,1.35,0.3,0,1.15,3.4,2.55,4.25,2.5,1.65,3.35,2,1.15,2.85,0.5,0,1.35,0.4,0,1.25,0.4,0,1.25,1,0.15,1.85,0.8,0,1.65,2,1.15,2.85,0.3,0,1.15,1.3,0.45,2.15,2.7,2.6,2.8,2.7,2.29,3.2,,default_placeholder
jp-133,3.8,2.95,4.65,2.4,1.4,3.4,3,2,4,1.7,0.85,2.55,0.5,0,1.35,0.3,0,1.15,4.1,3.25,4.95,2.9,2.05,3.75,2.6,1.75,3.45,0.5,0,1.35,0.4,0,1.25,0.4,0,1.25,1,0.15,1.85,0.8,0,1.65,2.3,1.45,3.15,0.3,0,1.15,1.3,0.45,2.15,3.2,2.6,2.8,3,2.55,2.95,,rule_inferred
jp-134,3.2,2.35,4.05,2.4,1.4,3.4,3,2,4,1.5,0.65,2.35,0.5,0,1.35,0.3,0,1.15,4.1,3.25,4.95,2.9,2.05,3.75,2.6,1.75,3.45,0.5,0,1.35,0.4,0,1.25,0.4,0,1.25,1,0.15,1.85,0.8,0,1.65,2.3,1.45,3.15,0.3,0,1.15,1.3,0.45,2.15,3.2,2.6,2.8,3,2.55,2.95,,rule_inferred
jp-135,2.7,1.85,3.55,2.4,1.4,3.4,3,2,4,1.3,0.45,2.15,0.5,0,1.35,0.3,0,1.15,3.4,2.55,4.25,2.5,1.65,3.35,1.8,0.95,2.65,0.5,0,1.35,0.4,0,1.25,0.4,0,1.25,1,0.15,1.85,0.8,0,1.65,1.9,1.05,2.75,0.3,0,1.15,1.3,0.45,2.15,2.7,2.6,2.8,2.7,2.29,3.2,,default_placeholder
jp-136,3.9,3.05,4.75,3.3,2.3,4.3,3.4,2.4,4.4,1.3,0.45,2.15,0.5,0,1.35,0.3,0,1.15,4,3.15,4.85,4,3.15,4.85,1.8,0.95,2.65,0.5,0,1.35,0.4,0,1.25,0.4,0,1.25,1,0.15,1.85,0.8,0,1.65,1.9,1.05,2.75,0.3,0,1.15,1.3,0.45,2.15,2.2,2.3,2.2,2.6,2.29,3.2,細めのストレート麺,reviewed
jp-137,2.1,1.25,2.95,1.8,0.8,2.8,3,2,4,1.3,0.45,2.15,0.5,0,1.35,0.3,0,1.15,3.9,3.05,4.75,2.5,1.65,3.35,2.5,1.65,3.35,0.5,0,1.35,0.4,0,1.25,0.4,0,1.25,1,0.15,1.85,0.8,0,1.65,3.35,2.5,4.2,0.3,0,1.15,1.3,0.45,2.15,2.7,2.6,2.8,2.7,2.29,3.2,,default_placeholder
jp-138,3.2,2.35,4.05,2.4,1.4,3.4,3,2,4,1.5,0.65,2.35,0.5,0,1.35,0.3,0,1.15,3.9,3.05,4.75,4,3.15,4.85,1.8,0.95,2.65,0.5,0,1.35,0.4,0,1.25,0.4,0,1.25,1,0.15,1.85,0.8,0,1.65,1.9,1.05,2.75,0.3,0,1.15,1.3,0.45,2.15,2.7,2.6,2.8,2.7,2.29,3.2,,default_placeholder
jp-139,3.2,2.35,4.05,2.4,1.4,3.4,3,2,4,1.5,0.65,2.35,0.5,0,1.35,0.3,0,1.15,4.1,3.25,4.95,2.9,2.05,3.75,2.6,1.75,3.45,0.5,0,1.35,0.4,0,1.25,0.4,0,1.25,1,0.15,1.85,0.8,0,1.65,2.3,1.45,3.15,0.3,0,1.15,1.3,0.45,2.15,3.2,2.6,2.8,3,2.55,2.95,,rule_inferred
jp-140,2.7,1.85,3.55,2.4,1.4,3.4,3,2,4,1.5,0.65,2.35,0.5,0,1.35,0.3,0,1.15,4.2,3.35,5,2.5,1.65,3.35,3.5,2.65,4.35,0.5,0,1.35,0.4,0,1.25,0.4,0,1.25,1,0.15,1.85,0.8,0,1.65,3.85,3,4.7,0.3,0,1.15,1.3,0.45,2.15,2.7,2.6,2.8,2.7,2.29,3.2,,default_placeholder
jp-141,2.7,1.85,3.55,2.4,1.4,3.4,3,2,4,1.3,0.45,2.15,0.5,0,1.35,0.3,0,1.15,3.4,2.55,4.25,2.5,1.65,3.35,1.8,0.95,2.65,0.5,0,1.35,0.4,0,1.25,0.4,0,1.25,1,0.15,1.85,0.8,0,1.65,1.9,1.05,2.75,0.3,0,1.15,1.3,0.45,2.15,2.7,2.6,2.8,2.7,2.29,3.2,,default_placeholder
jp-142,2.7,1.85,3.55,2.4,1.4,3.4,3,2,4,1.3,0.45,2.15,0.5,0,1.35,0.3,0,1.15,3.4,2.55,4.25,2.5,1.65,3.35,1.8,0.95,2.65,0.5,0,1.35,0.4,0,1.25,0.4,0,1.25,1,0.15,1.85,0.8,0,1.65,1.9,1.05,2.75,0.3,0,1.15,1.3,0.45,2.15,2.7,2.6,2.8,2.7,2.29,3.2,,default_placeholder
jp-143,3.5,2.65,4.35,3.4,2.4,4.4,3,2,4,1.3,0.45,2.15,0.5,0,1.35,0.3,0,1.15,3.6,2.75,4.45,2.5,1.65,3.35,1.8,0.95,2.65,0.5,0,1.35,0.4,0,1.25,0.4,0,1.25,1,0.15,1.85,0.8,0,1.65,1.9,1.05,2.75,0.3,0,1.15,1.3,0.45,2.15,2.7,2.6,2.8,2.7,2.29,3.2,,default_placeholder
jp-144,2.7,1.85,3.55,2.4,1.4,3.4,3,2,4,1.3,0.45,2.15,0.5,0,1.35,0.3,0,1.15,3.4,2.55,4.25,2.5,1.65,3.35,1.8,0.95,2.65,0.5,0,1.35,0.4,0,1.25,0.4,0,1.25,1,0.15,1.85,0.8,0,1.65,1.9,1.05,2.75,0.3,0,1.15,1.3,0.45,2.15,2.7,2.6,2.8,2.7,2.29,3.2,,default_placeholder
jp-145,2.7,1.85,3.55,2.4,1.4,3.4,3,2,4,1.3,0.45,2.15,0.5,0,1.35,0.3,0,1.15,3.4,2.55,4.25,2.5,1.65,3.35,1.8,0.95,2.65,0.5,0,1.35,0.4,0,1.25,0.4,0,1.25,1,0.15,1.85,0.8,0,1.65,1.9,1.05,2.75,0.3,0,1.15,1.3,0.45,2.15,2.7,2.6,2.8,2.7,2.29,3.2,,default_placeholder
jp-146,3.9,3.05,4.75,3.3,2.3,4.3,3.4,2.4,4.4,1.3,0.45,2.15,0.5,0,1.35,0.3,0,1.15,4,3.15,4.85,4,3.15,4.85,1.8,0.95,2.65,0.5,0,1.35,0.4,0,1.25,0.4,0,1.25,1,0.15,1.85,0.8,0,1.65,1.9,1.05,2.75,0.3,0,1.15,1.3,0.45,2.15,2.1,2.2,2.2,2.5,2.29,3.2,細め〜中細のストレート麺,reviewed
jp-147,3.6,2.75,4.45,2.4,1.4,3.4,3.7,2.7,4.7,1.3,0.45,2.15,0.8,0,1.65,0.3,0,1.15,3.8,2.95,4.65,2.5,1.65,3.35,1.8,0.95,2.65,0.5,0,1.35,0.4,0,1.25,0.4,0,1.25,1,0.15,1.85,0.8,0,1.65,1.9,1.05,2.75,1.1,0.25,1.95,1.3,0.45,2.15,3.8,2.6,3.3,3.2,2.72,2.65,,rule_inferred
jp-148,3.7,2.85,4.55,3.4,2.4,4.4,3.5,2.5,4.5,1.3,0.45,2.15,0.7,0,1.55,3.1,2.25,3.95,3.4,2.55,4.25,2.5,1.65,3.35,1.8,0.95,2.65,2.5,1.65,3.35,0.4,0,1.25,0.4,0,1.25,1,0.15,1.85,1.3,0.45,2.15,1.9,1.05,2.75,1.9,1.05,2.75,1.3,0.45,2.15,2.7,2.6,2.8,2.7,2.29,3.2,,default_placeholder
jp-149,3.7,2.85,4.55,4.4,3.4,5,3.4,2.4,4.4,1.5,0.65,2.35,0.5,0,1.35,0.3,0,1.15,4.3,3.45,5,2.7,1.85,3.55,3.4,2.55,4.25,0.5,0,1.35,0.4,0,1.25,0.4,0,1.25,1.3,0.45,2.15,0.8,0,1.65,3.8,2.95,4.65,0.3,0,1.15,1.3,0.45,2.15,2.5,2.4,3.4,2.8,2.29,3.2,少加水の中細ストレート麺,reviewed
jp-150,2.2,1.35,3.05,1.8,0.8,2.8,3,2,4,1.3,0.45,2.15,1.3,0.45,2.15,0.3,0,1.15,3.4,2.55,4.25,2.5,1.65,3.35,1.8,0.95,2.65,0.5,0,1.35,0.6,0,1.45,0.4,0,1.25,1,0.15,1.85,0.8,0,1.65,1.9,1.05,2.75,0.3,0,1.15,1.3,0.45,2.15,2.7,2.6,2.8,2.7,2.29,3.7,,default_placeholder
jp-151,2.9,2.05,3.75,2.4,1.4,3.4,3,2,4,1.3,0.45,2.15,0.5,0,1.35,0.3,0,1.15,4.3,3.45,5,2.5,1.65,3.35,3.6,2.75,4.45,0.5,0,1.35,0.4,0,1.25,0.4,0,1.25,1,0.15,1.85,0.8,0,1.65,3.9,3.05,4.75,0.3,0,1.15,1.3,0.45,2.15,2.7,2.6,2.8,2.7,2.29,3.2,,default_placeholder
jp-152,2.7,1.85,3.55,2.4,1.4,3.4,3,2,4,1.3,0.45,2.15,0.5,0,1.35,0.3,0,1.15,3.4,2.55,4.25,2.5,1.65,3.35,1.8,0.95,2.65,0.5,0,1.35,0.4,0,1.25,0.4,0,1.25,1,0.15,1.85,0.8,0,1.65,1.9,1.05,2.75,0.3,0,1.15,1.3,0.45,2.15,2.7,2.6,2.8,2.7,2.29,3.2,,default_placeholder
jp-153,3.2,2.35,4.05,2.4,1.4,3.4,3,2,4,1.5,0.65,2.35,0.5,0,1.35,0.3,0,1.15,3.9,3.05,4.75,4,3.15,4.85,1.8,0.95,2.65,0.5,0,1.35,0.4,0,1.25,0.4,0,1.25,1,0.15,1.85,0.8,0,1.65,1.9,1.05,2.75,0.3,0,1.15,1.3,0.45,2.15,2.7,2.6,2.8,2.7,2.29,3.2,,default_placeholder
jp-154,2.7,1.85,3.55,2.4,1.4,3.4,3.2,2.2,4.2,1.3,0.45,2.15,0.5,0,1.35,0.3,0,1.15,4.2,3.35,5,2.5,1.65,3.35,3.8,2.95,4.65,0.5,0,1.35,0.4,0,1.25,0.4,0,1.25,1.2,0.35,2.05,0.8,0,1.65,4,3.15,4.85,0.3,0,1.15,1.3,0.45,2.15,2.7,2.6,2.8,2.7,2.29,3.2,,default_placeholder
jp-155,4.6,3.75,5,3.3,2.3,4.3,3.8,2.8,4.8,2.3,1.45,3.15,0.5,0,1.35,0.3,0,1.15,4,3.15,4.85,4.8,3.95,5,1.8,0.95,2.65,0.5,0,1.35,0.4,0,1.25,0.4,0,1.25,1,0.15,1.85,0.8,0,1.65,1.9,1.05,2.75,0.3,0,1.15,1.3,0.45,2.15,2.3,2.3,2.1,2.5,2.29,3.2,細め〜中細のストレート麺,reviewed
jp-156,2.7,1.85,3.55,2.4,1.4,3.4,3,2,4,1.3,0.45,2.15,0.5,0,1.35,0.3,0,1.15,3.4,2.55,4.25,2.5,1.65,3.35,1.8,0.95,2.65,0.5,0,1.35,0.4,0,1.25,0.4,0,1.25,1,0.15,1.85,0.8,0,1.65,1.9,1.05,2.75,0.3,0,1.15,1.3,0.45,2.15,2.7,2.6,2.8,2.7,2.29,3.2,,default_placeholder
jp-157,2.7,1.85,3.55,2.4,1.4,3.4,3,2,4,1.3,0.45,2.15,0.5,0,1.35,0.3,0,1.15,3.4,2.55,4.25,2.5,1.65,3.35,1.8,0.95,2.65,0.5,0,1.35,0.4,0,1.25,0.4,0,1.25,1,0.15,1.85,0.8,0,1.65,1.9,1.05,2.75,0.3,0,1.15,1.3,0.45,2.15,2.7,2.6,2.8,2.7,2.29,3.2,,default_placeholder
jp-158,3.2,2.35,4.05,2.4,1.4,3.4,3,2,4,1.5,0.65,2.35,0.5,0,1.35,0.3,0,1.15,4.1,3.25,4.95,2.9,2.05,3.75,2.6,1.75,3.45,0.5,0,1.35,0.4,0,1.25,0.4,0,1.25,1,0.15,1.85,0.8,0,1.65,2.3,1.45,3.15,0.3,0,1.15,1.3,0.45,2.15,3.2,2.6,2.8,3,2.55,2.95,,rule_inferred
jp-159,3.7,2.85,4.55,2.8,1.8,3.8,3.5,2.5,4.5,1.3,0.45,2.15,0.5,0,1.35,0.3,0,1.15,3.8,2.95,4.65,2.5,1.65,3.35,1.8,0.95,2.65,0.5,0,1.35,0.4,0,1.25,2.2,1.35,3.05,1,0.15,1.85,0.8,0,1.65,1.9,1.05,2.75,0.3,0,1.15,1.3,0.45,2.15,2.7,2.6,2.8,2.7,2.29,3.2,,default_placeholder
jp-160,3.1,2.25,3.95,3.2,2.2,4.2,3.3,2.3,4.3,1.3,0.45,2.15,0.5,0,1.35,0.3,0,1.15,3.4,2.55,4.25,2.5,1.65,3.35,1.8,0.95,2.65,0.5,0,1.35,0.4,0,1.25,0.4,0,1.25,1.8,0.95,2.65,0.8,0,1.65,1.9,1.05,2.75,2.9,2.05,3.75,1.3,0.45,2.15,2.7,2.6,2.8,2.7,2.29,3.2,,default_placeholder
jp-161,2.1,1.25,2.95,1.8,0.8,2.8,3,2,4,1.3,0.45,2.15,0.5,0,1.35,0.3,0,1.15,3.9,3.05,4.75,2.5,1.65,3.35,2.5,1.65,3.35,0.5,0,1.35,0.4,0,1.25,0.4,0,1.25,1,0.15,1.85,0.8,0,1.65,3.35,2.5,4.2,0.3,0,1.15,1.3,0.45,2.15,2.7,2.6,2.8,2.7,2.29,3.2,,default_placeholder
jp-162,4.2,3.35,5,3.7,2.7,4.7,3,2,4,1.3,0.45,2.15,0.5,0,1.35,0.3,0,1.15,4.1,3.25,4.95,4.5,3.65,5,1.8,0.95,2.65,0.5,0,1.35,0.4,0,1.25,0.4,0,1.25,1,0.15,1.85,1.2,0.35,2.05,1.9,1.05,2.75,0.3,0,1.15,1.3,0.45,2.15,1.2,1.3,4.2,2.4,2.29,3.7,極細の低加水ストレート麺,reviewed
jp-163,4.2,3.35,5,3.7,2.7,4.7,3,2,4,1.3,0.45,2.15,0.5,0,1.35,0.3,0,1.15,4.1,3.25,4.95,4.5,3.65,5,1.8,0.95,2.65,0.5,0,1.35,0.4,0,1.25,0.4,0,1.25,1,0.15,1.85,1.2,0.35,2.05,1.9,1.05,2.75,0.3,0,1.15,1.3,0.45,2.15,1.7,2.6,3.8,2.7,2.29,3.7,,rule_inferred
jp-164,3.1,2.25,3.95,3.2,2.2,4.2,3.3,2.3,4.3,1.3,0.45,2.15,0.5,0,1.35,0.3,0,1.15,3.4,2.55,4.25,2.5,1.65,3.35,1.8,0.95,2.65,0.5,0,1.35,0.4,0,1.25,0.4,0,1.25,1.8,0.95,2.65,0.8,0,1.65,1.9,1.05,2.75,2.9,2.05,3.75,1.3,0.45,2.15,2.7,2.6,2.8,2.7,2.29,3.2,,default_placeholder
jp-165,4.2,3.35,5,3.7,2.7,4.7,3,2,4,1.3,0.45,2.15,0.5,0,1.35,0.3,0,1.15,4.1,3.25,4.95,4.5,3.65,5,1.8,0.95,2.65,0.5,0,1.35,0.4,0,1.25,0.4,0,1.25,1,0.15,1.85,1.2,0.35,2.05,1.9,1.05,2.75,0.3,0,1.15,1.3,0.45,2.15,1.8,1.7,3.7,2.6,2.29,3.2,細めのストレート麺,reviewed
jp-166,2.1,1.25,2.95,1.8,0.8,2.8,3,2,4,1.3,0.45,2.15,0.5,0,1.35,0.3,0,1.15,3.9,3.05,4.75,2.5,1.65,3.35,2.5,1.65,3.35,0.5,0,1.35,0.4,0,1.25,0.4,0,1.25,1,0.15,1.85,0.8,0,1.65,3.35,2.5,4.2,0.3,0,1.15,1.3,0.45,2.15,2.7,2.6,2.8,2.7,2.29,3.2,,default_placeholder
jp-167,3.2,2.35,4.05,2.4,1.4,3.4,3,2,4,1.5,0.65,2.35,0.5,0,1.35,0.3,0,1.15,4.1,3.25,4.95,2.9,2.05,3.75,2.6,1.75,3.45,0.5,0,1.35,0.4,0,1.25,0.4,0,1.25,1,0.15,1.85,0.8,0,1.65,2.3,1.45,3.15,0.3,0,1.15,1.3,0.45,2.15,3.2,2.6,2.8,3,2.55,2.95,,rule_inferred
jp-168,4.2,3.35,5,3.7,2.7,4.7,3,2,4,1.3,0.45,2.15,0.5,0,1.35,0.3,0,1.15,4.1,3.25,4.95,4.5,3.65,5,1.8,0.95,2.65,0.5,0,1.35,0.4,0,1.25,0.4,0,1.25,1,0.15,1.85,1.2,0.35,2.05,1.9,1.05,2.75,0.3,0,1.15,1.3,0.45,2.15,2.7,2.6,2.8,2.7,2.29,3.2,,default_placeholder
jp-169,3.2,2.35,4.05,2.4,1.4,3.4,3,2,4,1.5,0.65,2.35,0.5,0,1.35,0.3,0,1.15,4.1,3.25,4.95,2.9,2.05,3.75,2.6,1.75,3.45,0.5,0,1.35,0.4,0,1.25,0.4,0,1.25,1,0.15,1.85,0.8,0,1.65,2.3,1.45,3.15,0.3,0,1.15,1.3,0.45,2.15,3.2,2.6,2.8,3,2.55,2.95,,rule_inferred
jp-170,2.7,1.85,3.55,2.4,1.4,3.4,3,2,4,1.3,0.45,2.15,0.5,0,1.35,0.3,0,1.15,3.4,2.55,4.25,2.5,1.65,3.35,1.8,0.95,2.65,0.5,0,1.35,0.4,0,1.25,0.4,0,1.25,1,0.15,1.85,0.8,0,1.65,1.9,1.05,2.75,0.3,0,1.15,1.3,0.45,2.15,2.7,2.6,2.8,2.7,2.29,3.2,,default_placeholder
jp-171,2.4,1.55,3.25,2.4,1.4,3.4,3,2,4,1.3,0.45,2.15,0.5,0,1.35,0.3,0,1.15,4.1,3.25,4.95,2.5,1.65,3.35,3.6,2.75,4.45,0.5,0,1.35,0.4,0,1.25,0.4,0,1.25,1,0.15,1.85,0.8,0,1.65,3.9,3.05,4.75,0.3,0,1.15,1.3,0.45,2.15,2.7,2.6,2.8,2.7,2.29,3.2,,default_placeholder
jp-172,3.2,2.35,4.05,2.4,1.4,3.4,3,2,4,1.5,0.65,2.35,0.5,0,1.35,0.3,0,1.15,4.1,3.25,4.95,2.9,2.05,3.75,2.6,1.75,3.45,0.5,0,1.35,0.4,0,1.25,0.4,0,1.25,1,0.15,1.85,0.8,0,1.65,2.3,1.45,3.15,0.3,0,1.15,1.3,0.45,2.15,3.2,2.6,2.8,3,2.55,2.95,,rule_inferred
jp-173,4.4,3.55,5,3.7,2.7,4.7,3,2,4,1.3,0.45,2.15,0.5,0,1.35,0.3,0,1.15,4.1,3.25,4.95,4.5,3.65,5,1.8,0.95,2.65,0.5,0,1.35,0.4,0,1.25,0.4,0,1.25,1.4,0.55,2.25,3.7,2.85,4.55,1.9,1.05,2.75,0.3,0,1.15,1.3,0.45,2.15,3,2.7,3.5,3,2.29,3.2,中細〜中太のストレート麺,reviewed
jp-174,4.4,3.55,5,3.7,2.7,4.7,3,2,4,1.3,0.45,2.15,0.5,0,1.35,0.3,0,1.15,4.1,3.25,4.95,4.5,3.65,5,1.8,0.95,2.65,0.5,0,1.35,0.4,0,1.25,0.4,0,1.25,1.4,0.55,2.25,3.7,2.85,4.55,1.9,1.05,2.75,0.3,0,1.15,1.3,0.45,2.15,2.7,2.6,2.8,2.7,2.29,3.2,,default_placeholder
jp-175,3.2,2.35,4.05,2.4,1.4,3.4,3,2,4,1.5,0.65,2.35,0.5,0,1.35,0.3,0,1.15,4.1,3.25,4.95,2.9,2.05,3.75,2.6,1.75,3.45,0.5,0,1.35,0.4,0,1.25,0.4,0,1.25,1,0.15,1.85,0.8,0,1.65,2.3,1.45,3.15,0.3,0,1.15,1.3,0.45,2.15,3.2,2.6,2.8,3,2.55,2.95,,rule_inferred
jp-176,2.7,1.85,3.55,2.4,1.4,3.4,3,2,4,1.3,0.45,2.15,0.5,0,1.35,0.3,0,1.15,3.4,2.55,4.25,2.5,1.65,3.35,1.8,0.95,2.65,0.5,0,1.35,0.4,0,1.25,0.4,0,1.25,1,0.15,1.85,0.8,0,1.65,1.9,1.05,2.75,0.3,0,1.15,1,0.15,1.85,1.9,2.6,2.8,3.3,4,4.2,,rule_inferred
jp-177,2.7,1.85,3.55,2.4,1.4,3.4,3,2,4,1.3,0.45,2.15,0.5,0,1.35,0.3,0,1.15,3.4,2.55,4.25,2.5,1.65,3.35,1.8,0.95,2.65,0.5,0,1.35,0.4,0,1.25,0.4,0,1.25,1,0.15,1.85,0.8,0,1.65,1.9,1.05,2.75,0.3,0,1.15,1.3,0.45,2.15,2.7,2.6,2.8,2.7,2.29,3.2,,default_placeholder
jp-178,2.2,1.35,3.05,1.8,0.8,2.8,3,2,4,1.3,0.45,2.15,1.3,0.45,2.15,0.3,0,1.15,3.4,2.55,4.25,2.5,1.65,3.35,1.8,0.95,2.65,0.5,0,1.35,0.6,0,1.45,0.4,0,1.25,1,0.15,1.85,0.8,0,1.65,1.9,1.05,2.75,0.3,0,1.15,1.3,0.45,2.15,2.7,2.6,2.8,2.7,2.29,3.7,,default_placeholder
jp-179,4.2,3.35,5,3.7,2.7,4.7,3,2,4,1.3,0.45,2.15,0.5,0,1.35,0.3,0,1.15,4.1,3.25,4.95,4.5,3.65,5,1.8,0.95,2.65,0.5,0,1.35,0.4,0,1.25,0.4,0,1.25,1,0.15,1.85,1.2,0.35,2.05,1.9,1.05,2.75,0.3,0,1.15,1.3,0.45,2.15,2.7,2.6,2.8,2.7,2.29,3.2,,default_placeholder
jp-180,3,2.15,3.85,2.4,1.4,3.4,3,2,4,1.3,0.45,2.15,0.5,0,1.35,3.1,2.25,3.95,3.4,2.55,4.25,2.5,1.65,3.35,1.8,0.95,2.65,2.5,1.65,3.35,0.4,0,1.25,0.4,0,1.25,1,0.15,1.85,1.3,0.45,2.15,1.9,1.05,2.75,0.3,0,1.15,1.3,0.45,2.15,2.7,2.6,2.8,2.7,2.29,3.2,,default_placeholder
jp-181,4.2,3.35,5,3.7,2.7,4.7,3,2,4,1.3,0.45,2.15,0.5,0,1.35,0.3,0,1.15,4.1,3.25,4.95,4.5,3.65,5,1.8,0.95,2.65,0.5,0,1.35,0.4,0,1.25,0.4,0,1.25,1,0.15,1.85,1.2,0.35,2.05,1.9,1.05,2.75,0.3,0,1.15,1.3,0.45,2.15,3,2.8,2,2.5,2.29,3.2,中くらい〜太めで比較的やわらかい麺,reviewed
jp-182,2.7,1.85,3.55,2.4,1.4,3.4,3,2,4,1.3,0.45,2.15,0.5,0,1.35,0.3,0,1.15,4,3.15,4.85,2.5,1.65,3.35,3.3,2.45,4.15,0.5,0,1.35,0.4,0,1.25,0.4,0,1.25,1,0.15,1.85,0.8,0,1.65,3.75,2.9,4.6,0.3,0,1.15,1.3,0.45,2.15,2.7,2.6,2.8,2.7,2.29,3.2,,default_placeholder
jp-183,3.5,2.65,4.35,3.4,2.4,4.4,3,2,4,1.3,0.45,2.15,0.5,0,1.35,0.3,0,1.15,4.4,3.55,5,2.5,1.65,3.35,3.6,2.75,4.45,0.5,0,1.35,0.4,0,1.25,0.4,0,1.25,1.4,0.55,2.25,0.8,0,1.65,3.9,3.05,4.75,0.3,0,1.15,1.3,0.45,2.15,2.7,2.6,2.8,2.7,2.29,3.2,,default_placeholder
jp-184,2.1,1.25,2.95,2,1,3,3.3,2.3,4.3,1.3,0.45,2.15,0.5,0,1.35,0.3,0,1.15,3.4,2.55,4.25,2.5,1.65,3.35,2,1.15,2.85,0.5,0,1.35,0.4,0,1.25,0.4,0,1.25,1,0.15,1.85,0.8,0,1.65,2,1.15,2.85,0.3,0,1.15,1.3,0.45,2.15,2.7,2.6,2.8,2.7,2.29,3.2,,default_placeholder
jp-185,2.7,1.85,3.55,2.4,1.4,3.4,3,2,4,1.3,0.45,2.15,0.5,0,1.35,0.3,0,1.15,3.4,2.55,4.25,2.5,1.65,3.35,1.8,0.95,2.65,0.5,0,1.35,0.4,0,1.25,0.4,0,1.25,1,0.15,1.85,0.8,0,1.65,3,2.15,3.85,0.3,0,1.15,1.3,0.45,2.15,3.3,2.6,3.2,2.7,2.29,2.9,,rule_inferred
world-001,3.1,2.45,3.75,2.4,1.6,3.2,3,2.2,3.8,1.3,0.65,1.95,0.5,0,1.15,2.7,2.05,3.35,3.4,2.75,4.05,3.8,3.15,4.45,1.8,1.15,2.45,2.4,1.75,3.05,2.4,1.75,3.05,0.4,0,1.05,1,0.35,1.65,0.8,0.15,1.45,1.9,1.05,2.75,0.3,0,1.15,1.3,0.45,2.15,2.7,2.6,2.8,2.7,2.29,3.2,,rule_inferred
world-002,3.1,2.45,3.75,2.4,1.6,3.2,3,2.2,3.8,1.3,0.65,1.95,0.5,0,1.15,0.3,0,0.95,3.4,2.75,4.05,3.8,3.15,4.45,1.8,1.15,2.45,2.3,1.65,2.95,0.4,0,1.05,0.4,0,1.05,1.3,0.65,1.95,0.8,0.15,1.45,1.9,1.05,2.75,0.3,0,1.15,1.3,0.45,2.15,2.7,2.6,2.8,2.7,2.29,3.2,,default_placeholder
world-003,3.1,2.45,3.75,2.4,1.6,3.2,3,2.2,3.8,1.3,0.65,1.95,0.5,0,1.15,0.3,0,0.95,4,3.35,4.65,3.8,3.15,4.45,3.4,2.75,4.05,0.5,0,1.15,0.4,0,1.05,0.4,0,1.05,1,0.35,1.65,0.8,0.15,1.45,2.7,1.85,3.55,0.3,0,1.15,1.3,0.45,2.15,2.7,2.6,2.8,2.7,2.29,3.2,,rule_inferred
world-004,3.1,2.45,3.75,2.4,1.6,3.2,3,2.2,3.8,1.3,0.65,1.95,0.5,0,1.15,0.3,0,0.95,3.4,2.75,4.05,3.8,3.15,4.45,1.8,1.15,2.45,0.5,0,1.15,0.4,0,1.05,0.4,0,1.05,1,0.35,1.65,0.8,0.15,1.45,1.9,1.05,2.75,0.3,0,1.15,1.3,0.45,2.15,2.7,2.6,2.8,2.7,2.29,3.2,,rule_inferred
world-005,3.1,2.45,3.75,2.4,1.6,3.2,3,2.2,3.8,1.3,0.65,1.95,0.5,0,1.15,2.7,2.05,3.35,3.4,2.75,4.05,3.8,3.15,4.45,1.8,1.15,2.45,4.2,3.55,4.85,0.4,0,1.05,0.4,0,1.05,1.3,0.65,1.95,0.8,0.15,1.45,1.9,1.05,2.75,0.3,0,1.15,1.3,0.45,2.15,2.7,2.6,2.8,2.7,2.29,3.2,,rule_inferred
world-006,3.1,2.45,3.75,2.4,1.6,3.2,3,2.2,3.8,1.3,0.65,1.95,3.2,2.55,3.85,2.7,2.05,3.35,4,3.35,4.65,3.8,3.15,4.45,3.4,2.75,4.05,2.4,1.75,3.05,0.4,0,1.05,2.7,2.05,3.35,1,0.35,1.65,0.8,0.15,1.45,2.7,1.85,3.55,0.3,0,1.15,1.3,0.45,2.15,2.7,2.6,2.8,2.7,2.29,3.2,,rule_inferred
world-007,2.7,2.05,3.35,2.9,2.1,3.7,3.8,3,4.6,1.3,0.65,1.95,0.5,0,1.15,2.7,2.05,3.35,3.4,2.75,4.05,2.5,1.85,3.15,1.8,1.15,2.45,2.4,1.75,3.05,0.4,0,1.05,0.4,0,1.05,1,0.35,1.65,0.8,0.15,1.45,1.9,1.05,2.75,0.3,0,1.15,1.3,0.45,2.15,2.7,2.6,2.8,2.7,2.29,3.2,,default_placeholder
world-008,3.1,2.45,3.75,2.4,1.6,3.2,3,2.2,3.8,1.3,0.65,1.95,0.5,0,1.15,2.7,2.05,3.35,4,3.35,4.65,3.8,3.15,4.45,3.4,2.75,4.05,2.4,1.75,3.05,0.4,0,1.05,0.4,0,1.05,1,0.35,1.65,0.8,0.15,1.45,2.7,1.85,3.55,0.3,0,1.15,1.3,0.45,2.15,2.7,2.6,2.8,2.7,2.29,3.2,,default_placeholder
world-009,3.1,2.45,3.75,2.4,1.6,3.2,3,2.2,3.8,1.3,0.65,1.95,0.5,0,1.15,0.3,0,0.95,4,3.35,4.65,3.8,3.15,4.45,3.4,2.75,4.05,0.5,0,1.15,0.4,0,1.05,0.4,0,1.05,1,0.35,1.65,0.8,0.15,1.45,2.7,1.85,3.55,0.3,0,1.15,1.3,0.45,2.15,2.7,2.6,2.8,2.7,2.29,3.2,,rule_inferred
world-010,3.1,2.45,3.75,2.4,1.6,3.2,3,2.2,3.8,1.3,0.65,1.95,2.5,1.85,3.15,0.3,0,0.95,3.4,2.75,4.05,3.8,3.15,4.45,1.8,1.15,2.45,0.5,0,1.15,0.4,0,1.05,0.4,0,1.05,1,0.35,1.65,0.8,0.15,1.45,1.9,1.05,2.75,0.3,0,1.15,3,2.15,3.85,2.7,2.6,2.8,2.7,3.5,4.3,,rule_inferred
world-011,3.1,2.45,3.75,2.4,1.6,3.2,3,2.2,3.8,1.3,0.65,1.95,0.5,0,1.15,0.3,0,0.95,4,3.35,4.65,3.8,3.15,4.45,3.4,2.75,4.05,2.3,1.65,2.95,2.4,1.75,3.05,0.4,0,1.05,1.3,0.65,1.95,0.8,0.15,1.45,2.7,1.85,3.55,0.3,0,1.15,1.3,0.45,2.15,2.7,2.6,2.8,2.7,2.29,3.2,,rule_inferred
world-012,3.1,2.45,3.75,2.4,1.6,3.2,3,2.2,3.8,1.3,0.65,1.95,0.5,0,1.15,2.7,2.05,3.35,4,3.35,4.65,3.8,3.15,4.45,3.4,2.75,4.05,2.4,1.75,3.05,2.4,1.75,3.05,0.4,0,1.05,1,0.35,1.65,0.8,0.15,1.45,2.7,1.85,3.55,0.3,0,1.15,1.3,0.45,2.15,2.7,2.6,2.8,2.7,2.29,3.2,,rule_inferred
world-013,3.1,2.45,3.75,2.4,1.6,3.2,3,2.2,3.8,1.3,0.65,1.95,0.5,0,1.15,0.3,0,0.95,4,3.35,4.65,3.8,3.15,4.45,3.4,2.75,4.05,0.5,0,1.15,0.4,0,1.05,0.4,0,1.05,1,0.35,1.65,0.8,0.15,1.45,2.7,1.85,3.55,0.3,0,1.15,1.3,0.45,2.15,2.7,2.6,2.8,2.7,2.29,3.2,,rule_inferred
world-014,3.1,2.45,3.75,2.4,1.6,3.2,3,2.2,3.8,1.3,0.65,1.95,0.5,0,1.15,0.3,0,0.95,4,3.35,4.65,3.8,3.15,4.45,3.4,2.75,4.05,0.5,0,1.15,0.4,0,1.05,0.4,0,1.05,1,0.35,1.65,0.8,0.15,1.45,2.7,1.85,3.55,0.3,0,1.15,1.3,0.45,2.15,2.7,2.6,2.8,2.7,2.29,3.2,,rule_inferred
world-015,3.1,2.45,3.75,2.4,1.6,3.2,3,2.2,3.8,1.3,0.65,1.95,0.5,0,1.15,0.3,0,0.95,3.4,2.75,4.05,3.8,3.15,4.45,1.8,1.15,2.45,2.3,1.65,2.95,0.4,0,1.05,0.4,0,1.05,1.3,0.65,1.95,0.8,0.15,1.45,1.9,1.05,2.75,0.3,0,1.15,1.3,0.45,2.15,2.7,2.6,2.8,2.7,2.29,3.2,,default_placeholder
world-016,3.1,2.45,3.75,2.4,1.6,3.2,3,2.2,3.8,1.3,0.65,1.95,2.5,1.85,3.15,2.7,2.05,3.35,4,3.35,4.65,3.8,3.15,4.45,3.4,2.75,4.05,2.4,1.75,3.05,0.4,0,1.05,0.4,0,1.05,1,0.35,1.65,0.8,0.15,1.45,2.7,1.85,3.55,0.3,0,1.15,1.3,0.45,2.15,2.7,2.6,2.8,2.7,2.29,3.2,,default_placeholder
world-017,4,3.35,4.65,3,2.2,3.8,3,2.2,3.8,1.7,1.05,2.35,0.5,0,1.15,0.3,0,0.95,3.4,2.75,4.05,3.8,3.15,4.45,1.8,1.15,2.45,2.3,1.65,2.95,0.4,0,1.05,0.4,0,1.05,1.3,0.65,1.95,0.8,0.15,1.45,1.9,1.05,2.75,0.3,0,1.15,1.3,0.45,2.15,2.7,2.6,2.8,2.7,2.29,3.2,,rule_inferred
world-018,4,3.35,4.65,3,2.2,3.8,3,2.2,3.8,1.7,1.05,2.35,0.5,0,1.15,2.7,2.05,3.35,4,3.35,4.65,3.8,3.15,4.45,3.4,2.75,4.05,4.2,3.55,4.85,0.4,0,1.05,0.4,0,1.05,1.3,0.65,1.95,0.8,0.15,1.45,2.7,1.85,3.55,0.3,0,1.15,1.3,0.45,2.15,2.7,2.6,2.8,2.7,2.29,3.2,,default_placeholder
world-019,2.7,2.05,3.35,2.4,1.6,3.2,3,2.2,3.8,1.3,0.65,1.95,2.5,1.85,3.15,2.7,2.05,3.35,4,3.35,4.65,2.5,1.85,3.15,3.4,2.75,4.05,2.4,1.75,3.05,2.4,1.75,3.05,0.4,0,1.05,1,0.35,1.65,0.8,0.15,1.45,2.7,1.85,3.55,0.3,0,1.15,1.3,0.45,2.15,2.7,2.6,2.8,2.7,2.29,3.2,,default_placeholder
world-020,3.1,2.45,3.75,2.4,1.6,3.2,3,2.2,3.8,1.3,0.65,1.95,0.5,0,1.15,2.7,2.05,3.35,4,3.35,4.65,3.8,3.15,4.45,3.4,2.75,4.05,2.4,1.75,3.05,0.4,0,1.05,0.4,0,1.05,1,0.35,1.65,0.8,0.15,1.45,2.7,1.85,3.55,0.3,0,1.15,1.3,0.45,2.15,2.7,2.6,2.8,2.7,2.29,3.2,,default_placeholder
world-021,3.6,2.95,4.25,3,2.2,3.8,3,2.2,3.8,1.7,1.05,2.35,0.5,0,1.15,0.3,0,0.95,4,3.35,4.65,2.5,1.85,3.15,3.4,2.75,4.05,0.5,0,1.15,0.4,0,1.05,0.4,0,1.05,1,0.35,1.65,0.8,0.15,1.45,2.7,1.85,3.55,0.3,0,1.15,1.3,0.45,2.15,2.7,2.6,2.8,2.7,2.29,3.2,,default_placeholder
world-022,3.1,2.45,3.75,2.4,1.6,3.2,3,2.2,3.8,1.3,0.65,1.95,0.5,0,1.15,0.3,0,0.95,3.4,2.75,4.05,3.8,3.15,4.45,1.8,1.15,2.45,0.5,0,1.15,0.4,0,1.05,0.4,0,1.05,1,0.35,1.65,0.8,0.15,1.45,1.9,1.05,2.75,0.3,0,1.15,1.3,0.45,2.15,2.7,2.6,2.8,2.7,2.29,3.2,,default_placeholder
world-023,2.7,2.05,3.35,2.4,1.6,3.2,3,2.2,3.8,1.3,0.65,1.95,1.2,0.55,1.85,0.3,0,0.95,4,3.35,4.65,2.5,1.85,3.15,3.4,2.75,4.05,0.5,0,1.15,2.4,1.75,3.05,2.7,2.05,3.35,1,0.35,1.65,0.8,0.15,1.45,2.7,1.85,3.55,0.3,0,1.15,1.3,0.45,2.15,2.7,2.6,2.8,2.7,2.29,3.2,,rule_inferred
world-024,2.7,2.05,3.35,2.4,1.6,3.2,3,2.2,3.8,1.3,0.65,1.95,0.5,0,1.15,0.3,0,0.95,3.4,2.75,4.05,2.5,1.85,3.15,1.8,1.15,2.45,2.3,1.65,2.95,0.4,0,1.05,0.4,0,1.05,1.3,0.65,1.95,0.8,0.15,1.45,1.9,1.05,2.75,0.3,0,1.15,1.3,0.45,2.15,2.7,2.6,2.8,2.7,2.29,3.2,,default_placeholder
world-025,2.7,2.05,3.35,2.4,1.6,3.2,3,2.2,3.8,1.3,0.65,1.95,0.5,0,1.15,0.3,0,0.95,3.4,2.75,4.05,2.5,1.85,3.15,1.8,1.15,2.45,0.5,0,1.15,0.4,0,1.05,0.4,0,1.05,1,0.35,1.65,0.8,0.15,1.45,1.9,1.05,2.75,0.3,0,1.15,1.3,0.45,2.15,2.7,2.6,2.8,2.7,2.29,3.2,,rule_inferred
world-026,3.1,2.45,3.75,2.4,1.6,3.2,3,2.2,3.8,1.3,0.65,1.95,0.5,0,1.15,0.3,0,0.95,3.4,2.75,4.05,3.8,3.15,4.45,1.8,1.15,2.45,2.3,1.65,2.95,0.4,0,1.05,0.4,0,1.05,1.3,0.65,1.95,0.8,0.15,1.45,1.9,1.05,2.75,0.3,0,1.15,1.3,0.45,2.15,2.7,2.6,2.8,2.7,2.29,3.2,,rule_inferred
world-027,2.7,2.05,3.35,2.4,1.6,3.2,3,2.2,3.8,1.3,0.65,1.95,1.2,0.55,1.85,0.3,0,0.95,3.4,2.75,4.05,2.5,1.85,3.15,1.8,1.15,2.45,0.5,0,1.15,2.4,1.75,3.05,2.7,2.05,3.35,1,0.35,1.65,0.8,0.15,1.45,1.9,1.05,2.75,0.3,0,1.15,1.3,0.45,2.15,2.7,2.6,2.8,2.7,2.29,3.2,,default_placeholder
world-028,3.1,2.45,3.75,2.4,1.6,3.2,3,2.2,3.8,1.3,0.65,1.95,0.5,0,1.15,0.3,0,0.95,4,3.35,4.65,3.8,3.15,4.45,3.4,2.75,4.05,0.5,0,1.15,0.4,0,1.05,0.4,0,1.05,1,0.35,1.65,0.8,0.15,1.45,2.7,1.85,3.55,0.3,0,1.15,1.3,0.45,2.15,2.7,2.6,2.8,2.7,2.29,3.2,,rule_inferred
world-029,3.1,2.45,3.75,2.4,1.6,3.2,3,2.2,3.8,1.3,0.65,1.95,0.5,0,1.15,0.3,0,0.95,3.4,2.75,4.05,3.8,3.15,4.45,1.8,1.15,2.45,0.5,0,1.15,0.4,0,1.05,0.4,0,1.05,1,0.35,1.65,0.8,0.15,1.45,1.9,1.05,2.75,0.3,0,1.15,1.3,0.45,2.15,2.7,2.6,2.8,2.7,2.29,3.2,,default_placeholder
world-030,3.1,2.45,3.75,2.4,1.6,3.2,3,2.2,3.8,1.7,1.05,2.35,1.3,0.65,1.95,0.3,0,0.95,3.4,2.75,4.05,3.8,3.15,4.45,1.8,1.15,2.45,0.5,0,1.15,0.4,0,1.05,0.4,0,1.05,1,0.35,1.65,0.8,0.15,1.45,1.9,1.05,2.75,0.3,0,1.15,1.3,0.45,2.15,2.7,2.6,2.8,2.7,2.29,3.2,,rule_inferred
jp-yakisoba-kitami-shio,3.0,2.1,3.9,3.0,2.1,3.9,3.4,2.5,4.3,1.8,0.9,2.7,0.4,0.0,1.3,0.3,0.0,1.2,4.2,3.3,5.0,0.5,0.0,1.4,4.2,3.3,5.0,1.2,0.3,2.1,0.5,0.0,1.4,0.3,0.0,1.2,3.8,2.9,4.7,1.1,0.2,2.0,1.0,0.1,1.9,2.8,1.9,3.7,2.0,1.1,2.9,3.0,2.8,3.2,3.0,3.3,3.0,,reviewed
jp-yakisoba-otaru-ankake,3.8,2.8,4.8,2.5,1.5,3.5,3.2,2.2,4.2,2.0,1.0,3.0,0.5,0.0,1.5,0.3,0.0,1.3,4.4,3.4,5.0,2.3,1.3,3.3,2.8,1.8,3.8,0.7,0.0,1.7,0.5,0.0,1.5,0.4,0.0,1.4,3.0,2.0,4.0,0.5,0.0,1.5,1.5,0.5,2.5,4.0,3.0,5.0,1.7,0.7,2.7,3.0,2.8,2.7,2.5,3.2,3.0,,reviewed
jp-soba-tsugaru,2.2,1.2,3.2,0.5,0.0,1.5,2.6,1.6,3.6,1.5,0.5,2.5,0.1,0.0,1.1,0.2,0.0,1.2,3.6,2.6,4.6,0.4,0.0,1.4,3.0,2.0,4.0,0.5,0.0,1.5,0.5,0.0,1.5,1.3,0.3,2.3,0.4,0.0,1.4,0.1,0.0,1.1,4.0,3.0,5.0,2.2,1.2,3.2,3.7,2.7,4.7,3.0,2.8,2.0,1.8,2.5,3.2,,reviewed
jp-soba-wanko,2.0,1.2,2.8,0.3,0.0,1.1,3.0,2.2,3.8,1.8,1.0,2.6,0.2,0.0,1.0,0.2,0.0,1.0,3.2,2.4,4.0,0.2,0.0,1.0,2.5,1.7,3.3,0.5,0.0,1.3,0.4,0.0,1.2,0.6,0.0,1.4,0.5,0.0,1.3,0.1,0.0,0.9,3.2,2.4,4.0,3.2,2.4,4.0,4.0,3.2,4.8,2.6,2.4,3.2,2.5,3.2,3.4,,reviewed
jp-yakisoba-ishinomaki,3.2,2.2,4.2,2.4,1.4,3.4,3.3,2.3,4.3,1.8,0.8,2.8,1.1,0.1,2.1,0.4,0.0,1.4,3.5,2.5,4.5,1.6,0.6,2.6,1.5,0.5,2.5,2.2,1.2,3.2,0.4,0.0,1.4,0.8,0.0,1.8,2.8,1.8,3.8,0.9,0.0,1.9,2.2,1.2,3.2,3.4,2.4,4.4,1.8,0.8,2.8,3.2,2.8,2.8,2.6,3.3,3.2,,reviewed
jp-udon-inaniwa,1.7,0.9,2.5,0.2,0.0,1.0,3.0,2.2,3.8,1.9,1.1,2.7,0.2,0.0,1.0,0.2,0.0,1.0,3.5,2.7,4.3,0.4,0.0,1.2,2.5,1.7,3.3,0.5,0.0,1.3,0.4,0.0,1.2,0.6,0.0,1.4,0.5,0.0,1.3,0.1,0.0,0.9,3.4,2.6,4.2,3.4,2.6,4.2,3.3,2.5,4.1,1.5,2.5,3.2,3.5,3.0,4.8,,reviewed
jp-yakisoba-yokote,3.2,2.4,4.0,2.8,2.0,3.6,3.3,2.5,4.1,3.0,2.2,3.8,1.1,0.3,1.9,0.4,0.0,1.2,3.5,2.7,4.3,1.6,0.8,2.4,0.8,0.0,1.6,2.2,1.4,3.0,0.4,0.0,1.2,0.8,0.0,1.6,3.3,2.5,4.1,0.9,0.1,1.7,0.6,0.0,1.4,4.3,3.5,5.0,1.8,1.0,2.6,3.6,3.0,2.6,2.4,3.2,3.2,,reviewed
jp-udon-hippari,3.3,2.3,4.3,1.3,0.3,2.3,3.2,2.2,4.2,1.9,0.9,2.9,0.2,0.0,1.2,0.2,0.0,1.2,4.2,3.2,5.0,0.4,0.0,1.4,3.2,2.2,4.2,0.5,0.0,1.5,0.4,0.0,1.4,3.6,2.6,4.6,0.5,0.0,1.5,0.1,0.0,1.1,1.2,0.2,2.2,3.9,2.9,4.9,3.4,2.4,4.4,3.0,2.8,2.8,2.8,3.2,3.3,,reviewed
jp-soba-tsumetai-niku,3.2,2.3,4.1,1.6,0.7,2.5,2.6,1.7,3.5,1.5,0.6,2.4,0.1,0.0,1.0,0.2,0.0,1.1,3.6,2.7,4.5,3.8,2.9,4.7,2.5,1.6,3.4,0.5,0.0,1.4,0.5,0.0,1.4,0.5,0.0,1.4,0.4,0.0,1.3,0.1,0.0,1.0,3.5,2.6,4.4,2.8,1.9,3.7,3.6,2.7,4.5,3.2,2.8,4.0,2.8,4.0,3.2,,reviewed
jp-soba-ita,1.8,1.0,2.6,0.3,0.0,1.1,3.0,2.2,3.8,1.8,1.0,2.6,0.2,0.0,1.0,0.2,0.0,1.0,3.2,2.4,4.0,0.2,0.0,1.0,2.5,1.7,3.3,0.5,0.0,1.3,0.4,0.0,1.2,0.6,0.0,1.4,0.5,0.0,1.3,0.1,0.0,0.9,3.2,2.4,4.0,3.4,2.6,4.2,4.4,3.6,5.0,4.0,3.3,4.2,2.8,4.4,2.6,,reviewed
jp-soba-tachi,1.8,1.0,2.6,0.3,0.0,1.1,3.0,2.2,3.8,1.8,1.0,2.6,0.2,0.0,1.0,0.2,0.0,1.0,3.2,2.4,4.0,0.2,0.0,1.0,2.5,1.7,3.3,0.5,0.0,1.3,0.4,0.0,1.2,0.6,0.0,1.4,0.5,0.0,1.3,0.1,0.0,0.9,3.2,2.4,4.0,3.4,2.6,4.2,4.8,4.0,5.0,4.0,3.3,3.5,2.0,4.0,2.4,,reviewed
jp-yakisoba-namie,3.8,2.9,4.7,3.2,2.3,4.1,3.7,2.8,4.6,2.5,1.6,3.4,1.1,0.2,2.0,1.0,0.1,1.9,3.5,2.6,4.4,1.6,0.7,2.5,0.8,0.0,1.7,2.2,1.3,3.1,0.4,0.0,1.3,0.8,0.0,1.7,4.1,3.2,5.0,0.9,0.0,1.8,0.6,0.0,1.5,4.3,3.4,5.0,1.8,0.9,2.7,4.7,3.8,3.7,3.0,4.3,2.6,,reviewed
jp-udon-mimi,2.8,2.0,3.6,0.5,0.0,1.3,2.5,1.7,3.3,1.4,0.6,2.2,0.1,0.0,0.9,0.1,0.0,0.9,3.8,3.0,4.6,1.2,0.4,2.0,2.5,1.7,3.3,0.3,0.0,1.1,0.4,0.0,1.2,0.4,0.0,1.2,0.4,0.0,1.2,0.1,0.0,0.9,4.0,3.2,4.8,1.9,1.1,2.7,2.8,2.0,3.6,4.2,4.0,3.0,2.5,4.0,2.5,,reviewed
jp-udon-okkirikomi,3.5,2.5,4.5,1.0,0.0,2.0,2.7,1.7,3.7,2.0,1.0,3.0,0.1,0.0,1.1,0.3,0.0,1.3,4.0,3.0,5.0,1.0,0.0,2.0,1.7,0.7,2.7,0.7,0.0,1.7,0.7,0.0,1.7,1.3,0.3,2.3,0.5,0.0,1.5,0.3,0.0,1.3,3.8,2.8,4.8,2.4,1.4,3.4,2.6,1.6,3.6,4.1,4.5,2.5,2.2,3.8,2.7,,reviewed
jp-udon-himokawa,2.1,1.1,3.1,0.5,0.0,1.5,2.5,1.5,3.5,1.4,0.4,2.4,0.1,0.0,1.1,0.1,0.0,1.1,3.6,2.6,4.6,0.5,0.0,1.5,2.5,1.5,3.5,0.3,0.0,1.3,0.4,0.0,1.4,0.4,0.0,1.4,0.4,0.0,1.4,0.1,0.0,1.1,4.0,3.0,5.0,1.9,0.9,2.9,3.0,2.0,4.0,2.4,5.0,2.8,2.8,3.5,4.3,,reviewed
jp-udon-mizusawa,1.9,1.1,2.7,0.3,0.0,1.1,3.0,2.2,3.8,1.9,1.1,2.7,0.2,0.0,1.0,0.2,0.0,1.0,3.5,2.7,4.3,0.4,0.0,1.2,2.5,1.7,3.3,0.5,0.0,1.3,0.4,0.0,1.2,0.6,0.0,1.4,0.5,0.0,1.3,0.1,0.0,0.9,3.4,2.6,4.2,3.4,2.6,4.2,3.4,2.6,4.2,3.2,2.8,4.4,4.2,4.2,4.4,,reviewed
jp-yakisoba-ota,3.4,2.2,4.6,3.2,2.0,4.4,3.3,2.1,4.5,2.5,1.3,3.7,1.1,0.0,2.3,0.4,0.0,1.6,3.5,2.3,4.7,1.6,0.4,2.8,0.8,0.0,2.0,2.2,1.0,3.4,0.4,0.0,1.6,0.8,0.0,2.0,4.0,2.8,5.0,0.9,0.0,2.1,0.6,0.0,1.8,4.5,3.3,5.0,1.8,0.6,3.0,3.4,3.0,3.0,2.8,3.5,2.8,,reviewed
jp-udon-kazo,2.0,1.2,2.8,0.4,0.0,1.2,3.0,2.2,3.8,1.9,1.1,2.7,0.2,0.0,1.0,0.2,0.0,1.0,3.5,2.7,4.3,0.4,0.0,1.2,2.5,1.7,3.3,0.5,0.0,1.3,0.4,0.0,1.2,0.6,0.0,1.4,0.5,0.0,1.3,0.1,0.0,0.9,3.4,2.6,4.2,3.4,2.6,4.2,3.4,2.6,4.2,3.5,3.0,4.2,3.8,4.1,4.0,,reviewed
jp-udon-musashino,3.0,2.2,3.8,0.4,0.0,1.2,3.0,2.2,3.8,1.9,1.1,2.7,0.2,0.0,1.0,0.2,0.0,1.0,3.5,2.7,4.3,3.0,2.2,3.8,2.5,1.7,3.3,0.5,0.0,1.3,0.4,0.0,1.2,0.6,0.0,1.4,0.5,0.0,1.3,0.1,0.0,0.9,3.6,2.8,4.4,3.4,2.6,4.2,4.2,3.4,5.0,4.3,3.4,4.8,3.8,4.8,2.8,,reviewed
jp-soba-jindaiji,1.8,1.0,2.6,0.3,0.0,1.1,3.0,2.2,3.8,1.8,1.0,2.6,0.2,0.0,1.0,0.2,0.0,1.0,3.2,2.4,4.0,0.2,0.0,1.0,2.5,1.7,3.3,0.5,0.0,1.3,0.4,0.0,1.2,0.6,0.0,1.4,0.5,0.0,1.3,0.1,0.0,0.9,3.2,2.4,4.0,3.4,2.6,4.2,4.0,3.2,4.8,2.8,2.5,3.5,2.8,3.5,3.5,,reviewed
jp-soba-hegi,1.8,1.0,2.6,0.3,0.0,1.1,3.0,2.2,3.8,1.8,1.0,2.6,0.2,0.0,1.0,0.2,0.0,1.0,3.2,2.4,4.0,0.2,0.0,1.0,2.5,1.7,3.3,0.5,0.0,1.3,0.4,0.0,1.2,0.6,0.0,1.4,0.5,0.0,1.3,0.1,0.0,0.9,3.2,2.4,4.0,3.4,2.6,4.2,3.8,3.0,4.6,2.5,2.3,4.0,4.5,4.0,4.8,,reviewed
jp-yakisoba-itoigawa-black,3.3,2.2,4.4,3.0,1.9,4.1,3.4,2.3,4.5,1.0,0.0,2.1,0.4,0.0,1.5,0.3,0.0,1.4,4.2,3.1,5.0,1.3,0.2,2.4,4.6,3.5,5.0,1.2,0.1,2.3,0.5,0.0,1.6,0.3,0.0,1.4,3.7,2.6,4.8,1.1,0.0,2.2,1.0,0.0,2.1,3.4,2.3,4.5,2.0,0.9,3.1,3.0,2.8,3.2,3.0,3.4,2.8,,reviewed
jp-udon-himi,2.0,1.2,2.8,0.4,0.0,1.2,3.0,2.2,3.8,1.9,1.1,2.7,0.2,0.0,1.0,0.2,0.0,1.0,3.5,2.7,4.3,0.4,0.0,1.2,2.5,1.7,3.3,0.5,0.0,1.3,0.4,0.0,1.2,0.6,0.0,1.4,0.5,0.0,1.3,0.1,0.0,0.9,3.4,2.6,4.2,3.4,2.6,4.2,3.3,2.5,4.1,2.2,2.3,3.9,4.4,4.0,4.7,,reviewed
jp-soba-echizen-oroshi,1.8,1.0,2.6,0.3,0.0,1.1,3.0,2.2,3.8,1.8,1.0,2.6,0.6,0.0,1.4,1.0,0.2,1.8,3.2,2.4,4.0,0.2,0.0,1.0,2.5,1.7,3.3,1.0,0.2,1.8,0.4,0.0,1.2,0.6,0.0,1.4,0.5,0.0,1.3,0.1,0.0,0.9,3.2,2.4,4.0,3.4,2.6,4.2,4.4,3.6,5.0,3.5,3.0,4.0,2.8,4.0,2.8,,reviewed
jp-udon-yoshida,3.1,2.1,4.1,0.5,0.0,1.5,3.0,2.0,4.0,1.4,0.4,2.4,0.1,0.0,1.1,1.2,0.2,2.2,3.6,2.6,4.6,2.4,1.4,3.4,2.5,1.5,3.5,0.3,0.0,1.3,0.4,0.0,1.4,0.4,0.0,1.4,0.4,0.0,1.4,0.1,0.0,1.1,4.0,3.0,5.0,1.9,0.9,2.9,3.8,2.8,4.8,4.8,3.8,5.0,3.5,5.0,2.0,,reviewed
jp-other-hoto,4.0,2.9,5.0,1.0,0.0,2.1,2.6,1.5,3.7,3.2,2.1,4.3,0.1,0.0,1.2,0.4,0.0,1.5,4.2,3.1,5.0,1.0,0.0,2.1,1.2,0.1,2.3,1.0,0.0,2.1,0.7,0.0,1.8,2.5,1.4,3.6,0.5,0.0,1.6,0.3,0.0,1.4,3.3,2.2,4.4,2.8,1.7,3.9,2.7,1.6,3.8,4.2,4.5,2.3,2.0,3.8,2.7,,reviewed
jp-soba-toji,3.4,2.4,4.4,0.5,0.0,1.5,2.6,1.6,3.6,1.5,0.5,2.5,0.1,0.0,1.1,0.2,0.0,1.2,4.4,3.4,5.0,2.3,1.3,3.3,2.5,1.5,3.5,0.5,0.0,1.5,0.5,0.0,1.5,0.5,0.0,1.5,0.4,0.0,1.4,0.1,0.0,1.1,4.2,3.2,5.0,2.2,1.2,3.2,3.6,2.6,4.6,2.8,2.5,3.2,2.5,3.4,3.2,,reviewed
jp-soba-togakushi,1.8,1.0,2.6,0.3,0.0,1.1,3.0,2.2,3.8,1.8,1.0,2.6,0.2,0.0,1.0,0.2,0.0,1.0,3.2,2.4,4.0,0.2,0.0,1.0,2.5,1.7,3.3,0.5,0.0,1.3,0.4,0.0,1.2,0.6,0.0,1.4,0.5,0.0,1.3,0.1,0.0,0.9,3.2,2.4,4.0,3.4,2.6,4.2,4.6,3.8,5.0,2.8,2.5,3.8,3.0,3.7,3.5,,reviewed
jp-soba-takato,1.8,0.8,2.8,0.3,0.0,1.3,3.0,2.0,4.0,1.8,0.8,2.8,0.2,0.0,1.2,1.3,0.3,2.3,3.2,2.2,4.2,0.2,0.0,1.2,2.5,1.5,3.5,1.2,0.2,2.2,0.4,0.0,1.4,2.3,1.3,3.3,0.5,0.0,1.5,0.1,0.0,1.1,1.8,0.8,2.8,3.2,2.2,4.2,4.0,3.0,5.0,2.8,2.5,3.5,2.8,3.5,3.2,,reviewed
jp-yakisoba-fujinomiya,3.5,2.7,4.3,3.2,2.4,4.0,3.3,2.5,4.1,2.5,1.7,3.3,1.1,0.3,1.9,0.4,0.0,1.2,4.1,3.3,4.9,2.5,1.7,3.3,2.2,1.4,3.0,2.2,1.4,3.0,0.4,0.0,1.2,0.8,0.0,1.6,4.2,3.4,5.0,0.9,0.1,1.7,0.6,0.0,1.4,4.3,3.5,5.0,1.8,1.0,2.6,3.6,3.0,4.5,3.8,4.6,2.7,,reviewed
jp-yakisoba-seto-shoyu,3.2,2.4,4.0,3.2,2.4,4.0,3.5,2.7,4.3,1.4,0.6,2.2,0.2,0.0,1.0,0.4,0.0,1.2,3.5,2.7,4.3,2.8,2.0,3.6,0.8,0.0,1.6,0.5,0.0,1.3,0.4,0.0,1.2,0.8,0.0,1.6,4.0,3.2,4.8,0.9,0.1,1.7,1.5,0.7,2.3,3.8,3.0,4.6,1.8,1.0,2.6,3.0,2.8,3.0,2.8,3.4,2.8,,reviewed
jp-other-kishimen,2.1,1.3,2.9,0.5,0.0,1.3,2.6,1.8,3.4,1.5,0.7,2.3,0.1,0.0,0.9,0.1,0.0,0.9,3.7,2.9,4.5,0.5,0.0,1.3,2.6,1.8,3.4,0.3,0.0,1.1,0.4,0.0,1.2,0.4,0.0,1.2,0.4,0.0,1.2,0.1,0.0,0.9,4.0,3.2,4.8,2.0,1.2,2.8,2.8,2.0,3.6,2.0,5.0,2.6,2.8,3.0,4.5,,reviewed
jp-udon-ise,3.4,2.6,4.2,0.7,0.0,1.5,3.1,2.3,3.9,3.4,2.6,4.2,0.2,0.0,1.0,0.2,0.0,1.0,4.0,3.2,4.8,0.3,0.0,1.1,2.0,1.2,2.8,0.3,0.0,1.1,0.2,0.0,1.0,1.3,0.5,2.1,0.5,0.0,1.3,0.1,0.0,0.9,2.3,1.5,3.1,4.7,3.9,5.0,2.0,1.2,2.8,5.0,4.0,1.5,1.5,2.8,3.5,,reviewed
jp-soba-izushi,1.8,1.0,2.6,0.3,0.0,1.1,3.0,2.2,3.8,1.8,1.0,2.6,0.2,0.0,1.0,0.2,0.0,1.0,3.2,2.4,4.0,0.2,0.0,1.0,2.5,1.7,3.3,0.5,0.0,1.3,0.4,0.0,1.2,0.6,0.0,1.4,0.5,0.0,1.3,0.1,0.0,0.9,3.2,2.4,4.0,3.4,2.6,4.2,4.0,3.2,4.8,2.7,2.5,3.6,2.8,3.5,3.4,,reviewed
jp-other-sobameshi,3.7,2.7,4.7,3.5,2.5,4.5,3.5,2.5,4.5,2.5,1.5,3.5,0.8,0.0,1.8,0.4,0.0,1.4,3.9,2.9,4.9,1.5,0.5,2.5,1.0,0.0,2.0,1.8,0.8,2.8,0.4,0.0,1.4,0.7,0.0,1.7,4.2,3.2,5.0,1.0,0.0,2.0,0.7,0.0,1.7,4.5,3.5,5.0,1.5,0.5,2.5,2.5,2.5,2.5,2.0,3.0,2.2,,reviewed
jp-other-sayo-horumon-yakiudon,4.0,2.9,5.0,3.8,2.7,4.9,3.3,2.2,4.4,2.2,1.1,3.3,0.8,0.0,1.9,0.4,0.0,1.5,4.2,3.1,5.0,4.7,3.6,5.0,1.0,0.0,2.1,1.8,0.7,2.9,0.4,0.0,1.5,0.7,0.0,1.8,4.3,3.2,5.0,1.5,0.4,2.6,0.7,0.0,1.8,4.0,2.9,5.0,1.8,0.7,2.9,3.6,3.2,3.6,3.0,4.0,2.6,,reviewed
jp-yakisoba-sechi,3.8,2.8,4.8,3.4,2.4,4.4,3.3,2.3,4.3,2.5,1.5,3.5,1.1,0.1,2.1,0.4,0.0,1.4,4.0,3.0,5.0,1.6,0.6,2.6,0.8,0.0,1.8,2.2,1.2,3.2,0.4,0.0,1.4,0.8,0.0,1.8,4.0,3.0,5.0,0.9,0.0,1.9,0.6,0.0,1.6,4.4,3.4,5.0,1.8,0.8,2.8,3.0,2.8,2.8,2.5,3.2,2.5,,reviewed
jp-soba-izumo,2.1,1.2,3.0,0.3,0.0,1.2,3.0,2.1,3.9,1.8,0.9,2.7,0.2,0.0,1.1,0.2,0.0,1.1,3.2,2.3,4.1,0.2,0.0,1.1,2.5,1.6,3.4,0.5,0.0,1.4,0.4,0.0,1.3,0.6,0.0,1.5,0.5,0.0,1.4,0.1,0.0,1.0,3.2,2.3,4.1,3.4,2.5,4.3,4.8,3.9,5.0,3.2,3.0,3.8,2.7,3.8,3.0,,reviewed
jp-yakisoba-hiruzen,3.8,2.9,4.7,3.2,2.3,4.1,3.3,2.4,4.2,3.1,2.2,4.0,0.4,0.0,1.3,0.4,0.0,1.3,3.5,2.6,4.4,3.0,2.1,3.9,0.8,0.0,1.7,2.2,1.3,3.1,0.4,0.0,1.3,2.7,1.8,3.6,4.0,3.1,4.9,2.2,1.3,3.1,0.6,0.0,1.5,4.4,3.5,5.0,1.8,0.9,2.7,3.4,3.0,3.5,3.0,3.8,2.8,,reviewed
jp-other-tsuyama-horumon-udon,4.2,3.1,5.0,4.0,2.9,5.0,3.4,2.3,4.5,2.5,1.4,3.6,0.8,0.0,1.9,0.4,0.0,1.5,4.3,3.2,5.0,4.8,3.7,5.0,1.0,0.0,2.1,1.8,0.7,2.9,0.4,0.0,1.5,1.8,0.7,2.9,4.2,3.1,5.0,1.8,0.7,2.9,0.7,0.0,1.8,4.3,3.2,5.0,1.8,0.7,2.9,3.5,3.2,3.5,3.0,4.0,2.6,,reviewed
jp-other-kawara-soba,3.4,2.5,4.3,3.0,2.1,3.9,3.0,2.1,3.9,2.3,1.4,3.2,1.3,0.4,2.2,0.4,0.0,1.3,3.8,2.9,4.7,2.7,1.8,3.6,1.0,0.1,1.9,1.8,0.9,2.7,0.4,0.0,1.3,0.7,0.0,1.6,4.5,3.6,5.0,1.0,0.1,1.9,1.5,0.6,2.4,3.4,2.5,4.3,3.4,2.5,4.3,2.0,2.0,3.8,2.8,3.8,2.5,,reviewed
jp-udon-naruchuru,1.7,0.9,2.5,0.5,0.0,1.3,2.1,1.3,2.9,1.4,0.6,2.2,0.1,0.0,0.9,0.1,0.0,0.9,3.6,2.8,4.4,0.5,0.0,1.3,2.5,1.7,3.3,0.3,0.0,1.1,0.4,0.0,1.2,0.4,0.0,1.2,0.4,0.0,1.2,0.1,0.0,0.9,3.5,2.7,4.3,1.9,1.1,2.7,2.8,2.0,3.6,2.2,2.0,1.8,1.8,2.0,4.0,,reviewed
jp-soba-iya,2.2,1.4,3.0,0.5,0.0,1.3,2.6,1.8,3.4,1.5,0.7,2.3,0.1,0.0,0.9,0.2,0.0,1.0,3.6,2.8,4.4,0.4,0.0,1.2,2.5,1.7,3.3,0.5,0.0,1.3,0.5,0.0,1.3,0.5,0.0,1.3,0.4,0.0,1.2,0.1,0.0,0.9,4.0,3.2,4.8,2.2,1.4,3.0,4.6,3.8,5.0,4.0,3.5,2.8,1.8,3.5,2.2,,reviewed
jp-udon-shippoku,3.0,2.2,3.8,0.5,0.0,1.3,2.5,1.7,3.3,1.4,0.6,2.2,0.1,0.0,0.9,0.1,0.0,0.9,4.2,3.4,5.0,0.5,0.0,1.3,2.5,1.7,3.3,0.3,0.0,1.1,0.4,0.0,1.2,0.4,0.0,1.2,0.4,0.0,1.2,0.1,0.0,0.9,4.4,3.6,5.0,1.9,1.1,2.7,2.8,2.0,3.6,3.6,3.0,3.7,3.8,4.0,3.8,,reviewed
jp-udon-sanuki,2.0,1.0,3.0,0.5,0.0,1.5,2.5,1.5,3.5,1.4,0.4,2.4,0.1,0.0,1.1,0.1,0.0,1.1,3.6,2.6,4.6,0.5,0.0,1.5,2.5,1.5,3.5,0.3,0.0,1.3,0.4,0.0,1.4,0.4,0.0,1.4,0.4,0.0,1.4,0.1,0.0,1.1,4.2,3.2,5.0,1.9,0.9,2.9,3.5,2.5,4.5,3.8,3.2,4.5,4.7,4.5,4.0,,reviewed
jp-udon-hakata,2.3,1.5,3.1,0.5,0.0,1.3,2.5,1.7,3.3,1.4,0.6,2.2,0.1,0.0,0.9,0.1,0.0,0.9,4.0,3.2,4.8,0.5,0.0,1.3,2.5,1.7,3.3,0.3,0.0,1.1,0.4,0.0,1.2,0.4,0.0,1.2,0.4,0.0,1.2,0.1,0.0,0.9,4.5,3.7,5.0,1.9,1.1,2.7,2.8,2.0,3.6,3.8,3.2,1.8,1.8,2.2,4.0,,reviewed
jp-other-kokura-yakiudon,3.4,2.4,4.4,3.3,2.3,4.3,3.3,2.3,4.3,2.4,1.4,3.4,0.8,0.0,1.8,0.4,0.0,1.4,3.7,2.7,4.7,2.0,1.0,3.0,1.0,0.0,2.0,1.8,0.8,2.8,0.4,0.0,1.4,0.7,0.0,1.7,4.0,3.0,5.0,1.0,0.0,2.0,0.7,0.0,1.7,4.2,3.2,5.0,2.0,1.0,3.0,3.6,3.2,3.4,3.0,3.8,2.7,,reviewed
jp-udon-goto,2.0,1.2,2.8,0.6,0.0,1.4,3.0,2.2,3.8,1.9,1.1,2.7,0.2,0.0,1.0,0.2,0.0,1.0,3.5,2.7,4.3,0.4,0.0,1.2,3.3,2.5,4.1,0.5,0.0,1.3,0.4,0.0,1.2,0.6,0.0,1.4,0.5,0.0,1.3,0.1,0.0,0.9,3.8,3.0,4.6,3.4,2.6,4.2,3.4,2.6,4.2,1.8,1.5,4.0,4.4,3.8,4.6,,reviewed
jp-soba-taishu,1.8,0.9,2.7,0.3,0.0,1.2,3.0,2.1,3.9,1.8,0.9,2.7,0.2,0.0,1.1,0.2,0.0,1.1,3.2,2.3,4.1,0.2,0.0,1.1,2.5,1.6,3.4,0.5,0.0,1.4,0.4,0.0,1.3,0.6,0.0,1.5,0.5,0.0,1.4,0.1,0.0,1.0,3.2,2.3,4.1,3.4,2.5,4.3,4.9,4.0,5.0,3.0,2.8,3.5,2.5,3.5,3.0,,reviewed
jp-other-nagasaki-saraudon,3.6,2.5,4.7,2.8,1.7,3.9,3.2,2.1,4.3,2.1,1.0,3.2,0.5,0.0,1.6,0.3,0.0,1.4,4.3,3.2,5.0,2.0,0.9,3.1,3.4,2.3,4.5,0.7,0.0,1.8,0.5,0.0,1.6,0.4,0.0,1.5,3.0,1.9,4.1,0.5,0.0,1.6,1.5,0.4,2.6,3.8,2.7,4.9,1.7,0.6,2.8,2.5,2.5,4.0,2.2,3.6,2.5,,reviewed
jp-udon-saiki-gomadashi,3.2,2.2,4.2,0.5,0.0,1.5,3.2,2.2,4.2,1.4,0.4,2.4,0.1,0.0,1.1,0.1,0.0,1.1,4.8,3.8,5.0,0.5,0.0,1.5,4.7,3.7,5.0,0.3,0.0,1.3,0.4,0.0,1.4,0.4,0.0,1.4,2.5,1.5,3.5,0.1,0.0,1.1,2.0,1.0,3.0,3.8,2.8,4.8,2.8,1.8,3.8,3.2,2.8,2.8,2.7,3.2,3.3,,reviewed
jp-yakisoba-hita,3.2,2.4,4.0,3.4,2.6,4.2,3.3,2.5,4.1,2.5,1.7,3.3,1.1,0.3,1.9,0.4,0.0,1.2,3.5,2.7,4.3,1.6,0.8,2.4,0.8,0.0,1.6,2.2,1.4,3.0,0.4,0.0,1.2,0.8,0.0,1.6,4.7,3.9,5.0,0.9,0.1,1.7,0.6,0.0,1.4,4.2,3.4,5.0,1.8,1.0,2.6,3.5,3.0,4.3,3.2,4.4,2.4,,reviewed
jp-udon-miyazaki-kamaage,1.9,1.1,2.7,0.4,0.0,1.2,3.0,2.2,3.8,1.9,1.1,2.7,0.2,0.0,1.0,0.2,0.0,1.0,3.5,2.7,4.3,0.4,0.0,1.2,2.5,1.7,3.3,0.5,0.0,1.3,0.4,0.0,1.2,0.6,0.0,1.4,0.5,0.0,1.3,0.1,0.0,0.9,3.8,3.0,4.6,3.4,2.6,4.2,3.4,2.6,4.2,2.5,2.2,2.0,2.2,2.5,4.0,,reviewed
jp-style-ramen-shoyu,2.8,1.4,4.2,2.2,0.8,3.6,3.3,2.3,4.3,1.3,0.3,2.3,0.2,0.0,1.2,0.2,0.0,1.2,3.9,2.9,4.9,2.4,1.0,3.8,1.9,0.5,3.3,0.5,0.0,1.5,0.3,0.0,1.3,1.7,0.7,2.7,1.1,0.1,2.1,0.7,0.0,1.7,2.9,1.5,4.3,4.0,3.0,5.0,2.7,1.7,3.7,2.8,2.6,3.2,3.1,3.1,3.3,細麺から太麺、直線から縮れまで幅広い中華麺,reviewed
jp-style-ramen-shio,2.2,0.9,3.5,1.8,0.5,3.1,3.5,2.6,4.4,0.9,0.0,1.8,0.2,0.0,1.1,0.2,0.0,1.1,3.7,2.8,4.6,2.0,0.7,3.3,2.1,0.8,3.4,0.5,0.0,1.4,0.3,0.0,1.2,0.4,0.0,1.3,0.7,0.0,1.6,0.5,0.0,1.4,3.2,1.9,4.5,3.4,2.5,4.3,2.7,1.8,3.6,2.5,2.3,3.1,3.0,2.9,3.5,細めから中太を中心に、直線・縮れの両方がある中華麺,reviewed
jp-style-ramen-miso,3.9,2.7,5.0,3.1,1.9,4.3,3.4,2.5,4.3,2.3,1.1,3.5,0.2,0.0,1.1,0.2,0.0,1.4,4.1,3.2,5.0,2.6,1.7,3.5,1.4,0.5,2.3,1.2,0.0,2.4,0.3,0.0,1.2,3.9,3.0,4.8,2.0,1.1,2.9,1.5,0.3,2.7,2.5,1.6,3.4,4.5,3.6,5.0,2.6,1.7,3.5,3.6,3.1,3.5,3.5,3.7,3.0,中太から太め、縮れ麺を含む中華麺,reviewed
jp-style-ramen-tonkotsu,4.5,3.4,5.0,4.0,2.9,5.0,3.1,2.0,4.2,1.4,0.6,2.2,0.2,0.0,1.0,0.2,0.0,1.0,4.4,3.6,5.0,4.9,4.1,5.0,0.5,0.0,1.3,0.5,0.0,1.3,0.3,0.0,1.1,0.5,0.0,1.3,0.8,0.0,1.6,1.5,0.4,2.6,1.0,0.2,1.8,2.9,2.1,3.7,2.2,1.4,3.0,1.6,1.5,4.2,2.6,2.8,3.5,細い直麺が代表的だが、中太麺を用いる地域・店もある,reviewed
jp-style-ramen-tori-paitan,4.2,3.0,5.0,3.6,2.4,4.8,3.0,2.1,3.9,1.6,0.7,2.5,0.2,0.0,1.1,0.2,0.0,1.1,4.4,3.5,5.0,4.6,3.7,5.0,1.0,0.0,2.2,0.5,0.0,1.4,0.3,0.0,1.2,0.5,0.0,1.4,0.8,0.0,1.7,0.8,0.0,1.7,1.8,0.6,3.0,3.0,2.1,3.9,2.5,1.6,3.4,3.0,2.8,3.2,3.3,3.4,3.2,中細から中太の中華麺が多い,reviewed
jp-style-ramen-niboshi,2.9,1.5,4.3,1.7,0.3,3.1,3.2,2.3,4.1,1.1,0.2,2.0,0.2,0.0,1.1,0.2,0.0,1.1,4.5,3.6,5.0,1.4,0.0,2.8,4.8,3.4,5.0,0.5,0.0,1.4,0.3,0.0,1.2,0.7,0.0,1.6,1.6,0.2,3.0,0.4,0.0,1.3,4.7,3.8,5.0,3.2,2.3,4.1,2.8,1.9,3.7,2.8,2.5,3.4,3.1,3.2,3.1,細麺から太麺まで幅広い中華麺,reviewed
jp-style-ramen-tsukemen,4.0,2.7,5.0,3.0,1.7,4.3,4.0,3.1,4.9,2.2,1.3,3.1,1.2,0.0,2.5,0.6,0.0,1.9,4.5,3.6,5.0,3.1,1.8,4.4,3.1,1.8,4.4,0.8,0.0,1.7,0.3,0.0,1.2,0.8,0.0,1.7,1.5,0.6,2.4,1.0,0.1,1.9,3.4,2.5,4.3,4.6,3.7,5.0,4.0,3.1,4.9,4.5,3.8,4.3,4.2,4.6,3.3,中太から極太、もちもち・強いコシを重視した中華麺が多い,reviewed
jp-style-ramen-aburasoba-mazesoba,3.8,2.8,4.8,4.3,2.8,5.0,3.8,2.8,4.8,1.8,0.8,2.8,1.0,0.0,2.0,1.2,0.0,2.7,4.1,3.1,5.0,2.2,0.7,3.7,1.5,0.0,3.0,1.5,0.5,2.5,0.3,0.0,1.3,0.8,0.0,1.8,2.8,1.8,3.8,2.4,0.9,3.9,0.8,0.0,1.8,4.6,3.6,5.0,3.8,2.8,4.8,4.0,3.3,4.0,4.0,4.4,3.0,中太から極太の中華麺が多い,reviewed
jp-style-udon-kake,1.9,1.0,2.8,0.5,0.0,1.4,2.7,1.8,3.6,1.4,0.5,2.3,0.2,0.0,1.1,0.2,0.0,1.1,3.7,2.8,4.6,0.5,0.0,1.4,2.7,1.8,3.6,0.5,0.0,1.4,0.3,0.0,1.2,0.5,0.0,1.4,0.4,0.0,1.3,0.1,0.0,1.0,4.2,3.3,5.0,2.2,1.3,3.1,3.0,2.1,3.9,3.5,3.2,3.5,4.0,4.0,4.0,中太から太めのうどん,reviewed
jp-style-udon-bukkake,2.1,1.2,3.0,0.5,0.0,1.4,3.3,2.4,4.2,1.8,0.9,2.7,0.2,0.0,1.1,0.2,0.0,1.1,3.6,2.7,4.5,0.4,0.0,1.3,2.5,1.6,3.4,0.5,0.0,1.4,0.3,0.0,1.2,0.6,0.0,1.5,0.5,0.0,1.4,0.1,0.0,1.0,3.3,2.4,4.2,3.9,3.0,4.8,3.5,2.6,4.4,3.6,3.2,4.3,4.4,4.3,3.8,中太から太め、冷水で締めて強いコシを出すことが多い,reviewed
jp-style-udon-kamaage,1.7,0.9,2.5,0.3,0.0,1.1,2.8,2.0,3.6,1.5,0.7,2.3,0.2,0.0,1.0,0.2,0.0,1.0,3.1,2.3,3.9,0.3,0.0,1.1,2.2,1.4,3.0,0.5,0.0,1.3,0.3,0.0,1.1,0.5,0.0,1.3,0.3,0.0,1.1,0.1,0.0,0.9,3.0,2.2,3.8,3.3,2.5,4.1,4.0,3.2,4.8,3.5,3.2,2.5,3.6,3.5,4.1,ゆで上げ後に水で締めない、ふんわりしたうどん,reviewed
jp-style-udon-zaru,1.5,0.7,2.3,0.2,0.0,1.0,3.1,2.3,3.9,1.6,0.8,2.4,0.2,0.0,1.0,0.2,0.0,1.0,3.2,2.4,4.0,0.3,0.0,1.1,2.4,1.6,3.2,0.5,0.0,1.3,0.3,0.0,1.1,0.5,0.0,1.3,0.3,0.0,1.1,0.1,0.0,0.9,3.1,2.3,3.9,3.6,2.8,4.4,4.0,3.2,4.8,3.5,3.2,4.5,4.3,4.2,4.4,ゆで後に冷水で締め、ざる等へ盛るうどん,reviewed
jp-style-udon-curry,4.0,2.7,5.0,2.8,1.5,4.1,3.3,2.4,4.2,2.0,0.7,3.3,0.5,0.0,1.4,1.9,0.6,3.2,4.1,3.2,5.0,1.9,0.6,3.2,1.4,0.5,2.3,4.5,3.2,5.0,0.3,0.0,1.2,0.8,0.0,1.7,2.2,1.3,3.1,1.2,0.3,2.1,3.5,2.6,4.4,4.2,3.3,5.0,2.5,1.6,3.4,3.7,3.3,3.5,3.8,4.0,3.3,中太から太めのうどん,reviewed
jp-style-soba-kake,1.9,1.0,2.8,0.4,0.0,1.3,2.9,2.0,3.8,1.4,0.5,2.3,0.2,0.0,1.1,0.2,0.0,1.1,3.8,2.9,4.7,0.3,0.0,1.2,2.7,1.8,3.6,0.5,0.0,1.4,0.3,0.0,1.2,0.5,0.0,1.4,0.4,0.0,1.3,0.1,0.0,1.0,4.2,3.3,5.0,2.5,1.6,3.4,3.8,2.9,4.7,2.5,2.3,3.2,2.8,3.2,3.4,細めから中太のそば,reviewed
jp-style-soba-mori-zaru,1.5,0.7,2.3,0.2,0.0,1.0,3.2,2.4,4.0,1.7,0.9,2.5,0.2,0.0,1.0,0.2,0.0,1.0,3.3,2.5,4.1,0.2,0.0,1.0,2.5,1.7,3.3,0.5,0.0,1.3,0.3,0.0,1.1,0.5,0.0,1.3,0.4,0.0,1.2,0.1,0.0,0.9,3.3,2.5,4.1,3.9,3.1,4.7,4.4,3.6,5.0,2.5,2.3,3.8,3.0,3.5,3.7,冷水で締めた細めから中太のそば,reviewed
jp-style-soba-tempura,3.0,1.8,4.2,3.5,2.3,4.7,3.0,2.1,3.9,1.5,0.6,2.4,0.2,0.0,1.1,0.2,0.0,1.1,3.9,3.0,4.8,0.5,0.0,1.7,2.9,1.7,4.1,0.5,0.0,1.4,0.3,0.0,1.2,0.5,0.0,1.4,3.0,2.1,3.9,0.1,0.0,1.0,4.0,3.1,4.9,2.8,1.9,3.7,3.5,2.6,4.4,2.5,2.3,3.1,2.8,3.2,3.3,細めから中太のそば,reviewed
jp-style-soba-kamo-nanban,3.5,2.5,4.5,2.8,1.8,3.8,3.0,2.0,4.0,1.9,0.9,2.9,0.2,0.0,1.2,0.2,0.0,1.2,4.4,3.4,5.0,4.1,3.1,5.0,2.2,1.2,3.2,0.5,0.0,1.5,0.3,0.0,1.3,0.5,0.0,1.5,2.7,1.7,3.7,0.1,0.0,1.1,3.9,2.9,4.9,3.0,2.0,4.0,3.6,2.6,4.6,2.5,2.3,3.2,2.8,3.3,3.3,細めから中太のそば,reviewed
jp-style-yakisoba-sauce,3.3,2.3,4.3,3.3,2.3,4.3,3.4,2.4,4.4,2.6,1.6,3.6,1.1,0.1,2.1,0.4,0.0,1.4,3.8,2.8,4.8,1.6,0.6,2.6,0.9,0.0,1.9,2.2,1.2,3.2,0.3,0.0,1.3,0.8,0.0,1.8,4.0,3.0,5.0,1.0,0.0,2.0,0.6,0.0,1.6,4.7,3.7,5.0,1.9,0.9,2.9,3.1,2.8,3.3,3.1,3.5,2.7,中太を中心とする蒸し中華麺,reviewed
jp-style-yakisoba-salt,2.8,1.9,3.7,3.0,2.1,3.9,3.5,2.6,4.4,1.0,0.1,1.9,0.5,0.0,1.4,0.3,0.0,1.2,3.5,2.6,4.4,1.4,0.1,2.7,1.8,0.5,3.1,1.1,0.2,2.0,0.3,0.0,1.2,0.3,0.0,1.2,3.8,2.9,4.7,1.3,0.0,2.6,1.2,0.0,2.5,3.0,2.1,3.9,2.0,1.1,2.9,3.1,2.8,3.3,3.1,3.5,2.7,中太を中心とする蒸し中華麺,reviewed
jp-style-yakisoba-ankake,3.5,2.6,4.4,2.5,1.3,3.7,3.2,2.3,4.1,2.0,1.1,2.9,0.5,0.0,1.4,0.3,0.0,1.2,4.2,3.3,5.0,2.0,0.8,3.2,2.3,1.1,3.5,0.7,0.0,1.6,0.3,0.0,1.2,0.4,0.0,1.3,2.8,1.6,4.0,0.6,0.0,1.5,1.6,0.7,2.5,4.0,3.1,4.9,1.8,0.9,2.7,3.0,2.8,2.8,2.6,3.2,3.0,表面を焼き付けた蒸し中華麺または揚げ麺,reviewed
jp-udon-toyohashi-curry,4.2,3.2,5,2.6,1.4,3.8,3.2,2.3,4.1,2.3,1.2,3.5,0.4,0,1.2,1.7,0.5,3,4.2,3.3,5,1.7,0.4,3,1.5,0.5,2.7,4.3,3,5,0.3,0,1,0.7,0,1.6,1.8,0.8,2.9,1,0,2,3.5,2.5,4.5,4.4,3.3,5,3,2,4,3.6,3.3,3.6,3.8,4,3.4,自家製麺を用いるが、太さと食感は提供店によって異なる。,reviewed
jp-style-ramen-tsukemen-rich-pork-seafood,4.5,3.7,5,3.4,2.6,4.2,4.0,3.2,4.8,2.0,1.2,2.8,0.8,0,1.6,0.3,0,1.1,4.7,3.9,5,3.8,2.8,4.8,4.0,3.0,5,0.5,0,1.3,0.2,0,1.0,0.5,0,1.3,1.6,0.8,2.4,0.8,0,1.6,3.6,2.8,4.4,4.7,3.9,5,4.1,3.3,4.9,4.7,3.8,4.2,4.4,4.7,3.1,極太から太めで、もちもち感と強い噛みごたえを持つ中華麺,reviewed
jp-style-ramen-tsukemen-kombu-water,2.3,1.5,3.1,1.1,0.3,1.9,3.1,2.3,3.9,1.0,0.2,1.8,0.5,0,1.3,0.2,0,1.0,4.3,3.5,5,1.8,0.8,2.8,2.5,1.5,3.5,0.3,0,1.1,0.5,0,1.3,0.3,0,1.1,0.6,0,1.4,0.3,0,1.1,4.8,4.0,5,3.6,2.8,4.4,4.4,3.6,5,3.4,3.0,3.8,4.0,3.8,4.8,中細から太めの麺を粘りのある昆布水へ浸し、麺そのものの香りと滑らかさを生かす,reviewed
