id,slug,name,local_name,aliases,country_code,prefecture_codes,region_codes,city,lat,lon,domain,noodle_category,cultural_scope,publication_status,form,noodle_materials,noodle_shape,broth_bases,seasonings,ingredients,tags,keywords,summary,background,variation,allergen_note,tradition,uniqueness,adventure,parent_style_ids,related_ids,bridge_ids,public_source_ids,verification_level,reviewed_at,score_method,search_text
jp-style-ramen-shoyu,ramen-shoyu,醤油ラーメン,,,JP,,,,,,japan,ramen,standard,published,soup,小麦粉|かんすい|食塩|卵（製品による）,細麺から太麺、直線から縮れまで幅広い中華麺,鶏|豚|魚介|昆布|野菜（店による）,醤油だれ,チャーシュー|メンマ|ねぎ|なると|のり等,soy_sauce|soup|classic|broad_variation|animal_or_seafood|japanese_seasoning,醤油|中華そば|しょうゆラーメン|定番ラーメン,醤油だれを味の軸に据えたラーメン。澄んだ鶏・魚介系から濃厚な動物系まで幅があり、日本で最も広く見られる基本スタイルの一つ。,中国由来の麺料理へ日本の醤油文化が取り込まれて発達した。ご当地ラーメンにも醤油を主軸にする例が多く、特定地域に限定しない定番スタイルとして扱う。,醤油の種類、色、甘さ、香り、だし、油、麺、具材の幅が非常に大きい。淡麗な清湯から濃厚な豚骨醤油までを一つの代表値で完全には表せない。,小麦・大豆を含むことが多い。卵、豚肉、鶏肉、魚介、乳、ごま等は店舗ごとに異なる。,5.0,2.4,1.0,,jp-style-ramen-shio|jp-style-ramen-miso,,src-standard-ramen-dictionary|src-standard-chinese-noodle|src-standard-maff-hokkaido-ramen,reviewed,2026-08-10,editorial_source_review_v1,醤油ラーメン ramen soy_sauce soup classic broad_variation animal_or_seafood japanese_seasoning 醤油 中華そば しょうゆラーメン 定番ラーメン 定番スタイル
jp-style-ramen-shio,ramen-shio,塩ラーメン,,,JP,,,,,,japan,ramen,standard,published,soup,小麦粉|かんすい|食塩|卵（製品による）,細めから中太を中心に、直線・縮れの両方がある中華麺,鶏|豚|魚介|昆布|貝|野菜（店による）,塩だれ,チャーシュー|メンマ|ねぎ|のり|麩等,salt_tare|soup|clear_broth_common|delicate|broad_variation,塩|しおラーメン|塩だれ|定番ラーメン,塩だれを味の軸にしたラーメン。透明感のある清湯が多い一方、鶏白湯や豚骨へ塩だれを合わせる例もある。,塩味の麺スープは中国料理にも見られ、日本では函館などのご当地ラーメンとともに定番化した。だしや香味油が直接感じられやすいスタイル。,塩そのものの種類よりも、鶏・魚介・貝・昆布などのだし、油、白湯か清湯かで印象が大きく変わる。,小麦を含むことが多い。卵、鶏・豚、魚介、貝、大豆、ごま等は店舗ごとに異なる。,4.8,2.5,1.2,,jp-style-ramen-shoyu|jp-style-ramen-tori-paitan,,src-standard-ramen-dictionary|src-standard-chinese-noodle|src-standard-maff-hokkaido-ramen,reviewed,2026-08-10,editorial_source_review_v1,塩ラーメン ramen salt_tare soup clear_broth_common delicate broad_variation 塩 しおラーメン 塩だれ 定番ラーメン 定番スタイル
jp-style-ramen-miso,ramen-miso,味噌ラーメン,,,JP,,,,,,japan,ramen,standard,published,soup,小麦粉|かんすい|食塩|卵（製品による）,中太から太め、縮れ麺を含む中華麺,豚|鶏|魚介|野菜（店による）,味噌だれ|醤油・香辛料等の補助調味（店による）,チャーシュー|炒め野菜|もやし|ねぎ|コーン|バター等,miso|fermented|rich|vegetables_common|soup|warming,味噌|みそラーメン|札幌味噌|定番ラーメン,味噌だれを主役にするラーメン。発酵由来の香りとコクがあり、炒め野菜や香味油を合わせた濃厚な構成が多い。,札幌で定番化した味噌ラーメンが全国へ広がり、現在は地域や店ごとに多様な味噌・スープ・香辛料が使われる。,赤・白・合わせ味噌、甘さ、辛味、スープ濃度、野菜炒め、油、にんにく、バター等の差が大きい。,小麦・大豆を含むことが多い。卵、豚・鶏、魚介、乳、ごま等は店舗ごとに異なる。,4.8,3.1,1.3,,jp-style-ramen-shoyu|jp-style-ramen-tori-paitan,jp-style-udon-curry,src-standard-ramen-dictionary|src-standard-maff-hokkaido-ramen|src-standard-chinese-noodle,reviewed,2026-08-10,editorial_source_review_v1,味噌ラーメン ramen miso fermented rich vegetables_common soup warming 味噌 みそラーメン 札幌味噌 定番ラーメン 定番スタイル
jp-style-ramen-tonkotsu,ramen-tonkotsu,豚骨ラーメン,,とんこつラーメン,JP,,,,,,japan,ramen,standard,published,soup,小麦粉|かんすい|食塩|卵（製品による）,細い直麺が代表的だが、中太麺を用いる地域・店もある,豚骨,塩だれまたは醤油だれ,チャーシュー|ねぎ|きくらげ|紅しょうが|ごま等,pork_bone|white_broth|emulsified|rich|animal_forward|thin_noodle_common,豚骨|とんこつ|白濁|九州ラーメン|定番ラーメン,豚骨を長時間炊き、脂肪やゼラチン質を乳化させた白濁スープを軸にするラーメン。強い豚のうま味と細麺の組み合わせが代表的。,久留米を発祥地とする説明が広く知られ、九州各地で独自に発達した。現在は全国で濃度・香り・たれ・麺の異なる多様な豚骨ラーメンが提供される。,呼び戻し・取り切り、炊き時間、乳化、骨の部位、香り、塩・醤油だれ、麺の太さで大きく変わる。,小麦・豚肉を含む。大豆、卵、ごま、魚介、乳等は店舗ごとに異なる。,4.8,3.8,2.0,,jp-style-ramen-tori-paitan|jp-style-ramen-tsukemen,jp-style-ramen-tori-paitan,src-standard-ramen-dictionary|src-standard-kurume-tonkotsu|src-standard-chinese-noodle,reviewed,2026-08-10,editorial_source_review_v1,豚骨ラーメン とんこつラーメン ramen pork_bone white_broth emulsified rich animal_forward thin_noodle_common 豚骨 とんこつ 白濁 九州ラーメン 定番ラーメン 定番スタイル
jp-style-ramen-tori-paitan,ramen-tori-paitan,鶏白湯ラーメン,,,JP,,,,,,japan,ramen,standard,published,soup,小麦粉|かんすい|食塩|卵（製品による）,中細から中太の中華麺が多い,鶏ガラ|丸鶏|鶏皮・もみじ等|野菜・魚介（店による）,塩だれまたは醤油だれ,鶏チャーシュー|ねぎ|玉ねぎ|水菜|メンマ等,chicken_paitan|white_broth|emulsified|creamy|animal_forward|rich,鶏白湯|とりぱいたん|白湯|鶏そば|定番ラーメン,鶏を長時間炊き、脂肪とゼラチン質を乳化させた白濁スープを使うラーメン。クリーミーな口当たりと凝縮した鶏のうま味が特徴。,中華料理の白湯技法を基盤に、鶏を主体とした濃厚ラーメンとして広がった。塩・醤油・味噌、野菜ポタージュ、魚介との組み合わせもある。,鶏の部位、乳化度、粘度、野菜・魚介、たれ、香味油により、軽い泡系から非常に濃厚なタイプまで幅がある。,小麦・鶏肉を含む。卵、大豆、魚介、乳、ごま等は店舗ごとに異なる。,3.8,3.6,2.0,,jp-style-ramen-tonkotsu|jp-style-ramen-shio,jp-style-ramen-tonkotsu,src-standard-ramen-dictionary|src-standard-ryus-tori-paitan|src-standard-kofu-tori-paitan,reviewed,2026-08-10,editorial_source_review_v1,鶏白湯ラーメン ramen chicken_paitan white_broth emulsified creamy animal_forward rich 鶏白湯 とりぱいたん 白湯 鶏そば 定番ラーメン 定番スタイル
jp-style-ramen-niboshi,ramen-niboshi,煮干しラーメン,,,JP,,,,,,japan,ramen,standard,published,soup,小麦粉|かんすい|食塩|卵（製品による）,細麺から太麺まで幅広い中華麺,いわし煮干し|焼き干し|あじ・あご等の干物|動物系（店による）,醤油だれ|塩だれ|味噌だれ（店による）,チャーシュー|ねぎ|メンマ|のり|煮干し粉等,niboshi|dried_fish|seafood_forward|dashi_forward|soup|broad_variation,煮干し|にぼし|焼き干し|魚介ラーメン|定番ラーメン,煮干し・焼き干しをだしの主役にするラーメン。穏やかな和風だしから、苦味や香りまで前面に出す濃厚タイプまで幅がある。,煮干しはラーメンスープで広く用いられてきた魚介素材で、津軽などでは地域文化として強く発達した。,魚種、使用量、頭・内臓処理、抽出温度、動物系との混合、たれにより魚介感・苦味・濃厚さが大きく変わる。,小麦・魚を含む。大豆、卵、豚・鶏、乳等は店舗ごとに異なる。,4.4,3.8,2.5,,jp-style-ramen-shoyu|jp-style-ramen-tsukemen,,src-standard-ramen-dictionary|src-standard-aomori-niboshi|src-standard-chinese-noodle,reviewed,2026-08-10,editorial_source_review_v1,煮干しラーメン ramen niboshi dried_fish seafood_forward dashi_forward soup broad_variation 煮干し にぼし 焼き干し 魚介ラーメン 定番ラーメン 定番スタイル
jp-style-ramen-tsukemen,ramen-tsukemen,つけ麺,,,JP,,,,,,japan,ramen,standard,published,dipping,小麦粉|かんすい|食塩|卵（製品による）,中太から極太、もちもち・強いコシを重視した中華麺が多い,鶏|豚|魚介|野菜等,醤油だれ|塩だれ|味噌だれ|酢・砂糖・唐辛子等（店による）,チャーシュー|メンマ|ねぎ|魚粉|のり等,dipping|separate_soup|thick_noodle_common|strong_tare|cold_noodle_common|noodle_forward,つけ麺|つけめん|特製もりそば|濃厚つけだれ|定番ラーメン,ゆでた中華麺と濃いめのつけ汁を別々に供し、麺をつけて食べるスタイル。冷水で締めた太麺と、酸味・甘味・辛味を含む強いつけ汁が代表的。,特製もりそばなどを源流に発達し、現代では極太麺、濃厚な動物魚介、魚粉を使うタイプを含め独立した一大様式となった。,麺の温冷、太さ、つけ汁の濃度、酸味・甘味・辛味、動物魚介、清湯・白湯、スープ割りまで幅が大きい。,小麦を含む。大豆、卵、豚・鶏、魚介、ごま、乳等は店舗ごとに異なる。,3.9,4.2,1.8,,jp-style-ramen-aburasoba-mazesoba|jp-style-ramen-niboshi,,src-standard-ramen-dictionary|src-standard-ganja-tsukemen|src-standard-ganja-history,reviewed,2026-08-10,editorial_source_review_v1,つけ麺 ramen dipping separate_soup thick_noodle_common strong_tare cold_noodle_common noodle_forward つけ麺 つけめん 特製もりそば 濃厚つけだれ 定番ラーメン 定番スタイル
jp-style-ramen-aburasoba-mazesoba,ramen-aburasoba-mazesoba,油そば・まぜそば,,油そば|まぜそば|汁なしラーメン,JP,,,,,,japan,ramen,standard,published,sauce,小麦粉|かんすい|食塩|卵（製品による）,中太から極太の中華麺が多い,少量のスープ・だしを使う場合がある,醤油だれ|香味油|酢|辣油|肉味噌等（店による）,チャーシューまたはひき肉|ねぎ|のり|メンマ|卵黄|にんにく等,brothless|mixed_noodle|oil_tare|strong_sauce|thick_noodle_common|customizable,油そば|まぜそば|汁なし|台湾まぜそば|定番ラーメン,丼の底のたれと香味油を麺へ絡めて食べる、スープをほとんど持たない中華麺スタイル。油そばから肉味噌・香辛料を強く使うまぜそばまで含む。,油そばとして発達した汁なし麺の系譜に、台湾まぜそばなど具材・辛味・にんにくを強めた派生が加わり、定番化した。,油の量、醤油だれ、酢・辣油、肉味噌、卵黄、魚粉、にんにく、辛味、追い飯など非常に幅が大きい。,小麦・大豆を含むことが多い。卵、豚肉、魚介、ごま、乳、にんにく等は店舗ごとに異なる。,3.6,4.1,2.2,,jp-style-ramen-tsukemen,jp-style-yakisoba-sauce,src-standard-ramen-dictionary|src-standard-chinese-noodle|src-standard-nagoya-taiwan-maze,reviewed,2026-08-10,editorial_source_review_v1,油そば・まぜそば 油そば まぜそば 汁なしラーメン ramen brothless mixed_noodle oil_tare strong_sauce thick_noodle_common customizable 油そば まぜそば 汁なし 台湾まぜそば 定番ラーメン 定番スタイル
jp-style-udon-kake,udon-kake,かけうどん,,,JP,,,,,,japan,udon,standard,published,soup,小麦粉|食塩|水,中太から太めのうどん,いりこ|かつお節|昆布|さば節等,醤油|塩|みりん,ねぎ|天かす|しょうが|かまぼこ等,hot_soup|dashi_forward|simple|classic|udon,かけうどん|温うどん|だし|定番うどん,ゆでたうどんへ温かいだしつゆをたっぷりかける、最も基本的なうどんスタイルの一つ。,地域ごとにいりこ、かつお、昆布、醤油の組み合わせが異なり、麺とだしの違いを素直に比べやすい。,麺の太さ・硬さ、つゆの色・甘さ・塩味、だし、薬味、温度は地域・店で大きく異なる。,小麦・大豆・魚介を含むことが多い。卵、練り物、ごま等は店舗ごとに異なる。,5.0,2.0,0.8,,jp-style-udon-bukkake|jp-style-udon-kamaage|jp-style-udon-zaru,,src-standard-udon-general|src-standard-kagawa-mainmenu,reviewed,2026-08-10,editorial_source_review_v1,かけうどん udon hot_soup dashi_forward simple classic udon かけうどん 温うどん だし 定番うどん 定番スタイル
jp-style-udon-bukkake,udon-bukkake,ぶっかけうどん,,,JP,,,,,,japan,udon,standard,published,sauce,小麦粉|食塩|水,中太から太め、冷水で締めて強いコシを出すことが多い,濃いめのだし,醤油|みりん|塩,ねぎ|大根おろし|しょうが|すだち・レモン|天かす等,concentrated_dashi|poured_sauce|cold_or_hot|firm_noodle|mixed,ぶっかけうどん|濃いだし|大根おろし|定番うどん,冷水で締めた麺などへ、濃いめのつけだしを直接かけ、薬味と混ぜて食べるうどん。温かい形もある。,つけ汁を別添えにするざるうどんとは異なり、少量の濃いだしを麺へ直接かける提供形式として定着した。,温冷、だしの濃さ、醤油、甘さ、大根おろし、柑橘、天ぷら等の具は店で異なる。,小麦・大豆・魚介を含むことが多い。天ぷら、卵、ごま等は店舗ごとに異なる。,4.4,3.0,1.0,,jp-style-udon-kake|jp-style-udon-zaru,jp-style-soba-mori-zaru,src-standard-udon-general|src-standard-kagawa-mainmenu|src-standard-bukkake-recipe,reviewed,2026-08-10,editorial_source_review_v1,ぶっかけうどん udon concentrated_dashi poured_sauce cold_or_hot firm_noodle mixed ぶっかけうどん 濃いだし 大根おろし 定番うどん 定番スタイル
jp-style-udon-kamaage,udon-kamaage,釜揚げうどん,,釜あげうどん,JP,,,,,,japan,udon,standard,published,dipping,小麦粉|食塩|水,ゆで上げ後に水で締めない、ふんわりしたうどん,つけだし,醤油|みりん|塩,ねぎ|しょうが|ごま等,hot_noodle_water|not_rinsed|dipping|soft|wheat_aroma,釜揚げうどん|釜あげ|ゆで湯|つけだし|定番うどん,ゆで上がったうどんを水で締めず、ゆで湯とともに器へ移し、温かいつけだしで食べるスタイル。,冷水で締めないため、表面がやわらかく、ゆでたての小麦の香りとふんわりした食感を味わいやすい。,麺の太さ、ゆで加減、ゆで湯量、つけだしの甘さとだし、薬味は店で異なる。,小麦・大豆・魚介を含むことが多い。ごま等は店舗ごとに異なる。,4.8,3.4,0.9,,jp-style-udon-kake|jp-style-udon-zaru,,src-standard-udon-general|src-standard-kagawa-mainmenu,reviewed,2026-08-10,editorial_source_review_v1,釜揚げうどん 釜あげうどん udon hot_noodle_water not_rinsed dipping soft wheat_aroma 釜揚げうどん 釜あげ ゆで湯 つけだし 定番うどん 定番スタイル
jp-style-udon-zaru,udon-zaru,ざるうどん,,,JP,,,,,,japan,udon,standard,published,dipping,小麦粉|食塩|水,ゆで後に冷水で締め、ざる等へ盛るうどん,濃いめのつけだし,醤油|みりん|塩,ねぎ|しょうが|ごま|のり等,cold|rinsed|dipping|firm_noodle|smooth,ざるうどん|冷たいうどん|つけ汁|定番うどん,ゆでたうどんを冷水で締め、ざるなどへ盛り、別添えの濃いめのつゆにつけて食べるスタイル。,冷水で締めることで、コシ、弾力、なめらかさを直接楽しみやすい。薬味はねぎ、しょうが、ごま等が一般的。,麺の硬さ・太さ、つけだしの甘さ、のり、薬味、天ぷら等は店で異なる。,小麦・大豆・魚介を含むことが多い。ごま、のり、天ぷら等は店舗ごとに異なる。,4.8,2.8,0.8,,jp-style-udon-bukkake|jp-style-udon-kamaage,jp-style-soba-mori-zaru,src-standard-udon-general|src-standard-kagawa-mainmenu,reviewed,2026-08-10,editorial_source_review_v1,ざるうどん udon cold rinsed dipping firm_noodle smooth ざるうどん 冷たいうどん つけ汁 定番うどん 定番スタイル
jp-style-udon-curry,udon-curry,カレーうどん,,,JP,,,,,,japan,udon,standard,published,soup,小麦粉|食塩|水,中太から太めのうどん,和風だし|肉・野菜のうま味,カレー粉・カレールウ|醤油|みりん|塩,豚肉・牛肉・鶏肉|玉ねぎ|ねぎ|油揚げ等,curry|spiced|dashi_curry|thick_soup|warming|rich,カレーうどん|カレー南蛮|和風カレー|定番うどん,和風だしとカレーを合わせ、とろみのある汁へうどんを入れる定番スタイル。肉、玉ねぎ、ねぎなどを使う形が多い。,明治以降のカレー普及と麺文化が結び付き、そば店・うどん店で発達した。だしを感じる和風からカレーソースに近い濃厚型まで幅がある。,カレー粉・ルウ、だし、とろみ、辛さ、肉、乳製品、トマト等で味が大きく変わる。,小麦・大豆を含むことが多い。肉、魚介だし、乳、卵、りんご、落花生等はルウと店舗で異なる。,4.3,3.7,1.2,,jp-style-udon-kake,jp-style-ramen-miso,src-standard-udon-general|src-standard-curry-udon-history|src-standard-curry-udon-recipe,reviewed,2026-08-10,editorial_source_review_v1,カレーうどん udon curry spiced dashi_curry thick_soup warming rich カレーうどん カレー南蛮 和風カレー 定番うどん 定番スタイル
jp-style-soba-kake,soba-kake,かけそば,,,JP,,,,,,japan,soba,standard,published,soup,そば粉|小麦粉（配合は製品・店による）,細めから中太のそば,かつお節|昆布|さば節等,醤油|みりん|砂糖|塩,ねぎ|七味|かまぼこ等,hot_soup|dashi_forward|classic|simple|soba,かけそば|温そば|そばつゆ|定番そば,ゆでたそばへ温かいだしつゆをかける、代表的な温そばの基本スタイル。,つゆにつけて食べるそばに対し、丼へ温かいつゆをかける食べ方として定着した。具を加える多くの温そばの土台になる。,そば粉比率、麺の太さ、つゆの濃さ・甘さ、だし、薬味は地域と店で異なる。,そば・小麦・大豆・魚介を含むことが多い。練り物等は店舗ごとに異なる。,5.0,2.0,0.7,,jp-style-soba-mori-zaru|jp-style-soba-tempura|jp-style-soba-kamo-nanban,,src-standard-soba-general|src-standard-tempura-soba,reviewed,2026-08-10,editorial_source_review_v1,かけそば soba hot_soup dashi_forward classic simple soba かけそば 温そば そばつゆ 定番そば 定番スタイル
jp-style-soba-mori-zaru,soba-mori-zaru,もり・ざるそば,,もりそば|ざるそば|せいろそば,JP,,,,,,japan,soba,standard,published,dipping,そば粉|小麦粉（配合は製品・店による）,冷水で締めた細めから中太のそば,濃いめのそばつゆ,醤油|みりん|砂糖,ねぎ|わさび|のり（ざるで用いる場合）,cold|dipping|rinsed|noodle_aroma|classic|mori_zaru,もりそば|ざるそば|せいろ|冷たいそば|定番そば,冷水で締めたそばを器へ盛り、濃いめのつゆへつけて食べるスタイル。もり、ざる、せいろの区別は時代・店によって異なる。,温かいつゆをかけるかけそばと区別するため、つけて食べるそばをもりそばと呼ぶようになったと説明される。現代は海苔の有無などでざると分ける例もあるが統一規則ではない。,のり、器、つゆの甘さ・濃さ、そば粉比率、わさび、そば湯など店ごとの差がある。,そば・小麦・大豆・魚介を含むことが多い。のり、わさび等も確認が必要。,5.0,2.5,0.7,,jp-style-soba-kake|jp-style-soba-tempura,jp-style-udon-zaru|jp-style-udon-bukkake,src-standard-soba-general|src-standard-mori-soba|src-standard-zaru-soba,reviewed,2026-08-10,editorial_source_review_v1,もり・ざるそば もりそば ざるそば せいろそば soba cold dipping rinsed noodle_aroma classic mori_zaru もりそば ざるそば せいろ 冷たいそば 定番そば 定番スタイル
jp-style-soba-tempura,soba-tempura,天ぷらそば,,,JP,,,,,,japan,soba,standard,published,soup,そば粉|小麦粉（配合は製品・店による）,細めから中太のそば,かつお節|昆布|さば節等,醤油|みりん|砂糖|塩,えび・魚・野菜等の天ぷら|ねぎ|七味,tempura|hot_soup_common|fried_topping|dashi|rich,天ぷらそば|天そば|えび天|定番そば,かけそば、または冷たいそばへ天ぷらを組み合わせる定番スタイル。温かいそばにえび天をのせる形がよく知られる。,だしつゆとそばに、揚げ物の油、香ばしさ、具材のうま味を加える派生として定着した。,温冷、えび・魚・野菜、衣、別添え・のせる形、つゆへの油の移り方は店で異なる。,そば・小麦・大豆・魚介を含むことが多い。えび、卵、乳等は天ぷらと衣で異なる。,4.8,2.8,0.9,,jp-style-soba-kake|jp-style-soba-mori-zaru,,src-standard-soba-general|src-standard-tempura-soba,reviewed,2026-08-10,editorial_source_review_v1,天ぷらそば soba tempura hot_soup_common fried_topping dashi rich 天ぷらそば 天そば えび天 定番そば 定番スタイル
jp-style-soba-kamo-nanban,soba-kamo-nanban,鴨南蛮そば,,,JP,,,,,,japan,soba,standard,published,soup,そば粉|小麦粉（配合は製品・店による）,細めから中太のそば,かつお節等の和風だし|鴨のうま味,醤油|みりん|砂糖|塩,鴨肉|長ねぎ|三つ葉|七味等,duck|grilled_leek|hot_soup|animal_umami|dashi|nanban,鴨南蛮|鴨そば|長ねぎ|南蛮そば|定番そば,温かいそばつゆへ鴨肉と長ねぎを合わせる定番そば。鴨の脂とうま味、焼いたねぎの香ばしさがだしへ重なる。,南蛮そばの代表的な形として知られ、鴨肉とねぎを焼いて温かいつゆへ加える構成が広く定着している。,合鴨・鴨、肉の焼き方、ねぎ、甘さ、温そば・つけそば、鴨油の量は店で異なる。,そば・小麦・大豆・鴨肉・魚介を含むことが多い。,4.8,3.8,1.5,,jp-style-soba-kake,,src-standard-soba-general|src-standard-kamo-nanban|src-standard-nanban-explainer,reviewed,2026-08-10,editorial_source_review_v1,鴨南蛮そば soba duck grilled_leek hot_soup animal_umami dashi nanban 鴨南蛮 鴨そば 長ねぎ 南蛮そば 定番そば 定番スタイル
jp-style-yakisoba-sauce,yakisoba-sauce,ソース焼きそば,,,JP,,,,,,japan,yakisoba,standard,published,fried,小麦粉|かんすい|食塩,中太を中心とする蒸し中華麺,,ウスター系ソース|中濃ソース|醤油等,豚肉|キャベツ|もやし|にんじん|青のり|紅しょうが等,worcestershire_sauce|fried|vegetables|pork_common|roasted|classic,ソース焼きそば|焼そば|ウスターソース|定番焼きそば,蒸し中華麺を肉や野菜と炒め、ウスター系のソースで仕上げる、日本で広く親しまれる焼きそばの基本形。,中華麺を鉄板・フライパンで炒め、日本のソース文化と結び付いて定番化した。家庭、屋台、祭り、食堂で幅広く食べられる。,ソースの甘さ・酸味・香辛料、麺、油、肉、野菜、青のり、紅しょうが、焼き付けは店・家庭で異なる。,小麦・大豆を含むことが多い。豚肉、魚介、りんご、乳、卵等はソースと具材で異なる。,4.7,2.3,0.8,,jp-style-yakisoba-salt|jp-style-yakisoba-ankake,jp-style-ramen-aburasoba-mazesoba,src-standard-chinese-noodle|src-standard-sauce-yakisoba,reviewed,2026-08-10,editorial_source_review_v1,ソース焼きそば yakisoba worcestershire_sauce fried vegetables pork_common roasted classic ソース焼きそば 焼そば ウスターソース 定番焼きそば 定番スタイル
jp-style-yakisoba-salt,yakisoba-salt,塩焼きそば,,,JP,,,,,,japan,yakisoba,standard,published,fried,小麦粉|かんすい|食塩,中太を中心とする蒸し中華麺,,塩|こしょう|白だし・鶏がら・レモン等（料理による）,豚肉または魚介|キャベツ|ねぎ|もやし|にんにく等,salt_seasoning|fried|light_color|roasted|garlic_optional|seafood_or_meat,塩焼きそば|塩味焼きそば|白だし焼きそば|定番焼きそば,濃色のソースを使わず、塩、こしょう、だし、鶏がら、にんにく等で仕上げる焼きそば。具材の味と香ばしさが伝わりやすい。,焼きそばの味付けの一類型として家庭・外食で定着し、肉、魚介、野菜、レモン、白だしなど幅広い組み合わせがある。,塩だけの軽い味から、鶏がら、白だし、魚介、にんにく、ごま油を強く使う形まで幅が大きい。,小麦を含む。大豆、豚・鶏、魚介、ごま、乳等は調味料と具材で異なる。,3.8,2.8,1.0,,jp-style-yakisoba-sauce|jp-style-yakisoba-ankake,,src-standard-chinese-noodle|src-standard-salt-yakisoba,reviewed,2026-08-10,editorial_source_review_v1,塩焼きそば yakisoba salt_seasoning fried light_color roasted garlic_optional seafood_or_meat 塩焼きそば 塩味焼きそば 白だし焼きそば 定番焼きそば 定番スタイル
jp-style-yakisoba-ankake,yakisoba-ankake,あんかけ焼きそば,,五目あんかけ焼きそば,JP,,,,,,japan,yakisoba,standard,published,fried,小麦粉|かんすい|食塩,表面を焼き付けた蒸し中華麺または揚げ麺,鶏|豚|魚介|野菜のスープ,醤油|塩|オイスターソース|砂糖|ごま油等,豚肉|えび・いか等の魚介|白菜・青菜|たけのこ|きくらげ等,starchy_sauce|fried_noodle|vegetables|seafood_or_meat|crispy_soft|rich_umami,あんかけ焼きそば|五目焼きそば|かた焼きそば|定番焼きそば,焼き付けた、または揚げた中華麺へ、肉・魚介・野菜を使うとろみのある熱いあんをかけるスタイル。,中華料理の炒麺・あんかけ麺として日本に定着し、柔らかな麺、香ばしく焼いた麺、揚げ麺など複数の形がある。,麺を焼く・揚げる、あんの色、塩・醤油、具材、酸味・辛子の追加で食感と味が大きく変わる。,小麦・大豆を含むことが多い。えび、いか、豚・鶏、卵、オイスターソース、ごま等は店舗ごとに異なる。,4.1,3.5,1.2,,jp-style-yakisoba-sauce|jp-style-yakisoba-salt,jp-other-nagasaki-saraudon,src-standard-chinese-noodle|src-standard-ankake-yakisoba,reviewed,2026-08-10,editorial_source_review_v1,あんかけ焼きそば 五目あんかけ焼きそば yakisoba starchy_sauce fried_noodle vegetables seafood_or_meat crispy_soft rich_umami あんかけ焼きそば 五目焼きそば かた焼きそば 定番焼きそば 定番スタイル
