dish_id,name,source_ids,fact_basis,taste_basis,range_interpretation,known_uncertainty,review_status,reviewed_at
jp-style-ramen-shoyu,醤油ラーメン,src-standard-ramen-dictionary|src-standard-chinese-noodle|src-standard-maff-hokkaido-ramen,醤油だれを味の軸に据えたラーメン。澄んだ鶏・魚介系から濃厚な動物系まで幅があり、日本で最も広く見られる基本スタイルの一つ。 中国由来の麺料理へ日本の醤油文化が取り込まれて発達した。ご当地ラーメンにも醤油を主軸にする例が多く、特定地域に限定しない定番スタイルとして扱う。,醤油だれの強さを中心に、清湯・動物系・魚介系を含む一般的な幅を設定。代表値は中庸、だし・油・動物系・魚介系は広い範囲を持たせた。,定番スタイルは一つの固定レシピではないため、typicalは代表的な中心像、min/maxはたれ、だし、油、具材、麺、地域・店舗差を含む広い編集範囲として設定した。,豚骨醤油や濃口・淡口など境界が広く、店舗差が全20スタイル中でも大きい。,reviewed,2026-08-10
jp-style-ramen-shio,塩ラーメン,src-standard-ramen-dictionary|src-standard-chinese-noodle|src-standard-maff-hokkaido-ramen,塩だれを味の軸にしたラーメン。透明感のある清湯が多い一方、鶏白湯や豚骨へ塩だれを合わせる例もある。 塩味の麺スープは中国料理にも見られ、日本では函館などのご当地ラーメンとともに定番化した。だしや香味油が直接感じられやすいスタイル。,塩だれの輪郭を高め、醤油・味噌由来の発酵感を低く設定。清湯が多い中心像と、白湯・貝・魚介系を含む幅を併記した。,定番スタイルは一つの固定レシピではないため、typicalは代表的な中心像、min/maxはたれ、だし、油、具材、麺、地域・店舗差を含む広い編集範囲として設定した。,塩はたれの分類であり、スープの透明度や濃厚さを一意に決めない。,reviewed,2026-08-10
jp-style-ramen-miso,味噌ラーメン,src-standard-ramen-dictionary|src-standard-maff-hokkaido-ramen|src-standard-chinese-noodle,味噌だれを主役にするラーメン。発酵由来の香りとコクがあり、炒め野菜や香味油を合わせた濃厚な構成が多い。 札幌で定番化した味噌ラーメンが全国へ広がり、現在は地域や店ごとに多様な味噌・スープ・香辛料が使われる。,味噌の発酵感、たれの強さ、濃厚さを高め、炒め野菜と香味油を含む中心像を設定した。,定番スタイルは一つの固定レシピではないため、typicalは代表的な中心像、min/maxはたれ、だし、油、具材、麺、地域・店舗差を含む広い編集範囲として設定した。,甘口・辛口、清湯・白湯、味噌の配合により味覚幅が大きい。,reviewed,2026-08-10
jp-style-ramen-tonkotsu,豚骨ラーメン,src-standard-ramen-dictionary|src-standard-kurume-tonkotsu|src-standard-chinese-noodle,豚骨を長時間炊き、脂肪やゼラチン質を乳化させた白濁スープを軸にするラーメン。強い豚のうま味と細麺の組み合わせが代表的。 久留米を発祥地とする説明が広く知られ、九州各地で独自に発達した。現在は全国で濃度・香り・たれ・麺の異なる多様な豚骨ラーメンが提供される。,豚骨の乳化白湯を中心に、濃厚さ・油分・動物系の強さを高く設定。長浜系の軽さから久留米系の重さまでを範囲へ含めた。,定番スタイルは一つの固定レシピではないため、typicalは代表的な中心像、min/maxはたれ、だし、油、具材、麺、地域・店舗差を含む広い編集範囲として設定した。,豚骨の濃度・香り・脂・麺の太さは地域・店による差が大きい。,reviewed,2026-08-10
jp-style-ramen-tori-paitan,鶏白湯ラーメン,src-standard-ramen-dictionary|src-standard-ryus-tori-paitan|src-standard-kofu-tori-paitan,鶏を長時間炊き、脂肪とゼラチン質を乳化させた白濁スープを使うラーメン。クリーミーな口当たりと凝縮した鶏のうま味が特徴。 中華料理の白湯技法を基盤に、鶏を主体とした濃厚ラーメンとして広がった。塩・醤油・味噌、野菜ポタージュ、魚介との組み合わせもある。,乳化した鶏白湯を中心に、動物系・濃厚さ・油分を高く設定。魚介・野菜を加える店を範囲に含めた。,定番スタイルは一つの固定レシピではないため、typicalは代表的な中心像、min/maxはたれ、だし、油、具材、麺、地域・店舗差を含む広い編集範囲として設定した。,豚骨併用、泡立て、ポタージュ化、清湯とのブレンドなど境界が広い。,reviewed,2026-08-10
jp-style-ramen-niboshi,煮干しラーメン,src-standard-ramen-dictionary|src-standard-aomori-niboshi|src-standard-chinese-noodle,煮干し・焼き干しをだしの主役にするラーメン。穏やかな和風だしから、苦味や香りまで前面に出す濃厚タイプまで幅がある。 煮干しはラーメンスープで広く用いられてきた魚介素材で、津軽などでは地域文化として強く発達した。,煮干し・焼き干しの魚介感とだしを最高水準に近く設定し、淡麗・濃厚、動物系併用の幅を広く持たせた。,定番スタイルは一つの固定レシピではないため、typicalは代表的な中心像、min/maxはたれ、だし、油、具材、麺、地域・店舗差を含む広い編集範囲として設定した。,煮干しの強度と苦味は店差が極めて大きく、穏やかな中華そばと濃厚煮干しでは別料理に近い。,reviewed,2026-08-10
jp-style-ramen-tsukemen,つけ麺,src-standard-ramen-dictionary|src-standard-ganja-tsukemen|src-standard-ganja-history,ゆでた中華麺と濃いめのつけ汁を別々に供し、麺をつけて食べるスタイル。冷水で締めた太麺と、酸味・甘味・辛味を含む強いつけ汁が代表的。 特製もりそばなどを源流に発達し、現代では極太麺、濃厚な動物魚介、魚粉を使うタイプを含め独立した一大様式となった。,つけ汁はラーメンスープより味を強める傾向、麺は太く締める傾向を中心像とした。淡麗・冷やし・辛つけ麺も範囲に含む。,定番スタイルは一つの固定レシピではないため、typicalは代表的な中心像、min/maxはたれ、だし、油、具材、麺、地域・店舗差を含む広い編集範囲として設定した。,つけ麺は提供形式の分類であり、だし・たれ・温度・濃厚さを一意に決めない。,reviewed,2026-08-10
jp-style-ramen-aburasoba-mazesoba,油そば・まぜそば,src-standard-ramen-dictionary|src-standard-chinese-noodle|src-standard-nagoya-taiwan-maze,丼の底のたれと香味油を麺へ絡めて食べる、スープをほとんど持たない中華麺スタイル。油そばから肉味噌・香辛料を強く使うまぜそばまで含む。 油そばとして発達した汁なし麺の系譜に、台湾まぜそばなど具材・辛味・にんにくを強めた派生が加わり、定番化した。,スープが少ないため油分・たれ・麺の存在感を高めた。穏やかな油そばから辛味・にんにくの強いまぜそばまでを広い範囲へ含めた。,定番スタイルは一つの固定レシピではないため、typicalは代表的な中心像、min/maxはたれ、だし、油、具材、麺、地域・店舗差を含む広い編集範囲として設定した。,油そばとまぜそばは厳密な統一定義がなく、具材と辛味の幅が大きい。,reviewed,2026-08-10
jp-style-udon-kake,かけうどん,src-standard-udon-general|src-standard-kagawa-mainmenu,ゆでたうどんへ温かいだしつゆをたっぷりかける、最も基本的なうどんスタイルの一つ。 地域ごとにいりこ、かつお、昆布、醤油の組み合わせが異なり、麺とだしの違いを素直に比べやすい。,温かいだしを中心に、油と刺激を低く、だしとうま味を高く設定した。,定番スタイルは一つの固定レシピではないため、typicalは代表的な中心像、min/maxはたれ、だし、油、具材、麺、地域・店舗差を含む広い編集範囲として設定した。,東西のつゆ、麺の硬さ、だし素材による地域差が大きい。,reviewed,2026-08-10
jp-style-udon-bukkake,ぶっかけうどん,src-standard-udon-general|src-standard-kagawa-mainmenu|src-standard-bukkake-recipe,冷水で締めた麺などへ、濃いめのつけだしを直接かけ、薬味と混ぜて食べるうどん。温かい形もある。 つけ汁を別添えにするざるうどんとは異なり、少量の濃いだしを麺へ直接かける提供形式として定着した。,かけよりつゆの濃度と塩味・たれ感を上げ、冷水で締めた麺の硬さを高めた。,定番スタイルは一つの固定レシピではないため、typicalは代表的な中心像、min/maxはたれ、だし、油、具材、麺、地域・店舗差を含む広い編集範囲として設定した。,温かいぶっかけ、しょうゆうどんとの呼称境界は店によって異なる。,reviewed,2026-08-10
jp-style-udon-kamaage,釜揚げうどん,src-standard-udon-general|src-standard-kagawa-mainmenu,ゆで上がったうどんを水で締めず、ゆで湯とともに器へ移し、温かいつけだしで食べるスタイル。 冷水で締めないため、表面がやわらかく、ゆでたての小麦の香りとふんわりした食感を味わいやすい。,水で締めないため硬さを低く、麺香を高くし、つけだしの味は中程度に設定した。,定番スタイルは一つの固定レシピではないため、typicalは代表的な中心像、min/maxはたれ、だし、油、具材、麺、地域・店舗差を含む広い編集範囲として設定した。,桶・丼、ゆで湯の量、麺の熟成とゆで時間で食感差が大きい。,reviewed,2026-08-10
jp-style-udon-zaru,ざるうどん,src-standard-udon-general|src-standard-kagawa-mainmenu,ゆでたうどんを冷水で締め、ざるなどへ盛り、別添えの濃いめのつゆにつけて食べるスタイル。 冷水で締めることで、コシ、弾力、なめらかさを直接楽しみやすい。薬味はねぎ、しょうが、ごま等が一般的。,冷水で締めた麺の硬さ・なめらかさ・麺香を高くし、つけ汁のたれ感を中高に設定した。,定番スタイルは一つの固定レシピではないため、typicalは代表的な中心像、min/maxはたれ、だし、油、具材、麺、地域・店舗差を含む広い編集範囲として設定した。,もり・せいろ等の呼称、のりの有無、つゆの濃さは店で異なる。,reviewed,2026-08-10
jp-style-udon-curry,カレーうどん,src-standard-udon-general|src-standard-curry-udon-history|src-standard-curry-udon-recipe,和風だしとカレーを合わせ、とろみのある汁へうどんを入れる定番スタイル。肉、玉ねぎ、ねぎなどを使う形が多い。 明治以降のカレー普及と麺文化が結び付き、そば店・うどん店で発達した。だしを感じる和風からカレーソースに近い濃厚型まで幅がある。,カレー香辛料、濃厚さ、とろみ、たれ感を高くし、和風だしを明確に残した。,定番スタイルは一つの固定レシピではないため、typicalは代表的な中心像、min/maxはたれ、だし、油、具材、麺、地域・店舗差を含む広い編集範囲として設定した。,だし中心から洋風ルウ・クリーム系まで幅が非常に大きい。,reviewed,2026-08-10
jp-style-soba-kake,かけそば,src-standard-soba-general|src-standard-tempura-soba,ゆでたそばへ温かいだしつゆをかける、代表的な温そばの基本スタイル。 つゆにつけて食べるそばに対し、丼へ温かいつゆをかける食べ方として定着した。具を加える多くの温そばの土台になる。,温かいだしを軸に、そばの香りと魚介だしを高く、油と刺激を低く設定した。,定番スタイルは一つの固定レシピではないため、typicalは代表的な中心像、min/maxはたれ、だし、油、具材、麺、地域・店舗差を含む広い編集範囲として設定した。,つゆの濃さと甘さ、そば粉比率、麺の太さに地域差がある。,reviewed,2026-08-10
jp-style-soba-mori-zaru,もり・ざるそば,src-standard-soba-general|src-standard-mori-soba|src-standard-zaru-soba,冷水で締めたそばを器へ盛り、濃いめのつゆへつけて食べるスタイル。もり、ざる、せいろの区別は時代・店によって異なる。 温かいつゆをかけるかけそばと区別するため、つけて食べるそばをもりそばと呼ぶようになったと説明される。現代は海苔の有無などでざると分ける例もあるが統一規則ではない。,冷水で締めるため麺香と硬さを高く、濃いめのつけつゆのたれ感を高めた。,定番スタイルは一つの固定レシピではないため、typicalは代表的な中心像、min/maxはたれ、だし、油、具材、麺、地域・店舗差を含む広い編集範囲として設定した。,もり・ざる・せいろの差は店・時代で変わり、海苔だけでは説明できない場合がある。,reviewed,2026-08-10
jp-style-soba-tempura,天ぷらそば,src-standard-soba-general|src-standard-tempura-soba,かけそば、または冷たいそばへ天ぷらを組み合わせる定番スタイル。温かいそばにえび天をのせる形がよく知られる。 だしつゆとそばに、揚げ物の油、香ばしさ、具材のうま味を加える派生として定着した。,かけそばを基準に、揚げ油・香ばしさ・具材のうま味を上乗せした。,定番スタイルは一つの固定レシピではないため、typicalは代表的な中心像、min/maxはたれ、だし、油、具材、麺、地域・店舗差を含む広い編集範囲として設定した。,天ぷらの種類、別添え、温冷で油分と魚介感が大きく変わる。,reviewed,2026-08-10
jp-style-soba-kamo-nanban,鴨南蛮そば,src-standard-soba-general|src-standard-kamo-nanban|src-standard-nanban-explainer,温かいそばつゆへ鴨肉と長ねぎを合わせる定番そば。鴨の脂とうま味、焼いたねぎの香ばしさがだしへ重なる。 南蛮そばの代表的な形として知られ、鴨肉とねぎを焼いて温かいつゆへ加える構成が広く定着している。,かけそばを基準に、鴨の脂・動物系うま味、焼きねぎの香ばしさを高く設定した。,定番スタイルは一つの固定レシピではないため、typicalは代表的な中心像、min/maxはたれ、だし、油、具材、麺、地域・店舗差を含む広い編集範囲として設定した。,鴨せいろ、鶏南蛮との境界、肉量、鴨油で味の重さが変わる。,reviewed,2026-08-10
jp-style-yakisoba-sauce,ソース焼きそば,src-standard-chinese-noodle|src-standard-sauce-yakisoba,蒸し中華麺を肉や野菜と炒め、ウスター系のソースで仕上げる、日本で広く親しまれる焼きそばの基本形。 中華麺を鉄板・フライパンで炒め、日本のソース文化と結び付いて定番化した。家庭、屋台、祭り、食堂で幅広く食べられる。,ソース・油・香ばしさを高く、甘味・酸味・香辛料を中程度に設定した。,定番スタイルは一つの固定レシピではないため、typicalは代表的な中心像、min/maxはたれ、だし、油、具材、麺、地域・店舗差を含む広い編集範囲として設定した。,粉末・液体ソース、甘口・辛口、麺の焼き方、肉・魚介で幅がある。,reviewed,2026-08-10
jp-style-yakisoba-salt,塩焼きそば,src-standard-chinese-noodle|src-standard-salt-yakisoba,濃色のソースを使わず、塩、こしょう、だし、鶏がら、にんにく等で仕上げる焼きそば。具材の味と香ばしさが伝わりやすい。 焼きそばの味付けの一類型として家庭・外食で定着し、肉、魚介、野菜、レモン、白だしなど幅広い組み合わせがある。,ソース焼きそばより甘味・酸味・ソース感を下げ、塩味と香ばしさを維持した。,定番スタイルは一つの固定レシピではないため、typicalは代表的な中心像、min/maxはたれ、だし、油、具材、麺、地域・店舗差を含む広い編集範囲として設定した。,塩だれ、白だし、鶏がら、魚介、ごま油で方向性が変わる。,reviewed,2026-08-10
jp-style-yakisoba-ankake,あんかけ焼きそば,src-standard-chinese-noodle|src-standard-ankake-yakisoba,焼き付けた、または揚げた中華麺へ、肉・魚介・野菜を使うとろみのある熱いあんをかけるスタイル。 中華料理の炒麺・あんかけ麺として日本に定着し、柔らかな麺、香ばしく焼いた麺、揚げ麺など複数の形がある。,とろみあんのうま味・たれ感を高く、麺の焼き付けによる香ばしさを中程度に設定した。,定番スタイルは一つの固定レシピではないため、typicalは代表的な中心像、min/maxはたれ、だし、油、具材、麺、地域・店舗差を含む広い編集範囲として設定した。,焼き麺・揚げ麺・柔らかい麺、塩あん・醤油あん、具材で幅が大きい。,reviewed,2026-08-10
