dish_id,dish_name,facet_id,facet_label_ja,group_id,source,confidence,display_eligible,evidence
jp-001,札幌ラーメン,miso,味噌系,broth_seasoning,manual_review,0.93,true,manual_review:札幌ラーメン
jp-001,札幌ラーメン,animal_forward,動物系が強い,broth_seasoning,manual_review,0.93,true,manual_review:札幌ラーメン
jp-001,札幌ラーメン,traditional,伝統的・王道,culture,manual_review,0.93,true,manual_review:札幌ラーメン
jp-001,札幌ラーメン,vegetables,野菜が多い,ingredient,manual_review,0.93,true,manual_review:札幌ラーメン
jp-001,札幌ラーメン,firm_noodle,コシが強い,noodle,manual_review,0.93,true,manual_review:札幌ラーメン
jp-001,札幌ラーメン,soup,汁あり,serving,manual_review,0.93,true,manual_review:札幌ラーメン
jp-001,札幌ラーメン,rich,濃厚,taste_aroma,manual_review,0.93,true,manual_review:札幌ラーメン
jp-001,札幌ラーメン,garlic,にんにくが効く,taste_aroma,manual_review,0.93,true,manual_review:札幌ラーメン
jp-001,札幌ラーメン,fermented,発酵感がある,taste_aroma,legacy_tag,0.88,true,legacy_tag:味噌
jp-002,旭川ラーメン,soy_sauce,醤油系,broth_seasoning,manual_review,0.93,true,manual_review:旭川ラーメン
jp-002,旭川ラーメン,seafood_forward,魚介が強い,broth_seasoning,manual_review,0.93,true,manual_review:旭川ラーメン
jp-002,旭川ラーメン,animal_forward,動物系が強い,broth_seasoning,manual_review,0.93,true,manual_review:旭川ラーメン
jp-002,旭川ラーメン,double_broth,動物系と魚介の合わせだし,broth_seasoning,manual_review,0.93,true,manual_review:旭川ラーメン
jp-002,旭川ラーメン,traditional,伝統的・王道,culture,manual_review,0.93,true,manual_review:旭川ラーメン
jp-002,旭川ラーメン,seafood_ingredient,魚介を使う,ingredient,legacy_tag,0.88,true,legacy_tag:魚介
jp-002,旭川ラーメン,soup,汁あり,serving,manual_review,0.93,true,manual_review:旭川ラーメン
jp-002,旭川ラーメン,umami_forward,うま味が強い,taste_aroma,numeric_derived,0.62,false,taste.umami>=4.0
jp-003,函館ラーメン,salt,塩系,broth_seasoning,manual_review,0.93,true,manual_review:函館ラーメン
jp-003,函館ラーメン,traditional,伝統的・王道,culture,manual_review,0.93,true,manual_review:函館ラーメン
jp-003,函館ラーメン,soup,汁あり,serving,manual_review,0.93,true,manual_review:函館ラーメン
jp-003,函館ラーメン,light,あっさり,taste_aroma,manual_review,0.93,true,manual_review:函館ラーメン
jp-004,釧路ラーメン,soy_sauce,醤油系,broth_seasoning,legacy_tag,0.88,true,legacy_tag:醤油
jp-004,釧路ラーメン,thin_noodle,細麺,noodle,numeric_derived,0.62,false,noodle.thickness<=2.2
jp-004,釧路ラーメン,soup,汁あり,serving,structured_field,0.74,false,collection_form:japan_local_ramen
jp-004,釧路ラーメン,light,あっさり,taste_aroma,numeric_derived,0.62,false,taste.richness<=2.3 & oiliness<=2.3
jp-005,カレーラーメン,curry,カレー系,broth_seasoning,structured_field,0.86,true,name_contains:カレー
jp-005,カレーラーメン,soup,汁あり,serving,structured_field,0.74,false,collection_form:japan_local_ramen
jp-005,カレーラーメン,spicy,辛い・香辛料が効く,taste_aroma,legacy_tag,0.88,true,legacy_tag:香辛料
jp-006,上川ラーメン,soup,汁あり,serving,structured_field,0.74,false,collection_form:japan_local_ramen
jp-007,天ぷらラーメン,tempura,天ぷら・揚げ物,ingredient,structured_field,0.86,true,name_explicit:揚げ物
jp-007,天ぷらラーメン,soup,汁あり,serving,structured_field,0.74,false,collection_form:japan_local_ramen
jp-008,中標津ミルキーラーメン,dairy,乳製品,ingredient,structured_field,0.86,true,name_explicit:乳製品
jp-008,中標津ミルキーラーメン,soup,汁あり,serving,structured_field,0.74,false,collection_form:japan_local_ramen
jp-008,中標津ミルキーラーメン,rich,濃厚,taste_aroma,legacy_tag,0.88,true,legacy_tag:まろやか
jp-009,オホーツク干貝柱ラーメン,soy_sauce,醤油系,broth_seasoning,structured_field,0.78,true,structured:醤油
jp-009,オホーツク干貝柱ラーメン,salt,塩系,broth_seasoning,structured_field,0.78,true,structured:塩
jp-009,オホーツク干貝柱ラーメン,miso,味噌系,broth_seasoning,structured_field,0.78,true,structured:味噌
jp-009,オホーツク干貝柱ラーメン,seafood_forward,魚介が強い,broth_seasoning,structured_field,0.86,true,name_explicit:魚介素材
jp-009,オホーツク干貝柱ラーメン,seafood_ingredient,魚介を使う,ingredient,structured_field,0.86,true,name_explicit:魚介素材
jp-009,オホーツク干貝柱ラーメン,soup,汁あり,serving,structured_field,0.74,false,collection_form:japan_local_ramen
jp-009,オホーツク干貝柱ラーメン,umami_forward,うま味が強い,taste_aroma,numeric_derived,0.62,false,taste.umami>=4.0
jp-009,オホーツク干貝柱ラーメン,fermented,発酵感がある,taste_aroma,structured_field,0.78,true,structured:味噌
jp-010,旭川ホルメン,meat_ingredient,肉を使う,ingredient,structured_field,0.86,true,name_explicit:もつ・ホルモン
jp-010,旭川ホルメン,offal,もつ・ホルモン,ingredient,structured_field,0.86,true,name_explicit:もつ・ホルモン
jp-010,旭川ホルメン,soup,汁あり,serving,structured_field,0.74,false,collection_form:japan_local_ramen
jp-010,旭川ホルメン,rich,濃厚,taste_aroma,numeric_derived,0.62,false,taste.richness>=3.5
jp-011,ガタタンラーメン,vegetables,野菜が多い,ingredient,structured_field,0.86,true,name_explicit:野菜系
jp-011,ガタタンラーメン,soup,汁あり,serving,structured_field,0.74,false,collection_form:japan_local_ramen
jp-012,稚内ラーメン,soup,汁あり,serving,structured_field,0.74,false,collection_form:japan_local_ramen
jp-013,利尻ラーメン,soup,汁あり,serving,structured_field,0.74,false,collection_form:japan_local_ramen
jp-014,津軽中華そば,soy_sauce,醤油系,broth_seasoning,structured_field,0.86,true,name_explicit:醤油系
jp-014,津軽中華そば,soup,汁あり,serving,structured_field,0.74,false,collection_form:japan_local_ramen
jp-015,味噌カレー牛乳ラーメン,miso,味噌系,broth_seasoning,structured_field,0.86,true,name_contains:味噌
jp-015,味噌カレー牛乳ラーメン,curry,カレー系,broth_seasoning,structured_field,0.86,true,name_contains:カレー
jp-015,味噌カレー牛乳ラーメン,dairy,乳製品,ingredient,structured_field,0.86,true,name_explicit:乳製品
jp-015,味噌カレー牛乳ラーメン,soup,汁あり,serving,structured_field,0.74,false,collection_form:japan_local_ramen
jp-015,味噌カレー牛乳ラーメン,rich,濃厚,taste_aroma,numeric_derived,0.62,false,taste.richness>=3.5
jp-015,味噌カレー牛乳ラーメン,spicy,辛い・香辛料が効く,taste_aroma,legacy_tag,0.88,true,legacy_tag:香辛料
jp-015,味噌カレー牛乳ラーメン,fermented,発酵感がある,taste_aroma,structured_field,0.86,true,name_contains:味噌
jp-016,濃厚津軽煮干しラーメン,soy_sauce,醤油系,broth_seasoning,structured_field,0.78,true,structured:醤油
jp-016,濃厚津軽煮干しラーメン,salt,塩系,broth_seasoning,structured_field,0.78,true,structured:塩
jp-016,濃厚津軽煮干しラーメン,miso,味噌系,broth_seasoning,structured_field,0.78,true,structured:味噌
jp-016,濃厚津軽煮干しラーメン,niboshi,煮干し・節系,broth_seasoning,structured_field,0.86,true,name_explicit:魚介乾物
jp-016,濃厚津軽煮干しラーメン,dashi_forward,だしが主役,broth_seasoning,structured_field,0.86,true,name_explicit:魚介乾物
jp-016,濃厚津軽煮干しラーメン,seafood_forward,魚介が強い,broth_seasoning,structured_field,0.86,true,name_explicit:魚介乾物
jp-016,濃厚津軽煮干しラーメン,soup,汁あり,serving,structured_field,0.74,false,collection_form:japan_local_ramen
jp-016,濃厚津軽煮干しラーメン,rich,濃厚,taste_aroma,numeric_derived,0.62,false,taste.richness>=3.5
jp-016,濃厚津軽煮干しラーメン,umami_forward,うま味が強い,taste_aroma,numeric_derived,0.62,false,taste.umami>=4.0
jp-016,濃厚津軽煮干しラーメン,fermented,発酵感がある,taste_aroma,structured_field,0.78,true,structured:味噌
jp-017,しじみラーメン,soy_sauce,醤油系,broth_seasoning,structured_field,0.78,true,structured:醤油
jp-017,しじみラーメン,salt,塩系,broth_seasoning,structured_field,0.78,true,structured:塩
jp-017,しじみラーメン,miso,味噌系,broth_seasoning,structured_field,0.78,true,structured:味噌
jp-017,しじみラーメン,seafood_forward,魚介が強い,broth_seasoning,structured_field,0.86,true,name_explicit:魚介素材
jp-017,しじみラーメン,seafood_ingredient,魚介を使う,ingredient,structured_field,0.86,true,name_explicit:魚介素材
jp-017,しじみラーメン,soup,汁あり,serving,structured_field,0.74,false,collection_form:japan_local_ramen
jp-017,しじみラーメン,umami_forward,うま味が強い,taste_aroma,numeric_derived,0.62,false,taste.umami>=4.0
jp-017,しじみラーメン,fermented,発酵感がある,taste_aroma,structured_field,0.78,true,structured:味噌
jp-018,つゆやきそば,soup,汁あり,serving,structured_field,0.74,false,collection_form:japan_local_ramen
jp-019,八戸ラーメン,soup,汁あり,serving,structured_field,0.74,false,collection_form:japan_local_ramen
jp-020,宮古ラーメン,soup,汁あり,serving,structured_field,0.74,false,collection_form:japan_local_ramen
jp-021,釜石ラーメン,soup,汁あり,serving,structured_field,0.74,false,collection_form:japan_local_ramen
jp-022,五穀ラーメン,soup,汁あり,serving,structured_field,0.74,false,collection_form:japan_local_ramen
jp-023,三陸磯ラーメン,seafood_forward,魚介が強い,broth_seasoning,structured_field,0.86,true,name_explicit:魚介素材
jp-023,三陸磯ラーメン,seafood_ingredient,魚介を使う,ingredient,structured_field,0.86,true,name_explicit:魚介素材
jp-023,三陸磯ラーメン,soup,汁あり,serving,structured_field,0.74,false,collection_form:japan_local_ramen
jp-024,大船渡さんまラーメン,seafood_forward,魚介が強い,broth_seasoning,structured_field,0.86,true,name_explicit:魚介素材
jp-024,大船渡さんまラーメン,seafood_ingredient,魚介を使う,ingredient,structured_field,0.86,true,name_explicit:魚介素材
jp-024,大船渡さんまラーメン,soup,汁あり,serving,structured_field,0.74,false,collection_form:japan_local_ramen
jp-025,じゃじゃ麺,soup,汁あり,serving,structured_field,0.74,false,collection_form:japan_local_ramen
jp-026,盛岡冷麺,firm_noodle,コシが強い,noodle,numeric_derived,0.62,false,noodle.firmness>=3.6
jp-026,盛岡冷麺,elastic_noodle,弾力がある,noodle,numeric_derived,0.62,false,noodle.elasticity>=3.7
jp-026,盛岡冷麺,cold,冷たい,serving,structured_field,0.88,true,form:cold
jp-026,盛岡冷麺,light,あっさり,taste_aroma,numeric_derived,0.62,false,taste.richness<=2.3 & oiliness<=2.3
jp-027,江戸系ラーメン,soup,汁あり,serving,structured_field,0.74,false,collection_form:japan_local_ramen
jp-028,十文字ラーメン,soup,汁あり,serving,structured_field,0.74,false,collection_form:japan_local_ramen
jp-029,稲庭中華そば,soy_sauce,醤油系,broth_seasoning,structured_field,0.86,true,name_explicit:醤油系
jp-029,稲庭中華そば,thin_noodle,細麺,noodle,numeric_derived,0.62,false,noodle.thickness<=2.2
jp-029,稲庭中華そば,soup,汁あり,serving,structured_field,0.74,false,collection_form:japan_local_ramen
jp-030,かつラーメン,meat_ingredient,肉を使う,ingredient,legacy_tag,0.88,true,legacy_tag:カツ
jp-030,かつラーメン,tempura,天ぷら・揚げ物,ingredient,structured_field,0.78,true,ingredient:揚げ物
jp-030,かつラーメン,soup,汁あり,serving,structured_field,0.74,false,collection_form:japan_local_ramen
jp-030,かつラーメン,rich,濃厚,taste_aroma,numeric_derived,0.62,false,taste.richness>=3.5
jp-031,秋田天ぷら中華,tempura,天ぷら・揚げ物,ingredient,structured_field,0.86,true,name_explicit:揚げ物
jp-031,秋田天ぷら中華,soup,汁あり,serving,structured_field,0.74,false,collection_form:japan_local_ramen
jp-032,辛味噌ラーメン,miso,味噌系,broth_seasoning,structured_field,0.86,true,name_contains:味噌
jp-032,辛味噌ラーメン,soup,汁あり,serving,structured_field,0.74,false,collection_form:japan_local_ramen
jp-032,辛味噌ラーメン,rich,濃厚,taste_aroma,numeric_derived,0.62,false,taste.richness>=3.5
jp-032,辛味噌ラーメン,spicy,辛い・香辛料が効く,taste_aroma,structured_field,0.86,true,name_explicit:辛味
jp-032,辛味噌ラーメン,fermented,発酵感がある,taste_aroma,structured_field,0.86,true,name_contains:味噌
jp-033,冷やしラーメン,cold,冷たい,serving,structured_field,0.88,true,form:cold
jp-033,冷やしラーメン,light,あっさり,taste_aroma,numeric_derived,0.62,false,taste.richness<=2.3 & oiliness<=2.3
jp-034,酒田ラーメン,soy_sauce,醤油系,broth_seasoning,structured_field,0.78,true,structured:醤油
jp-034,酒田ラーメン,seafood_forward,魚介が強い,broth_seasoning,structured_field,0.78,true,structured:魚介
jp-034,酒田ラーメン,seafood_ingredient,魚介を使う,ingredient,legacy_tag,0.88,true,legacy_tag:魚介
jp-034,酒田ラーメン,handmade,手打ち・手作り麺,noodle,legacy_tag,0.88,true,legacy_tag:自家製麺文化
jp-034,酒田ラーメン,soup,汁あり,serving,structured_field,0.74,false,collection_form:japan_local_ramen
jp-034,酒田ラーメン,umami_forward,うま味が強い,taste_aroma,numeric_derived,0.62,false,taste.umami>=4.0
jp-035,からみそラーメン,miso,味噌系,broth_seasoning,legacy_tag,0.88,true,legacy_tag:味噌
jp-035,からみそラーメン,soup,汁あり,serving,structured_field,0.74,false,collection_form:japan_local_ramen
jp-035,からみそラーメン,rich,濃厚,taste_aroma,numeric_derived,0.62,false,taste.richness>=3.5
jp-035,からみそラーメン,fermented,発酵感がある,taste_aroma,legacy_tag,0.88,true,legacy_tag:味噌
jp-036,とりもつラーメン,meat_ingredient,肉を使う,ingredient,structured_field,0.86,true,name_explicit:もつ・ホルモン
jp-036,とりもつラーメン,offal,もつ・ホルモン,ingredient,structured_field,0.86,true,name_explicit:もつ・ホルモン
jp-036,とりもつラーメン,soup,汁あり,serving,structured_field,0.74,false,collection_form:japan_local_ramen
jp-036,とりもつラーメン,rich,濃厚,taste_aroma,numeric_derived,0.62,false,taste.richness>=3.5
jp-037,鳥中華,soy_sauce,醤油系,broth_seasoning,structured_field,0.78,true,structured:醤油
jp-037,鳥中華,salt,塩系,broth_seasoning,structured_field,0.78,true,structured:塩
jp-037,鳥中華,dashi_forward,だしが主役,broth_seasoning,structured_field,0.78,true,structured:だし
jp-037,鳥中華,seafood_forward,魚介が強い,broth_seasoning,structured_field,0.78,true,structured:魚介
jp-037,鳥中華,soup,汁あり,serving,structured_field,0.74,false,collection_form:japan_local_ramen
jp-037,鳥中華,light,あっさり,taste_aroma,numeric_derived,0.62,false,taste.richness<=2.3 & oiliness<=2.3
jp-038,鶴岡節系ラーメン,soy_sauce,醤油系,broth_seasoning,structured_field,0.78,true,structured:醤油
jp-038,鶴岡節系ラーメン,salt,塩系,broth_seasoning,structured_field,0.78,true,structured:塩
jp-038,鶴岡節系ラーメン,miso,味噌系,broth_seasoning,structured_field,0.78,true,structured:味噌
jp-038,鶴岡節系ラーメン,niboshi,煮干し・節系,broth_seasoning,structured_field,0.86,true,name_explicit:魚介乾物
jp-038,鶴岡節系ラーメン,dashi_forward,だしが主役,broth_seasoning,structured_field,0.86,true,name_explicit:魚介乾物
jp-038,鶴岡節系ラーメン,seafood_forward,魚介が強い,broth_seasoning,structured_field,0.86,true,name_explicit:魚介乾物
jp-038,鶴岡節系ラーメン,soup,汁あり,serving,structured_field,0.74,false,collection_form:japan_local_ramen
jp-038,鶴岡節系ラーメン,umami_forward,うま味が強い,taste_aroma,numeric_derived,0.62,false,taste.umami>=4.0
jp-038,鶴岡節系ラーメン,fermented,発酵感がある,taste_aroma,structured_field,0.78,true,structured:味噌
jp-039,馬肉チャーシューラーメン,soup,汁あり,serving,structured_field,0.74,false,collection_form:japan_local_ramen
jp-040,米沢ラーメン,soy_sauce,醤油系,broth_seasoning,manual_review,0.93,true,manual_review:米沢ラーメン
jp-040,米沢ラーメン,traditional,伝統的・王道,culture,manual_review,0.93,true,manual_review:米沢ラーメン
jp-040,米沢ラーメン,thin_noodle,細麺,noodle,manual_review,0.93,true,manual_review:米沢ラーメン
jp-040,米沢ラーメン,high_hydration_curly,多加水の縮れ麺,noodle,manual_review,0.93,true,manual_review:米沢ラーメン
jp-040,米沢ラーメン,soup,汁あり,serving,manual_review,0.93,true,manual_review:米沢ラーメン
jp-040,米沢ラーメン,light,あっさり,taste_aroma,manual_review,0.93,true,manual_review:米沢ラーメン
jp-041,肉中華,soup,汁あり,serving,structured_field,0.74,false,collection_form:japan_local_ramen
jp-042,喜多方ラーメン,soy_sauce,醤油系,broth_seasoning,manual_review,0.93,true,manual_review:喜多方ラーメン
jp-042,喜多方ラーメン,traditional,伝統的・王道,culture,manual_review,0.93,true,manual_review:喜多方ラーメン
jp-042,喜多方ラーメン,breakfast_culture,朝に食べる文化,culture,manual_review,0.93,true,manual_review:喜多方ラーメン
jp-042,喜多方ラーメン,thick_noodle,太麺,noodle,manual_review,0.93,true,manual_review:喜多方ラーメン
jp-042,喜多方ラーメン,flat_noodle,平打ち・幅広麺,noodle,manual_review,0.93,true,manual_review:喜多方ラーメン
jp-042,喜多方ラーメン,elastic_noodle,弾力がある,noodle,manual_review,0.93,true,manual_review:喜多方ラーメン
jp-042,喜多方ラーメン,high_hydration_curly,多加水の縮れ麺,noodle,legacy_tag,0.88,true,legacy_tag:多加水の縮れ麺
jp-042,喜多方ラーメン,soup,汁あり,serving,manual_review,0.93,true,manual_review:喜多方ラーメン
jp-042,喜多方ラーメン,light,あっさり,taste_aroma,manual_review,0.93,true,manual_review:喜多方ラーメン
jp-043,白河ラーメン,soy_sauce,醤油系,broth_seasoning,manual_review,0.93,true,manual_review:白河ラーメン
jp-043,白河ラーメン,traditional,伝統的・王道,culture,manual_review,0.93,true,manual_review:白河ラーメン
jp-043,白河ラーメン,flat_noodle,平打ち・幅広麺,noodle,manual_review,0.93,true,manual_review:白河ラーメン
jp-043,白河ラーメン,firm_noodle,コシが強い,noodle,manual_review,0.93,true,manual_review:白河ラーメン
jp-043,白河ラーメン,handmade,手打ち・手作り麺,noodle,manual_review,0.93,true,manual_review:白河ラーメン
jp-043,白河ラーメン,soup,汁あり,serving,manual_review,0.93,true,manual_review:白河ラーメン
jp-043,白河ラーメン,light,あっさり,taste_aroma,manual_review,0.93,true,manual_review:白河ラーメン
jp-044,会津ラーメン,soup,汁あり,serving,structured_field,0.74,false,collection_form:japan_local_ramen
jp-045,奥州郡山とんこつラーメン,soy_sauce,醤油系,broth_seasoning,structured_field,0.78,true,structured:醤油
jp-045,奥州郡山とんこつラーメン,salt,塩系,broth_seasoning,structured_field,0.78,true,structured:塩
jp-045,奥州郡山とんこつラーメン,miso,味噌系,broth_seasoning,structured_field,0.78,true,structured:味噌
jp-045,奥州郡山とんこつラーメン,pork_bone,豚骨,broth_seasoning,structured_field,0.86,true,name_explicit:豚骨
jp-045,奥州郡山とんこつラーメン,animal_forward,動物系が強い,broth_seasoning,structured_field,0.86,true,name_explicit:豚骨
jp-045,奥州郡山とんこつラーメン,soup,汁あり,serving,structured_field,0.74,false,collection_form:japan_local_ramen
jp-045,奥州郡山とんこつラーメン,rich,濃厚,taste_aroma,numeric_derived,0.62,false,taste.richness>=3.5
jp-045,奥州郡山とんこつラーメン,umami_forward,うま味が強い,taste_aroma,numeric_derived,0.62,false,taste.umami>=4.0
jp-045,奥州郡山とんこつラーメン,fermented,発酵感がある,taste_aroma,structured_field,0.78,true,structured:味噌
jp-046,郡山ブラックラーメン,soy_sauce,醤油系,broth_seasoning,legacy_tag,0.88,true,legacy_tag:濃口醤油
jp-046,郡山ブラックラーメン,dark_broth,濃い色のスープ,broth_seasoning,legacy_tag,0.88,true,legacy_tag:濃い色
jp-046,郡山ブラックラーメン,soup,汁あり,serving,structured_field,0.74,false,collection_form:japan_local_ramen
jp-047,会津野沢宿味噌ラーメン,miso,味噌系,broth_seasoning,structured_field,0.86,true,name_contains:味噌
jp-047,会津野沢宿味噌ラーメン,soup,汁あり,serving,structured_field,0.74,false,collection_form:japan_local_ramen
jp-047,会津野沢宿味噌ラーメン,rich,濃厚,taste_aroma,numeric_derived,0.62,false,taste.richness>=3.5
jp-047,会津野沢宿味噌ラーメン,fermented,発酵感がある,taste_aroma,structured_field,0.86,true,name_contains:味噌
jp-048,福島鶏白湯,soy_sauce,醤油系,broth_seasoning,structured_field,0.78,true,structured:醤油
jp-048,福島鶏白湯,salt,塩系,broth_seasoning,structured_field,0.78,true,structured:塩
jp-048,福島鶏白湯,miso,味噌系,broth_seasoning,structured_field,0.78,true,structured:味噌
jp-048,福島鶏白湯,chicken_paitan,鶏白湯,broth_seasoning,structured_field,0.86,true,name_explicit:鶏白湯
jp-048,福島鶏白湯,animal_forward,動物系が強い,broth_seasoning,structured_field,0.86,true,name_explicit:鶏白湯
jp-048,福島鶏白湯,meat_ingredient,肉を使う,ingredient,legacy_tag,0.88,true,legacy_tag:鶏
jp-048,福島鶏白湯,soup,汁あり,serving,structured_field,0.74,false,collection_form:japan_local_ramen
jp-048,福島鶏白湯,rich,濃厚,taste_aroma,numeric_derived,0.62,false,taste.richness>=3.5
jp-048,福島鶏白湯,umami_forward,うま味が強い,taste_aroma,numeric_derived,0.62,false,taste.umami>=4.0
jp-048,福島鶏白湯,fermented,発酵感がある,taste_aroma,structured_field,0.78,true,structured:味噌
jp-049,スタミナラーメン,soup,汁あり,serving,structured_field,0.74,false,collection_form:japan_local_ramen
jp-050,水戸藩ラーメン,soup,汁あり,serving,structured_field,0.74,false,collection_form:japan_local_ramen
jp-051,下館ラーメン,soup,汁あり,serving,structured_field,0.74,false,collection_form:japan_local_ramen
jp-052,豆腐味噌ラーメン,miso,味噌系,broth_seasoning,structured_field,0.86,true,name_contains:味噌
jp-052,豆腐味噌ラーメン,tofu,豆腐を使う,ingredient,structured_field,0.86,true,name_explicit:豆腐
jp-052,豆腐味噌ラーメン,soup,汁あり,serving,structured_field,0.74,false,collection_form:japan_local_ramen
jp-052,豆腐味噌ラーメン,rich,濃厚,taste_aroma,numeric_derived,0.62,false,taste.richness>=3.5
jp-052,豆腐味噌ラーメン,fermented,発酵感がある,taste_aroma,structured_field,0.86,true,name_contains:味噌
jp-053,佐野ラーメン,soy_sauce,醤油系,broth_seasoning,manual_review,0.93,true,manual_review:佐野ラーメン
jp-053,佐野ラーメン,traditional,伝統的・王道,culture,manual_review,0.93,true,manual_review:佐野ラーメン
jp-053,佐野ラーメン,flat_noodle,平打ち・幅広麺,noodle,manual_review,0.93,true,manual_review:佐野ラーメン
jp-053,佐野ラーメン,smooth_noodle,なめらかな麺,noodle,manual_review,0.93,true,manual_review:佐野ラーメン
jp-053,佐野ラーメン,handmade,手打ち・手作り麺,noodle,manual_review,0.93,true,manual_review:佐野ラーメン
jp-053,佐野ラーメン,soup,汁あり,serving,manual_review,0.93,true,manual_review:佐野ラーメン
jp-053,佐野ラーメン,light,あっさり,taste_aroma,manual_review,0.93,true,manual_review:佐野ラーメン
jp-054,夕顔ラーメン,soup,汁あり,serving,structured_field,0.74,false,collection_form:japan_local_ramen
jp-055,スープ入り焼きそば,fried_griddle,焼き・炒め,serving,structured_field,0.88,true,form:fried
jp-055,スープ入り焼きそば,roasted,香ばしい,taste_aroma,legacy_tag,0.88,true,legacy_tag:焼き・炒め
jp-056,藤岡ラーメン,soup,汁あり,serving,structured_field,0.74,false,collection_form:japan_local_ramen
jp-057,東毛手延べラーメン,hand_stretched,手延べ麺,noodle,legacy_tag,0.88,true,legacy_tag:手延べ麺
jp-057,東毛手延べラーメン,soup,汁あり,serving,structured_field,0.74,false,collection_form:japan_local_ramen
jp-058,竹岡式ラーメン,soy_sauce,醤油系,broth_seasoning,legacy_tag,0.88,true,legacy_tag:濃口醤油
jp-058,竹岡式ラーメン,dark_broth,濃い色のスープ,broth_seasoning,legacy_tag,0.88,true,legacy_tag:濃い色
jp-058,竹岡式ラーメン,meat_ingredient,肉を使う,ingredient,legacy_tag,0.88,true,legacy_tag:チャーシュー煮汁を生かす醤油味
jp-058,竹岡式ラーメン,soup,汁あり,serving,structured_field,0.74,false,collection_form:japan_local_ramen
jp-059,勝浦タンタンメン,salt,塩系,broth_seasoning,structured_field,0.78,true,structured:塩
jp-059,勝浦タンタンメン,animal_forward,動物系が強い,broth_seasoning,structured_field,0.78,true,structured:動物系
jp-059,勝浦タンタンメン,vegetables,野菜が多い,ingredient,structured_field,0.86,true,name_explicit:野菜系
jp-059,勝浦タンタンメン,soup,汁あり,serving,structured_field,0.74,false,collection_form:japan_local_ramen
jp-059,勝浦タンタンメン,spicy,辛い・香辛料が効く,taste_aroma,structured_field,0.86,true,name_explicit:辛味
jp-060,アリランラーメン,soy_sauce,醤油系,broth_seasoning,legacy_tag,0.88,true,legacy_tag:濃口醤油
jp-060,アリランラーメン,dark_broth,濃い色のスープ,broth_seasoning,legacy_tag,0.88,true,legacy_tag:濃い色
jp-060,アリランラーメン,vegetables,野菜が多い,ingredient,structured_field,0.78,true,ingredient:野菜
jp-060,アリランラーメン,soup,汁あり,serving,structured_field,0.74,false,collection_form:japan_local_ramen
jp-060,アリランラーメン,rich,濃厚,taste_aroma,numeric_derived,0.62,false,taste.richness>=3.5
jp-060,アリランラーメン,spicy,辛い・香辛料が効く,taste_aroma,numeric_derived,0.62,false,taste.heat/spice
jp-060,アリランラーメン,garlic,にんにくが効く,taste_aroma,numeric_derived,0.62,false,taste.garlicIntensity>=2.5
jp-061,船橋ソースラーメン,sauce,ソース系,broth_seasoning,legacy_tag,0.88,true,legacy_tag:ソース
jp-061,船橋ソースラーメン,soup,汁あり,serving,structured_field,0.74,false,collection_form:japan_local_ramen
jp-062,もばらーめん,soup,汁あり,serving,structured_field,0.74,false,collection_form:japan_local_ramen
jp-063,ホワイトガウラーメン,dairy,乳製品,ingredient,structured_field,0.78,true,ingredient:乳製品
jp-063,ホワイトガウラーメン,soup,汁あり,serving,structured_field,0.74,false,collection_form:japan_local_ramen
jp-063,ホワイトガウラーメン,rich,濃厚,taste_aroma,legacy_tag,0.88,true,legacy_tag:まろやか
jp-064,小見川カレー焼きそば,curry,カレー系,broth_seasoning,structured_field,0.86,true,name_contains:カレー
jp-064,小見川カレー焼きそば,fried_griddle,焼き・炒め,serving,structured_field,0.88,true,form:fried
jp-064,小見川カレー焼きそば,rich,濃厚,taste_aroma,numeric_derived,0.62,false,taste.richness>=3.5
jp-064,小見川カレー焼きそば,spicy,辛い・香辛料が効く,taste_aroma,legacy_tag,0.88,true,legacy_tag:香辛料
jp-064,小見川カレー焼きそば,roasted,香ばしい,taste_aroma,legacy_tag,0.88,true,legacy_tag:焼き・炒め
jp-065,スタミナラーメン,soup,汁あり,serving,structured_field,0.74,false,collection_form:japan_local_ramen
jp-066,豆腐ラーメン,tofu,豆腐を使う,ingredient,structured_field,0.86,true,name_explicit:豆腐
jp-066,豆腐ラーメン,soup,汁あり,serving,structured_field,0.74,false,collection_form:japan_local_ramen
jp-067,酒粕味噌ラーメン,miso,味噌系,broth_seasoning,structured_field,0.86,true,name_contains:味噌
jp-067,酒粕味噌ラーメン,sake_lees,酒粕を使う,broth_seasoning,structured_field,0.86,true,name_explicit:酒粕
jp-067,酒粕味噌ラーメン,soup,汁あり,serving,structured_field,0.74,false,collection_form:japan_local_ramen
jp-067,酒粕味噌ラーメン,rich,濃厚,taste_aroma,numeric_derived,0.62,false,taste.richness>=3.5
jp-067,酒粕味噌ラーメン,fermented,発酵感がある,taste_aroma,structured_field,0.86,true,name_contains:味噌
jp-068,茶ラーメン,tea,茶を使う,ingredient,structured_field,0.86,true,name_explicit:茶
jp-068,茶ラーメン,soup,汁あり,serving,structured_field,0.74,false,collection_form:japan_local_ramen
jp-069,東京ラーメン,soy_sauce,醤油系,broth_seasoning,manual_review,0.93,true,manual_review:東京ラーメン
jp-069,東京ラーメン,dashi_forward,だしが主役,broth_seasoning,manual_review,0.93,true,manual_review:東京ラーメン
jp-069,東京ラーメン,double_broth,動物系と魚介の合わせだし,broth_seasoning,manual_review,0.93,true,manual_review:東京ラーメン
jp-069,東京ラーメン,traditional,伝統的・王道,culture,manual_review,0.93,true,manual_review:東京ラーメン
jp-069,東京ラーメン,soup,汁あり,serving,manual_review,0.93,true,manual_review:東京ラーメン
jp-069,東京ラーメン,light,あっさり,taste_aroma,numeric_derived,0.62,false,taste.richness<=2.3 & oiliness<=2.3
jp-070,荻窪ラーメン,soy_sauce,醤油系,broth_seasoning,structured_field,0.78,true,structured:醤油
jp-070,荻窪ラーメン,niboshi,煮干し・節系,broth_seasoning,legacy_tag,0.88,true,legacy_tag:煮干し
jp-070,荻窪ラーメン,seafood_forward,魚介が強い,broth_seasoning,structured_field,0.78,true,structured:魚介
jp-070,荻窪ラーメン,soup,汁あり,serving,structured_field,0.74,false,collection_form:japan_local_ramen
jp-070,荻窪ラーメン,umami_forward,うま味が強い,taste_aroma,numeric_derived,0.62,false,taste.umami>=4.0
jp-071,油そば,brothless,汁なし・まぜ,serving,structured_field,0.88,true,form:dry
jp-072,つけ麺,thick_noodle,太麺,noodle,numeric_derived,0.62,false,noodle.thickness>=3.5
jp-072,つけ麺,dipping,つけて食べる,serving,structured_field,0.88,true,form:dipping
jp-072,つけ麺,rich,濃厚,taste_aroma,numeric_derived,0.62,false,taste.richness>=3.5
jp-073,八王子ラーメン,soy_sauce,醤油系,broth_seasoning,legacy_tag,0.88,true,legacy_tag:醤油
jp-073,八王子ラーメン,vegetables,野菜が多い,ingredient,structured_field,0.78,true,ingredient:野菜
jp-073,八王子ラーメン,soup,汁あり,serving,structured_field,0.74,false,collection_form:japan_local_ramen
jp-074,背脂ラーメン,backfat,背脂,broth_seasoning,structured_field,0.86,true,name_explicit:背脂
jp-074,背脂ラーメン,soup,汁あり,serving,structured_field,0.74,false,collection_form:japan_local_ramen
jp-074,背脂ラーメン,rich,濃厚,taste_aroma,numeric_derived,0.62,false,taste.richness>=3.5
jp-075,家系ラーメン,soy_sauce,醤油系,broth_seasoning,manual_review,0.93,true,manual_review:家系ラーメン
jp-075,家系ラーメン,pork_bone,豚骨,broth_seasoning,manual_review,0.93,true,manual_review:家系ラーメン
jp-075,家系ラーメン,animal_forward,動物系が強い,broth_seasoning,manual_review,0.93,true,manual_review:家系ラーメン
jp-075,家系ラーメン,traditional,伝統的・王道,culture,manual_review,0.93,true,manual_review:家系ラーメン
jp-075,家系ラーメン,thick_noodle,太麺,noodle,manual_review,0.93,true,manual_review:家系ラーメン
jp-075,家系ラーメン,firm_noodle,コシが強い,noodle,manual_review,0.93,true,manual_review:家系ラーメン
jp-075,家系ラーメン,soup,汁あり,serving,manual_review,0.93,true,manual_review:家系ラーメン
jp-075,家系ラーメン,rich,濃厚,taste_aroma,manual_review,0.93,true,manual_review:家系ラーメン
jp-076,サンマーメン,soup,汁あり,serving,structured_field,0.74,false,collection_form:japan_local_ramen
jp-077,ニュータンタンメン,salt,塩系,broth_seasoning,structured_field,0.78,true,structured:塩
jp-077,ニュータンタンメン,animal_forward,動物系が強い,broth_seasoning,structured_field,0.78,true,structured:動物系
jp-077,ニュータンタンメン,vegetables,野菜が多い,ingredient,structured_field,0.86,true,name_explicit:野菜系
jp-077,ニュータンタンメン,soup,汁あり,serving,structured_field,0.74,false,collection_form:japan_local_ramen
jp-077,ニュータンタンメン,spicy,辛い・香辛料が効く,taste_aroma,structured_field,0.86,true,name_explicit:辛味
jp-078,平塚系タンメン,salt,塩系,broth_seasoning,structured_field,0.78,true,structured:塩
jp-078,平塚系タンメン,animal_forward,動物系が強い,broth_seasoning,structured_field,0.78,true,structured:動物系
jp-078,平塚系タンメン,vegetables,野菜が多い,ingredient,structured_field,0.86,true,name_explicit:野菜系
jp-078,平塚系タンメン,soup,汁あり,serving,structured_field,0.74,false,collection_form:japan_local_ramen
jp-079,小田原系ラーメン,soup,汁あり,serving,structured_field,0.74,false,collection_form:japan_local_ramen
jp-080,三崎まぐろラーメン,soy_sauce,醤油系,broth_seasoning,structured_field,0.78,true,structured:醤油
jp-080,三崎まぐろラーメン,salt,塩系,broth_seasoning,structured_field,0.78,true,structured:塩
jp-080,三崎まぐろラーメン,miso,味噌系,broth_seasoning,structured_field,0.78,true,structured:味噌
jp-080,三崎まぐろラーメン,seafood_forward,魚介が強い,broth_seasoning,structured_field,0.86,true,name_explicit:魚介素材
jp-080,三崎まぐろラーメン,seafood_ingredient,魚介を使う,ingredient,structured_field,0.86,true,name_explicit:魚介素材
jp-080,三崎まぐろラーメン,soup,汁あり,serving,structured_field,0.74,false,collection_form:japan_local_ramen
jp-080,三崎まぐろラーメン,umami_forward,うま味が強い,taste_aroma,numeric_derived,0.62,false,taste.umami>=4.0
jp-080,三崎まぐろラーメン,fermented,発酵感がある,taste_aroma,structured_field,0.78,true,structured:味噌
jp-081,小田原タンタン麺,soup,汁あり,serving,structured_field,0.74,false,collection_form:japan_local_ramen
jp-081,小田原タンタン麺,spicy,辛い・香辛料が効く,taste_aroma,structured_field,0.86,true,name_explicit:辛味
jp-082,神奈川淡麗系,soup,汁あり,serving,structured_field,0.74,false,collection_form:japan_local_ramen
jp-082,神奈川淡麗系,light,あっさり,taste_aroma,numeric_derived,0.62,false,taste.richness<=2.3 & oiliness<=2.3
jp-083,アホーメン,soup,汁あり,serving,structured_field,0.74,false,collection_form:japan_local_ramen
jp-083,アホーメン,garlic,にんにくが効く,taste_aroma,numeric_derived,0.62,false,taste.garlicIntensity>=2.5
jp-084,新潟あっさり醤油ラーメン,soy_sauce,醤油系,broth_seasoning,structured_field,0.86,true,name_explicit:醤油系
jp-084,新潟あっさり醤油ラーメン,soup,汁あり,serving,structured_field,0.74,false,collection_form:japan_local_ramen
jp-084,新潟あっさり醤油ラーメン,light,あっさり,taste_aroma,numeric_derived,0.62,false,taste.richness<=2.3 & oiliness<=2.3
jp-085,新潟濃厚味噌ラーメン,miso,味噌系,broth_seasoning,structured_field,0.86,true,name_contains:味噌
jp-085,新潟濃厚味噌ラーメン,soup,汁あり,serving,structured_field,0.74,false,collection_form:japan_local_ramen
jp-085,新潟濃厚味噌ラーメン,rich,濃厚,taste_aroma,numeric_derived,0.62,false,taste.richness>=3.5
jp-085,新潟濃厚味噌ラーメン,umami_forward,うま味が強い,taste_aroma,numeric_derived,0.62,false,taste.umami>=4.0
jp-085,新潟濃厚味噌ラーメン,fermented,発酵感がある,taste_aroma,structured_field,0.86,true,name_contains:味噌
jp-086,長岡生姜醤油ラーメン,soy_sauce,醤油系,broth_seasoning,structured_field,0.86,true,name_explicit:醤油系
jp-086,長岡生姜醤油ラーメン,soup,汁あり,serving,structured_field,0.74,false,collection_form:japan_local_ramen
jp-086,長岡生姜醤油ラーメン,ginger,生姜が効く,taste_aroma,structured_field,0.86,true,name_explicit:生姜
jp-087,燕背脂ラーメン,soy_sauce,醤油系,broth_seasoning,structured_field,0.78,true,structured:醤油
jp-087,燕背脂ラーメン,niboshi,煮干し・節系,broth_seasoning,legacy_tag,0.88,true,legacy_tag:煮干し
jp-087,燕背脂ラーメン,seafood_forward,魚介が強い,broth_seasoning,structured_field,0.78,true,structured:魚介
jp-087,燕背脂ラーメン,backfat,背脂,broth_seasoning,structured_field,0.86,true,name_explicit:背脂
jp-087,燕背脂ラーメン,thick_noodle,太麺,noodle,numeric_derived,0.62,false,noodle.thickness>=3.5
jp-087,燕背脂ラーメン,soup,汁あり,serving,structured_field,0.74,false,collection_form:japan_local_ramen
jp-087,燕背脂ラーメン,rich,濃厚,taste_aroma,numeric_derived,0.62,false,taste.richness>=3.5
jp-087,燕背脂ラーメン,umami_forward,うま味が強い,taste_aroma,numeric_derived,0.62,false,taste.umami>=4.0
jp-088,三条カレーラーメン,curry,カレー系,broth_seasoning,structured_field,0.86,true,name_contains:カレー
jp-088,三条カレーラーメン,soup,汁あり,serving,structured_field,0.74,false,collection_form:japan_local_ramen
jp-088,三条カレーラーメン,spicy,辛い・香辛料が効く,taste_aroma,legacy_tag,0.88,true,legacy_tag:香辛料
jp-089,三条っ子ラーメン,soup,汁あり,serving,structured_field,0.74,false,collection_form:japan_local_ramen
jp-090,見附へそラーメン,soup,汁あり,serving,structured_field,0.74,false,collection_form:japan_local_ramen
jp-091,上越とん汁ラーメン,soup,汁あり,serving,structured_field,0.74,false,collection_form:japan_local_ramen
jp-092,もつラーメン,meat_ingredient,肉を使う,ingredient,structured_field,0.86,true,name_explicit:もつ・ホルモン
jp-092,もつラーメン,offal,もつ・ホルモン,ingredient,structured_field,0.86,true,name_explicit:もつ・ホルモン
jp-092,もつラーメン,soup,汁あり,serving,structured_field,0.74,false,collection_form:japan_local_ramen
jp-092,もつラーメン,rich,濃厚,taste_aroma,numeric_derived,0.62,false,taste.richness>=3.5
jp-093,冷丼,cold,冷たい,serving,structured_field,0.88,true,form:cold
jp-093,冷丼,light,あっさり,taste_aroma,numeric_derived,0.62,false,taste.richness<=2.3 & oiliness<=2.3
jp-094,上越味噌ラーメン,miso,味噌系,broth_seasoning,structured_field,0.86,true,name_contains:味噌
jp-094,上越味噌ラーメン,soup,汁あり,serving,structured_field,0.74,false,collection_form:japan_local_ramen
jp-094,上越味噌ラーメン,rich,濃厚,taste_aroma,numeric_derived,0.62,false,taste.richness>=3.5
jp-094,上越味噌ラーメン,fermented,発酵感がある,taste_aroma,structured_field,0.86,true,name_contains:味噌
jp-095,麻婆ラーメン,soup,汁あり,serving,structured_field,0.74,false,collection_form:japan_local_ramen
jp-095,麻婆ラーメン,spicy,辛い・香辛料が効く,taste_aroma,numeric_derived,0.62,false,taste.heat/spice
jp-096,上越雪むろ酒かすラーメン,sake_lees,酒粕を使う,broth_seasoning,legacy_tag,0.88,true,legacy_tag:酒粕
jp-096,上越雪むろ酒かすラーメン,soup,汁あり,serving,structured_field,0.74,false,collection_form:japan_local_ramen
jp-096,上越雪むろ酒かすラーメン,fermented,発酵感がある,taste_aroma,numeric_derived,0.62,false,taste.fermentation>=2.5
jp-097,富山ブラックラーメン,soy_sauce,醤油系,broth_seasoning,legacy_tag,0.88,true,legacy_tag:濃口醤油
jp-097,富山ブラックラーメン,salt,塩系,broth_seasoning,legacy_tag,0.88,true,legacy_tag:強めの塩味
jp-097,富山ブラックラーメン,dark_broth,濃い色のスープ,broth_seasoning,legacy_tag,0.88,true,legacy_tag:濃い色
jp-097,富山ブラックラーメン,soup,汁あり,serving,structured_field,0.74,false,collection_form:japan_local_ramen
jp-098,入善ブラウンラーメン,soup,汁あり,serving,structured_field,0.74,false,collection_form:japan_local_ramen
jp-099,高岡グリーンラーメン,soup,汁あり,serving,structured_field,0.74,false,collection_form:japan_local_ramen
jp-100,おやべホワイトラーメン,dairy,乳製品,ingredient,structured_field,0.78,true,ingredient:乳製品
jp-100,おやべホワイトラーメン,soup,汁あり,serving,structured_field,0.74,false,collection_form:japan_local_ramen
jp-100,おやべホワイトラーメン,rich,濃厚,taste_aroma,legacy_tag,0.88,true,legacy_tag:まろやか
jp-101,UFOラーメン,soup,汁あり,serving,structured_field,0.74,false,collection_form:japan_local_ramen
jp-102,加賀味噌ラーメン,miso,味噌系,broth_seasoning,structured_field,0.86,true,name_contains:味噌
jp-102,加賀味噌ラーメン,soup,汁あり,serving,structured_field,0.74,false,collection_form:japan_local_ramen
jp-102,加賀味噌ラーメン,rich,濃厚,taste_aroma,numeric_derived,0.62,false,taste.richness>=3.5
jp-102,加賀味噌ラーメン,fermented,発酵感がある,taste_aroma,structured_field,0.86,true,name_contains:味噌
jp-103,敦賀ラーメン,soup,汁あり,serving,structured_field,0.74,false,collection_form:japan_local_ramen
jp-104,たけふ駅前中華そば,soy_sauce,醤油系,broth_seasoning,structured_field,0.86,true,name_explicit:醤油系
jp-104,たけふ駅前中華そば,soup,汁あり,serving,structured_field,0.74,false,collection_form:japan_local_ramen
jp-105,平打ちタンメン,salt,塩系,broth_seasoning,structured_field,0.78,true,structured:塩
jp-105,平打ちタンメン,animal_forward,動物系が強い,broth_seasoning,structured_field,0.78,true,structured:動物系
jp-105,平打ちタンメン,vegetables,野菜が多い,ingredient,structured_field,0.86,true,name_explicit:野菜系
jp-105,平打ちタンメン,flat_noodle,平打ち・幅広麺,noodle,numeric_derived,0.62,false,noodle.width>=3.7
jp-105,平打ちタンメン,soup,汁あり,serving,structured_field,0.74,false,collection_form:japan_local_ramen
jp-106,甲州地どりラーメン,soup,汁あり,serving,structured_field,0.74,false,collection_form:japan_local_ramen
jp-107,やまなし源水ラーメン,soup,汁あり,serving,structured_field,0.74,false,collection_form:japan_local_ramen
jp-107,やまなし源水ラーメン,light,あっさり,taste_aroma,numeric_derived,0.62,false,taste.richness<=2.3 & oiliness<=2.3
jp-108,安養寺ラーメン,soup,汁あり,serving,structured_field,0.74,false,collection_form:japan_local_ramen
jp-109,王様中華そば,soy_sauce,醤油系,broth_seasoning,structured_field,0.86,true,name_explicit:醤油系
jp-109,王様中華そば,soup,汁あり,serving,structured_field,0.74,false,collection_form:japan_local_ramen
jp-110,ローメン,fried_noodle,揚げ・焼き麺,noodle,legacy_tag,0.88,true,legacy_tag:蒸し麺
jp-110,ローメン,brothless,汁なし・まぜ,serving,structured_field,0.88,true,form:dry
jp-111,信州味噌ラーメン,miso,味噌系,broth_seasoning,structured_field,0.86,true,name_contains:味噌
jp-111,信州味噌ラーメン,soup,汁あり,serving,structured_field,0.74,false,collection_form:japan_local_ramen
jp-111,信州味噌ラーメン,rich,濃厚,taste_aroma,numeric_derived,0.62,false,taste.richness>=3.5
jp-111,信州味噌ラーメン,fermented,発酵感がある,taste_aroma,structured_field,0.86,true,name_contains:味噌
jp-112,高山ラーメン,soy_sauce,醤油系,broth_seasoning,manual_review,0.93,true,manual_review:高山ラーメン
jp-112,高山ラーメン,dashi_forward,だしが主役,broth_seasoning,manual_review,0.93,true,manual_review:高山ラーメン
jp-112,高山ラーメン,seafood_forward,魚介が強い,broth_seasoning,manual_review,0.93,true,manual_review:高山ラーメン
jp-112,高山ラーメン,traditional,伝統的・王道,culture,manual_review,0.93,true,manual_review:高山ラーメン
jp-112,高山ラーメン,thin_noodle,細麺,noodle,manual_review,0.93,true,manual_review:高山ラーメン
jp-112,高山ラーメン,soup,汁あり,serving,manual_review,0.93,true,manual_review:高山ラーメン
jp-112,高山ラーメン,light,あっさり,taste_aroma,manual_review,0.93,true,manual_review:高山ラーメン
jp-113,神岡ラーメン,soup,汁あり,serving,structured_field,0.74,false,collection_form:japan_local_ramen
jp-114,溶き味噌ラーメン,miso,味噌系,broth_seasoning,structured_field,0.86,true,name_contains:味噌
jp-114,溶き味噌ラーメン,soup,汁あり,serving,structured_field,0.74,false,collection_form:japan_local_ramen
jp-114,溶き味噌ラーメン,rich,濃厚,taste_aroma,numeric_derived,0.62,false,taste.richness>=3.5
jp-114,溶き味噌ラーメン,fermented,発酵感がある,taste_aroma,structured_field,0.86,true,name_contains:味噌
jp-115,清水もつカレーラーメン,curry,カレー系,broth_seasoning,structured_field,0.86,true,name_contains:カレー
jp-115,清水もつカレーラーメン,meat_ingredient,肉を使う,ingredient,structured_field,0.86,true,name_explicit:もつ・ホルモン
jp-115,清水もつカレーラーメン,offal,もつ・ホルモン,ingredient,structured_field,0.86,true,name_explicit:もつ・ホルモン
jp-115,清水もつカレーラーメン,soup,汁あり,serving,structured_field,0.74,false,collection_form:japan_local_ramen
jp-115,清水もつカレーラーメン,rich,濃厚,taste_aroma,numeric_derived,0.62,false,taste.richness>=3.5
jp-115,清水もつカレーラーメン,spicy,辛い・香辛料が効く,taste_aroma,legacy_tag,0.88,true,legacy_tag:香辛料
jp-116,志太系ラーメン,soup,汁あり,serving,structured_field,0.74,false,collection_form:japan_local_ramen
jp-117,富士つけナポリタン,vegetables,野菜が多い,ingredient,legacy_tag,0.88,true,legacy_tag:トマト
jp-117,富士つけナポリタン,soup,汁あり,serving,structured_field,0.74,false,collection_form:japan_local_ramen
jp-118,台湾ラーメン,meat_ingredient,肉を使う,ingredient,structured_field,0.78,true,ingredient:肉
jp-118,台湾ラーメン,soup,汁あり,serving,structured_field,0.74,false,collection_form:japan_local_ramen
jp-118,台湾ラーメン,spicy,辛い・香辛料が効く,taste_aroma,numeric_derived,0.62,false,taste.heat/spice
jp-118,台湾ラーメン,garlic,にんにくが効く,taste_aroma,numeric_derived,0.62,false,taste.garlicIntensity>=2.5
jp-119,台湾まぜそば,meat_ingredient,肉を使う,ingredient,structured_field,0.78,true,ingredient:肉
jp-119,台湾まぜそば,egg,卵を使う,ingredient,structured_field,0.78,true,ingredient:卵
jp-119,台湾まぜそば,brothless,汁なし・まぜ,serving,structured_field,0.88,true,form:dry
jp-119,台湾まぜそば,rich,濃厚,taste_aroma,numeric_derived,0.62,false,taste.richness>=3.5
jp-119,台湾まぜそば,spicy,辛い・香辛料が効く,taste_aroma,numeric_derived,0.62,false,taste.heat/spice
jp-119,台湾まぜそば,garlic,にんにくが効く,taste_aroma,numeric_derived,0.62,false,taste.garlicIntensity>=2.5
jp-120,好来系ラーメン,soup,汁あり,serving,structured_field,0.74,false,collection_form:japan_local_ramen
jp-121,ベトコンラーメン,soup,汁あり,serving,structured_field,0.74,false,collection_form:japan_local_ramen
jp-121,ベトコンラーメン,spicy,辛い・香辛料が効く,taste_aroma,structured_field,0.86,true,name_explicit:辛味
jp-121,ベトコンラーメン,garlic,にんにくが効く,taste_aroma,numeric_derived,0.62,false,taste.garlicIntensity>=2.5
jp-122,玉子とじラーメン,egg,卵を使う,ingredient,structured_field,0.86,true,name_explicit:卵
jp-122,玉子とじラーメン,soup,汁あり,serving,structured_field,0.74,false,collection_form:japan_local_ramen
jp-123,亀山ラーメン,soup,汁あり,serving,structured_field,0.74,false,collection_form:japan_local_ramen
jp-124,京都ラーメン,soy_sauce,醤油系,broth_seasoning,manual_review,0.93,true,manual_review:京都ラーメン
jp-124,京都ラーメン,pork_bone,豚骨,broth_seasoning,structured_field,0.78,true,structured:豚骨
jp-124,京都ラーメン,animal_forward,動物系が強い,broth_seasoning,manual_review,0.93,true,manual_review:京都ラーメン
jp-124,京都ラーメン,backfat,背脂,broth_seasoning,structured_field,0.78,true,structured:背脂
jp-124,京都ラーメン,traditional,伝統的・王道,culture,manual_review,0.93,true,manual_review:京都ラーメン
jp-124,京都ラーメン,soft_noodle,やわらかい麺,noodle,manual_review,0.93,true,manual_review:京都ラーメン
jp-124,京都ラーメン,soup,汁あり,serving,manual_review,0.93,true,manual_review:京都ラーメン
jp-124,京都ラーメン,rich,濃厚,taste_aroma,manual_review,0.93,true,manual_review:京都ラーメン
jp-124,京都ラーメン,umami_forward,うま味が強い,taste_aroma,numeric_derived,0.62,false,taste.umami>=4.0
jp-125,京風ラーメン,soy_sauce,醤油系,broth_seasoning,structured_field,0.78,true,structured:醤油
jp-125,京風ラーメン,salt,塩系,broth_seasoning,structured_field,0.78,true,structured:塩
jp-125,京風ラーメン,dashi_forward,だしが主役,broth_seasoning,structured_field,0.78,true,structured:だし
jp-125,京風ラーメン,seafood_forward,魚介が強い,broth_seasoning,structured_field,0.78,true,structured:魚介
jp-125,京風ラーメン,soup,汁あり,serving,structured_field,0.74,false,collection_form:japan_local_ramen
jp-125,京風ラーメン,light,あっさり,taste_aroma,numeric_derived,0.62,false,taste.richness<=2.3 & oiliness<=2.3
jp-126,キーシマ,soy_sauce,醤油系,broth_seasoning,structured_field,0.78,true,structured:醤油
jp-126,キーシマ,salt,塩系,broth_seasoning,structured_field,0.78,true,structured:塩
jp-126,キーシマ,dashi_forward,だしが主役,broth_seasoning,structured_field,0.78,true,structured:だし
jp-126,キーシマ,seafood_forward,魚介が強い,broth_seasoning,structured_field,0.78,true,structured:魚介
jp-126,キーシマ,soup,汁あり,serving,structured_field,0.74,false,collection_form:japan_local_ramen
jp-126,キーシマ,light,あっさり,taste_aroma,numeric_derived,0.62,false,taste.richness<=2.3 & oiliness<=2.3
jp-127,高井田系ラーメン,soy_sauce,醤油系,broth_seasoning,legacy_tag,0.88,true,legacy_tag:濃口醤油
jp-127,高井田系ラーメン,dark_broth,濃い色のスープ,broth_seasoning,legacy_tag,0.88,true,legacy_tag:濃い色
jp-127,高井田系ラーメン,thick_noodle,太麺,noodle,numeric_derived,0.62,false,noodle.thickness>=3.5
jp-127,高井田系ラーメン,soup,汁あり,serving,structured_field,0.74,false,collection_form:japan_local_ramen
jp-128,大阪ライト豚骨,soy_sauce,醤油系,broth_seasoning,structured_field,0.78,true,structured:醤油
jp-128,大阪ライト豚骨,salt,塩系,broth_seasoning,structured_field,0.78,true,structured:塩
jp-128,大阪ライト豚骨,miso,味噌系,broth_seasoning,structured_field,0.78,true,structured:味噌
jp-128,大阪ライト豚骨,pork_bone,豚骨,broth_seasoning,structured_field,0.86,true,name_explicit:豚骨
jp-128,大阪ライト豚骨,animal_forward,動物系が強い,broth_seasoning,structured_field,0.86,true,name_explicit:豚骨
jp-128,大阪ライト豚骨,soup,汁あり,serving,structured_field,0.74,false,collection_form:japan_local_ramen
jp-128,大阪ライト豚骨,rich,濃厚,taste_aroma,numeric_derived,0.62,false,taste.richness>=3.5
jp-128,大阪ライト豚骨,umami_forward,うま味が強い,taste_aroma,numeric_derived,0.62,false,taste.umami>=4.0
jp-128,大阪ライト豚骨,fermented,発酵感がある,taste_aroma,structured_field,0.78,true,structured:味噌
jp-129,神戸ラーメン,soup,汁あり,serving,structured_field,0.74,false,collection_form:japan_local_ramen
jp-130,えきそば,soy_sauce,醤油系,broth_seasoning,structured_field,0.78,true,structured:醤油
jp-130,えきそば,salt,塩系,broth_seasoning,structured_field,0.78,true,structured:塩
jp-130,えきそば,dashi_forward,だしが主役,broth_seasoning,structured_field,0.78,true,structured:だし
jp-130,えきそば,seafood_forward,魚介が強い,broth_seasoning,structured_field,0.78,true,structured:魚介
jp-130,えきそば,soup,汁あり,serving,structured_field,0.74,false,collection_form:japan_local_ramen
jp-130,えきそば,light,あっさり,taste_aroma,numeric_derived,0.62,false,taste.richness<=2.3 & oiliness<=2.3
jp-131,播州ラーメン,soup,汁あり,serving,structured_field,0.74,false,collection_form:japan_local_ramen
jp-132,播州赤穂塩ラーメン,salt,塩系,broth_seasoning,structured_field,0.86,true,name_contains:塩
jp-132,播州赤穂塩ラーメン,soup,汁あり,serving,structured_field,0.74,false,collection_form:japan_local_ramen
jp-132,播州赤穂塩ラーメン,light,あっさり,taste_aroma,numeric_derived,0.62,false,taste.richness<=2.3 & oiliness<=2.3
jp-133,尼崎あんかけちゃんぽん,soy_sauce,醤油系,broth_seasoning,structured_field,0.78,true,structured:醤油
jp-133,尼崎あんかけちゃんぽん,salt,塩系,broth_seasoning,structured_field,0.78,true,structured:塩
jp-133,尼崎あんかけちゃんぽん,miso,味噌系,broth_seasoning,structured_field,0.78,true,structured:味噌
jp-133,尼崎あんかけちゃんぽん,ankake,あんかけ,broth_seasoning,structured_field,0.86,true,name_explicit:あんかけ
jp-133,尼崎あんかけちゃんぽん,seafood_forward,魚介が強い,broth_seasoning,structured_field,0.78,true,structured:魚介
jp-133,尼崎あんかけちゃんぽん,animal_forward,動物系が強い,broth_seasoning,structured_field,0.78,true,structured:動物系
jp-133,尼崎あんかけちゃんぽん,vegetables,野菜が多い,ingredient,structured_field,0.86,true,name_explicit:野菜系
jp-133,尼崎あんかけちゃんぽん,seafood_ingredient,魚介を使う,ingredient,legacy_tag,0.88,true,legacy_tag:魚介
jp-133,尼崎あんかけちゃんぽん,soup,汁あり,serving,structured_field,0.74,false,collection_form:japan_local_ramen
jp-133,尼崎あんかけちゃんぽん,rich,濃厚,taste_aroma,numeric_derived,0.62,false,taste.richness>=3.5
jp-133,尼崎あんかけちゃんぽん,umami_forward,うま味が強い,taste_aroma,numeric_derived,0.62,false,taste.umami>=4.0
jp-133,尼崎あんかけちゃんぽん,fermented,発酵感がある,taste_aroma,structured_field,0.78,true,structured:味噌
jp-134,近江ちゃんぽん,soy_sauce,醤油系,broth_seasoning,structured_field,0.78,true,structured:醤油
jp-134,近江ちゃんぽん,salt,塩系,broth_seasoning,structured_field,0.78,true,structured:塩
jp-134,近江ちゃんぽん,miso,味噌系,broth_seasoning,structured_field,0.78,true,structured:味噌
jp-134,近江ちゃんぽん,seafood_forward,魚介が強い,broth_seasoning,structured_field,0.78,true,structured:魚介
jp-134,近江ちゃんぽん,animal_forward,動物系が強い,broth_seasoning,structured_field,0.78,true,structured:動物系
jp-134,近江ちゃんぽん,vegetables,野菜が多い,ingredient,structured_field,0.86,true,name_explicit:野菜系
jp-134,近江ちゃんぽん,seafood_ingredient,魚介を使う,ingredient,legacy_tag,0.88,true,legacy_tag:魚介
jp-134,近江ちゃんぽん,soup,汁あり,serving,structured_field,0.74,false,collection_form:japan_local_ramen
jp-134,近江ちゃんぽん,umami_forward,うま味が強い,taste_aroma,numeric_derived,0.62,false,taste.umami>=4.0
jp-134,近江ちゃんぽん,fermented,発酵感がある,taste_aroma,structured_field,0.78,true,structured:味噌
jp-135,天理ラーメン,soup,汁あり,serving,structured_field,0.74,false,collection_form:japan_local_ramen
jp-136,和歌山ラーメン,soy_sauce,醤油系,broth_seasoning,manual_review,0.93,true,manual_review:和歌山ラーメン
jp-136,和歌山ラーメン,pork_bone,豚骨,broth_seasoning,manual_review,0.93,true,manual_review:和歌山ラーメン
jp-136,和歌山ラーメン,animal_forward,動物系が強い,broth_seasoning,manual_review,0.93,true,manual_review:和歌山ラーメン
jp-136,和歌山ラーメン,traditional,伝統的・王道,culture,manual_review,0.93,true,manual_review:和歌山ラーメン
jp-136,和歌山ラーメン,thin_noodle,細麺,noodle,manual_review,0.93,true,manual_review:和歌山ラーメン
jp-136,和歌山ラーメン,soft_noodle,やわらかい麺,noodle,manual_review,0.93,true,manual_review:和歌山ラーメン
jp-136,和歌山ラーメン,soup,汁あり,serving,manual_review,0.93,true,manual_review:和歌山ラーメン
jp-136,和歌山ラーメン,rich,濃厚,taste_aroma,numeric_derived,0.62,false,taste.richness>=3.5
jp-136,和歌山ラーメン,umami_forward,うま味が強い,taste_aroma,numeric_derived,0.62,false,taste.umami>=4.0
jp-137,素ラーメン,soy_sauce,醤油系,broth_seasoning,structured_field,0.78,true,structured:醤油
jp-137,素ラーメン,salt,塩系,broth_seasoning,structured_field,0.78,true,structured:塩
jp-137,素ラーメン,dashi_forward,だしが主役,broth_seasoning,structured_field,0.78,true,structured:だし
jp-137,素ラーメン,seafood_forward,魚介が強い,broth_seasoning,structured_field,0.78,true,structured:魚介
jp-137,素ラーメン,soup,汁あり,serving,structured_field,0.74,false,collection_form:japan_local_ramen
jp-137,素ラーメン,light,あっさり,taste_aroma,numeric_derived,0.62,false,taste.richness<=2.3 & oiliness<=2.3
jp-138,鳥取牛骨ラーメン,soy_sauce,醤油系,broth_seasoning,structured_field,0.78,true,structured:醤油
jp-138,鳥取牛骨ラーメン,salt,塩系,broth_seasoning,structured_field,0.78,true,structured:塩
jp-138,鳥取牛骨ラーメン,miso,味噌系,broth_seasoning,structured_field,0.78,true,structured:味噌
jp-138,鳥取牛骨ラーメン,animal_forward,動物系が強い,broth_seasoning,structured_field,0.86,true,name_explicit:牛骨
jp-138,鳥取牛骨ラーメン,beef_bone,牛骨,broth_seasoning,structured_field,0.86,true,name_explicit:牛骨
jp-138,鳥取牛骨ラーメン,soup,汁あり,serving,structured_field,0.74,false,collection_form:japan_local_ramen
jp-138,鳥取牛骨ラーメン,fermented,発酵感がある,taste_aroma,structured_field,0.78,true,structured:味噌
jp-139,山陰ちゃんぽん,soy_sauce,醤油系,broth_seasoning,structured_field,0.78,true,structured:醤油
jp-139,山陰ちゃんぽん,salt,塩系,broth_seasoning,structured_field,0.78,true,structured:塩
jp-139,山陰ちゃんぽん,miso,味噌系,broth_seasoning,structured_field,0.78,true,structured:味噌
jp-139,山陰ちゃんぽん,seafood_forward,魚介が強い,broth_seasoning,structured_field,0.78,true,structured:魚介
jp-139,山陰ちゃんぽん,animal_forward,動物系が強い,broth_seasoning,structured_field,0.78,true,structured:動物系
jp-139,山陰ちゃんぽん,vegetables,野菜が多い,ingredient,structured_field,0.86,true,name_explicit:野菜系
jp-139,山陰ちゃんぽん,seafood_ingredient,魚介を使う,ingredient,legacy_tag,0.88,true,legacy_tag:魚介
jp-139,山陰ちゃんぽん,soup,汁あり,serving,structured_field,0.74,false,collection_form:japan_local_ramen
jp-139,山陰ちゃんぽん,umami_forward,うま味が強い,taste_aroma,numeric_derived,0.62,false,taste.umami>=4.0
jp-139,山陰ちゃんぽん,fermented,発酵感がある,taste_aroma,structured_field,0.78,true,structured:味噌
jp-140,しじみラーメン,soy_sauce,醤油系,broth_seasoning,structured_field,0.78,true,structured:醤油
jp-140,しじみラーメン,salt,塩系,broth_seasoning,structured_field,0.78,true,structured:塩
jp-140,しじみラーメン,miso,味噌系,broth_seasoning,structured_field,0.78,true,structured:味噌
jp-140,しじみラーメン,seafood_forward,魚介が強い,broth_seasoning,structured_field,0.86,true,name_explicit:魚介素材
jp-140,しじみラーメン,seafood_ingredient,魚介を使う,ingredient,structured_field,0.86,true,name_explicit:魚介素材
jp-140,しじみラーメン,soup,汁あり,serving,structured_field,0.74,false,collection_form:japan_local_ramen
jp-140,しじみラーメン,umami_forward,うま味が強い,taste_aroma,numeric_derived,0.62,false,taste.umami>=4.0
jp-140,しじみラーメン,fermented,発酵感がある,taste_aroma,structured_field,0.78,true,structured:味噌
jp-141,松江ラーメン,soup,汁あり,serving,structured_field,0.74,false,collection_form:japan_local_ramen
jp-142,岡山ラーメン,soup,汁あり,serving,structured_field,0.74,false,collection_form:japan_local_ramen
jp-143,トンカツラーメン,meat_ingredient,肉を使う,ingredient,legacy_tag,0.88,true,legacy_tag:カツ
jp-143,トンカツラーメン,tempura,天ぷら・揚げ物,ingredient,structured_field,0.86,true,name_explicit:揚げ物
jp-143,トンカツラーメン,soup,汁あり,serving,structured_field,0.74,false,collection_form:japan_local_ramen
jp-143,トンカツラーメン,rich,濃厚,taste_aroma,numeric_derived,0.62,false,taste.richness>=3.5
jp-144,新見ラーメン,soup,汁あり,serving,structured_field,0.74,false,collection_form:japan_local_ramen
jp-145,笠岡ラーメン,soup,汁あり,serving,structured_field,0.74,false,collection_form:japan_local_ramen
jp-146,広島ラーメン,soy_sauce,醤油系,broth_seasoning,structured_field,0.78,true,structured:醤油
jp-146,広島ラーメン,pork_bone,豚骨,broth_seasoning,manual_review,0.93,true,manual_review:広島ラーメン
jp-146,広島ラーメン,seafood_forward,魚介が強い,broth_seasoning,manual_review,0.93,true,manual_review:広島ラーメン
jp-146,広島ラーメン,animal_forward,動物系が強い,broth_seasoning,structured_field,0.78,true,structured:豚骨
jp-146,広島ラーメン,double_broth,動物系と魚介の合わせだし,broth_seasoning,manual_review,0.93,true,manual_review:広島ラーメン
jp-146,広島ラーメン,traditional,伝統的・王道,culture,manual_review,0.93,true,manual_review:広島ラーメン
jp-146,広島ラーメン,thin_noodle,細麺,noodle,manual_review,0.93,true,manual_review:広島ラーメン
jp-146,広島ラーメン,soft_noodle,やわらかい麺,noodle,manual_review,0.93,true,manual_review:広島ラーメン
jp-146,広島ラーメン,soup,汁あり,serving,manual_review,0.93,true,manual_review:広島ラーメン
jp-146,広島ラーメン,rich,濃厚,taste_aroma,manual_review,0.93,true,manual_review:広島ラーメン
jp-146,広島ラーメン,umami_forward,うま味が強い,taste_aroma,numeric_derived,0.62,false,taste.umami>=4.0
jp-147,広島つけ麺,thick_noodle,太麺,noodle,numeric_derived,0.62,false,noodle.thickness>=3.5
jp-147,広島つけ麺,dipping,つけて食べる,serving,structured_field,0.88,true,form:dipping
jp-147,広島つけ麺,rich,濃厚,taste_aroma,numeric_derived,0.62,false,taste.richness>=3.5
jp-148,汁無し担々麺,brothless,汁なし・まぜ,serving,structured_field,0.88,true,form:dry
jp-148,汁無し担々麺,rich,濃厚,taste_aroma,numeric_derived,0.62,false,taste.richness>=3.5
jp-148,汁無し担々麺,spicy,辛い・香辛料が効く,taste_aroma,structured_field,0.86,true,name_explicit:辛味
jp-149,尾道ラーメン,soy_sauce,醤油系,broth_seasoning,manual_review,0.93,true,manual_review:尾道ラーメン
jp-149,尾道ラーメン,seafood_forward,魚介が強い,broth_seasoning,manual_review,0.93,true,manual_review:尾道ラーメン
jp-149,尾道ラーメン,backfat,背脂,broth_seasoning,manual_review,0.93,true,manual_review:尾道ラーメン
jp-149,尾道ラーメン,traditional,伝統的・王道,culture,manual_review,0.93,true,manual_review:尾道ラーメン
jp-149,尾道ラーメン,seafood_ingredient,魚介を使う,ingredient,legacy_tag,0.88,true,legacy_tag:魚介
jp-149,尾道ラーメン,thin_noodle,細麺,noodle,manual_review,0.93,true,manual_review:尾道ラーメン
jp-149,尾道ラーメン,flat_noodle,平打ち・幅広麺,noodle,legacy_tag,0.88,true,legacy_tag:平打ち麺
jp-149,尾道ラーメン,soup,汁あり,serving,manual_review,0.93,true,manual_review:尾道ラーメン
jp-149,尾道ラーメン,rich,濃厚,taste_aroma,numeric_derived,0.62,false,taste.richness>=3.5
jp-149,尾道ラーメン,umami_forward,うま味が強い,taste_aroma,numeric_derived,0.62,false,taste.umami>=4.0
jp-150,呉冷麺,cold,冷たい,serving,structured_field,0.88,true,form:cold
jp-150,呉冷麺,light,あっさり,taste_aroma,numeric_derived,0.62,false,taste.richness<=2.3 & oiliness<=2.3
jp-151,広島牡蠣ラーメン,soy_sauce,醤油系,broth_seasoning,structured_field,0.78,true,structured:醤油
jp-151,広島牡蠣ラーメン,salt,塩系,broth_seasoning,structured_field,0.78,true,structured:塩
jp-151,広島牡蠣ラーメン,miso,味噌系,broth_seasoning,structured_field,0.78,true,structured:味噌
jp-151,広島牡蠣ラーメン,seafood_forward,魚介が強い,broth_seasoning,structured_field,0.86,true,name_explicit:魚介素材
jp-151,広島牡蠣ラーメン,seafood_ingredient,魚介を使う,ingredient,structured_field,0.86,true,name_explicit:魚介素材
jp-151,広島牡蠣ラーメン,soup,汁あり,serving,structured_field,0.74,false,collection_form:japan_local_ramen
jp-151,広島牡蠣ラーメン,umami_forward,うま味が強い,taste_aroma,numeric_derived,0.62,false,taste.umami>=4.0
jp-151,広島牡蠣ラーメン,fermented,発酵感がある,taste_aroma,structured_field,0.78,true,structured:味噌
jp-152,宇部ラーメン,soup,汁あり,serving,structured_field,0.74,false,collection_form:japan_local_ramen
jp-153,下松牛骨ラーメン,soy_sauce,醤油系,broth_seasoning,structured_field,0.78,true,structured:醤油
jp-153,下松牛骨ラーメン,salt,塩系,broth_seasoning,structured_field,0.78,true,structured:塩
jp-153,下松牛骨ラーメン,miso,味噌系,broth_seasoning,structured_field,0.78,true,structured:味噌
jp-153,下松牛骨ラーメン,animal_forward,動物系が強い,broth_seasoning,structured_field,0.86,true,name_explicit:牛骨
jp-153,下松牛骨ラーメン,beef_bone,牛骨,broth_seasoning,structured_field,0.86,true,name_explicit:牛骨
jp-153,下松牛骨ラーメン,soup,汁あり,serving,structured_field,0.74,false,collection_form:japan_local_ramen
jp-153,下松牛骨ラーメン,fermented,発酵感がある,taste_aroma,structured_field,0.78,true,structured:味噌
jp-154,瀬戸内ラーメンいりこそば,soy_sauce,醤油系,broth_seasoning,structured_field,0.78,true,structured:醤油
jp-154,瀬戸内ラーメンいりこそば,salt,塩系,broth_seasoning,structured_field,0.78,true,structured:塩
jp-154,瀬戸内ラーメンいりこそば,miso,味噌系,broth_seasoning,structured_field,0.78,true,structured:味噌
jp-154,瀬戸内ラーメンいりこそば,niboshi,煮干し・節系,broth_seasoning,legacy_tag,0.88,true,legacy_tag:煮干し
jp-154,瀬戸内ラーメンいりこそば,seafood_forward,魚介が強い,broth_seasoning,structured_field,0.78,true,structured:魚介
jp-154,瀬戸内ラーメンいりこそば,soup,汁あり,serving,structured_field,0.74,false,collection_form:japan_local_ramen
jp-154,瀬戸内ラーメンいりこそば,umami_forward,うま味が強い,taste_aroma,numeric_derived,0.62,false,taste.umami>=4.0
jp-154,瀬戸内ラーメンいりこそば,fermented,発酵感がある,taste_aroma,structured_field,0.78,true,structured:味噌
jp-155,徳島ラーメン,soy_sauce,醤油系,broth_seasoning,structured_field,0.78,true,structured:醤油
jp-155,徳島ラーメン,pork_bone,豚骨,broth_seasoning,manual_review,0.93,true,manual_review:徳島ラーメン
jp-155,徳島ラーメン,animal_forward,動物系が強い,broth_seasoning,manual_review,0.93,true,manual_review:徳島ラーメン
jp-155,徳島ラーメン,traditional,伝統的・王道,culture,manual_review,0.93,true,manual_review:徳島ラーメン
jp-155,徳島ラーメン,meat_ingredient,肉を使う,ingredient,manual_review,0.93,true,manual_review:徳島ラーメン
jp-155,徳島ラーメン,egg,卵を使う,ingredient,manual_review,0.93,true,manual_review:徳島ラーメン
jp-155,徳島ラーメン,thin_noodle,細麺,noodle,manual_review,0.93,true,manual_review:徳島ラーメン
jp-155,徳島ラーメン,soft_noodle,やわらかい麺,noodle,manual_review,0.93,true,manual_review:徳島ラーメン
jp-155,徳島ラーメン,soup,汁あり,serving,manual_review,0.93,true,manual_review:徳島ラーメン
jp-155,徳島ラーメン,rich,濃厚,taste_aroma,manual_review,0.93,true,manual_review:徳島ラーメン
jp-155,徳島ラーメン,umami_forward,うま味が強い,taste_aroma,numeric_derived,0.62,false,taste.umami>=4.0
jp-155,徳島ラーメン,sweet_savory,甘辛い,taste_aroma,manual_review,0.93,true,manual_review:徳島ラーメン
jp-156,松山瓢系ラーメン,soup,汁あり,serving,structured_field,0.74,false,collection_form:japan_local_ramen
jp-157,今治ラーメン,soup,汁あり,serving,structured_field,0.74,false,collection_form:japan_local_ramen
jp-158,八幡浜ちゃんぽん,soy_sauce,醤油系,broth_seasoning,structured_field,0.78,true,structured:醤油
jp-158,八幡浜ちゃんぽん,salt,塩系,broth_seasoning,structured_field,0.78,true,structured:塩
jp-158,八幡浜ちゃんぽん,miso,味噌系,broth_seasoning,structured_field,0.78,true,structured:味噌
jp-158,八幡浜ちゃんぽん,seafood_forward,魚介が強い,broth_seasoning,structured_field,0.78,true,structured:魚介
jp-158,八幡浜ちゃんぽん,animal_forward,動物系が強い,broth_seasoning,structured_field,0.78,true,structured:動物系
jp-158,八幡浜ちゃんぽん,vegetables,野菜が多い,ingredient,structured_field,0.86,true,name_explicit:野菜系
jp-158,八幡浜ちゃんぽん,seafood_ingredient,魚介を使う,ingredient,legacy_tag,0.88,true,legacy_tag:魚介
jp-158,八幡浜ちゃんぽん,soup,汁あり,serving,structured_field,0.74,false,collection_form:japan_local_ramen
jp-158,八幡浜ちゃんぽん,umami_forward,うま味が強い,taste_aroma,numeric_derived,0.62,false,taste.umami>=4.0
jp-158,八幡浜ちゃんぽん,fermented,発酵感がある,taste_aroma,structured_field,0.78,true,structured:味噌
jp-159,みそカツラーメン,miso,味噌系,broth_seasoning,legacy_tag,0.88,true,legacy_tag:味噌
jp-159,みそカツラーメン,tempura,天ぷら・揚げ物,ingredient,structured_field,0.86,true,name_explicit:揚げ物
jp-159,みそカツラーメン,soup,汁あり,serving,structured_field,0.74,false,collection_form:japan_local_ramen
jp-159,みそカツラーメン,rich,濃厚,taste_aroma,numeric_derived,0.62,false,taste.richness>=3.5
jp-159,みそカツラーメン,fermented,発酵感がある,taste_aroma,legacy_tag,0.88,true,legacy_tag:味噌
jp-160,須崎鍋焼きラーメン,fried_griddle,焼き・炒め,serving,structured_field,0.88,true,form:fried
jp-160,須崎鍋焼きラーメン,roasted,香ばしい,taste_aroma,legacy_tag,0.88,true,legacy_tag:焼き・炒め
jp-161,中日そば,soy_sauce,醤油系,broth_seasoning,structured_field,0.78,true,structured:醤油
jp-161,中日そば,salt,塩系,broth_seasoning,structured_field,0.78,true,structured:塩
jp-161,中日そば,dashi_forward,だしが主役,broth_seasoning,structured_field,0.78,true,structured:だし
jp-161,中日そば,seafood_forward,魚介が強い,broth_seasoning,structured_field,0.78,true,structured:魚介
jp-161,中日そば,soup,汁あり,serving,structured_field,0.74,false,collection_form:japan_local_ramen
jp-161,中日そば,light,あっさり,taste_aroma,numeric_derived,0.62,false,taste.richness<=2.3 & oiliness<=2.3
jp-162,博多ラーメン,soy_sauce,醤油系,broth_seasoning,structured_field,0.78,true,structured:醤油
jp-162,博多ラーメン,salt,塩系,broth_seasoning,structured_field,0.78,true,structured:塩
jp-162,博多ラーメン,miso,味噌系,broth_seasoning,structured_field,0.78,true,structured:味噌
jp-162,博多ラーメン,pork_bone,豚骨,broth_seasoning,manual_review,0.93,true,manual_review:博多ラーメン
jp-162,博多ラーメン,animal_forward,動物系が強い,broth_seasoning,manual_review,0.93,true,manual_review:博多ラーメン
jp-162,博多ラーメン,traditional,伝統的・王道,culture,manual_review,0.93,true,manual_review:博多ラーメン
jp-162,博多ラーメン,kaedama,替え玉文化,culture,manual_review,0.93,true,manual_review:博多ラーメン
jp-162,博多ラーメン,thin_noodle,細麺,noodle,manual_review,0.93,true,manual_review:博多ラーメン
jp-162,博多ラーメン,firm_noodle,コシが強い,noodle,manual_review,0.93,true,manual_review:博多ラーメン
jp-162,博多ラーメン,soup,汁あり,serving,manual_review,0.93,true,manual_review:博多ラーメン
jp-162,博多ラーメン,rich,濃厚,taste_aroma,manual_review,0.93,true,manual_review:博多ラーメン
jp-162,博多ラーメン,umami_forward,うま味が強い,taste_aroma,numeric_derived,0.62,false,taste.umami>=4.0
jp-162,博多ラーメン,garlic,にんにくが効く,taste_aroma,manual_review,0.93,true,manual_review:博多ラーメン
jp-162,博多ラーメン,fermented,発酵感がある,taste_aroma,structured_field,0.78,true,structured:味噌
jp-163,長浜ラーメン,soy_sauce,醤油系,broth_seasoning,structured_field,0.78,true,structured:醤油
jp-163,長浜ラーメン,salt,塩系,broth_seasoning,structured_field,0.78,true,structured:塩
jp-163,長浜ラーメン,miso,味噌系,broth_seasoning,structured_field,0.78,true,structured:味噌
jp-163,長浜ラーメン,pork_bone,豚骨,broth_seasoning,structured_field,0.78,true,structured:豚骨
jp-163,長浜ラーメン,animal_forward,動物系が強い,broth_seasoning,structured_field,0.78,true,structured:豚骨
jp-163,長浜ラーメン,kaedama,替え玉文化,culture,legacy_tag,0.88,true,legacy_tag:替え玉文化
jp-163,長浜ラーメン,thin_noodle,細麺,noodle,numeric_derived,0.62,false,noodle.thickness<=2.2
jp-163,長浜ラーメン,firm_noodle,コシが強い,noodle,numeric_derived,0.62,false,noodle.firmness>=3.6
jp-163,長浜ラーメン,soup,汁あり,serving,structured_field,0.74,false,collection_form:japan_local_ramen
jp-163,長浜ラーメン,rich,濃厚,taste_aroma,numeric_derived,0.62,false,taste.richness>=3.5
jp-163,長浜ラーメン,umami_forward,うま味が強い,taste_aroma,numeric_derived,0.62,false,taste.umami>=4.0
jp-163,長浜ラーメン,fermented,発酵感がある,taste_aroma,structured_field,0.78,true,structured:味噌
jp-164,焼きラーメン,fried_griddle,焼き・炒め,serving,structured_field,0.88,true,form:fried
jp-164,焼きラーメン,roasted,香ばしい,taste_aroma,legacy_tag,0.88,true,legacy_tag:焼き・炒め
jp-165,久留米ラーメン,soy_sauce,醤油系,broth_seasoning,structured_field,0.78,true,structured:醤油
jp-165,久留米ラーメン,salt,塩系,broth_seasoning,structured_field,0.78,true,structured:塩
jp-165,久留米ラーメン,miso,味噌系,broth_seasoning,structured_field,0.78,true,structured:味噌
jp-165,久留米ラーメン,pork_bone,豚骨,broth_seasoning,manual_review,0.93,true,manual_review:久留米ラーメン
jp-165,久留米ラーメン,animal_forward,動物系が強い,broth_seasoning,manual_review,0.93,true,manual_review:久留米ラーメン
jp-165,久留米ラーメン,traditional,伝統的・王道,culture,manual_review,0.93,true,manual_review:久留米ラーメン
jp-165,久留米ラーメン,thin_noodle,細麺,noodle,manual_review,0.93,true,manual_review:久留米ラーメン
jp-165,久留米ラーメン,soup,汁あり,serving,manual_review,0.93,true,manual_review:久留米ラーメン
jp-165,久留米ラーメン,rich,濃厚,taste_aroma,manual_review,0.93,true,manual_review:久留米ラーメン
jp-165,久留米ラーメン,umami_forward,うま味が強い,taste_aroma,numeric_derived,0.62,false,taste.umami>=4.0
jp-165,久留米ラーメン,fermented,発酵感がある,taste_aroma,structured_field,0.78,true,structured:味噌
jp-166,ちゃんらー,soy_sauce,醤油系,broth_seasoning,structured_field,0.78,true,structured:醤油
jp-166,ちゃんらー,salt,塩系,broth_seasoning,structured_field,0.78,true,structured:塩
jp-166,ちゃんらー,dashi_forward,だしが主役,broth_seasoning,structured_field,0.78,true,structured:だし
jp-166,ちゃんらー,seafood_forward,魚介が強い,broth_seasoning,structured_field,0.78,true,structured:魚介
jp-166,ちゃんらー,soup,汁あり,serving,structured_field,0.74,false,collection_form:japan_local_ramen
jp-166,ちゃんらー,light,あっさり,taste_aroma,numeric_derived,0.62,false,taste.richness<=2.3 & oiliness<=2.3
jp-167,戸畑ちゃんぽん,soy_sauce,醤油系,broth_seasoning,structured_field,0.78,true,structured:醤油
jp-167,戸畑ちゃんぽん,salt,塩系,broth_seasoning,structured_field,0.78,true,structured:塩
jp-167,戸畑ちゃんぽん,miso,味噌系,broth_seasoning,structured_field,0.78,true,structured:味噌
jp-167,戸畑ちゃんぽん,seafood_forward,魚介が強い,broth_seasoning,structured_field,0.78,true,structured:魚介
jp-167,戸畑ちゃんぽん,animal_forward,動物系が強い,broth_seasoning,structured_field,0.78,true,structured:動物系
jp-167,戸畑ちゃんぽん,vegetables,野菜が多い,ingredient,structured_field,0.86,true,name_explicit:野菜系
jp-167,戸畑ちゃんぽん,seafood_ingredient,魚介を使う,ingredient,legacy_tag,0.88,true,legacy_tag:魚介
jp-167,戸畑ちゃんぽん,soup,汁あり,serving,structured_field,0.74,false,collection_form:japan_local_ramen
jp-167,戸畑ちゃんぽん,umami_forward,うま味が強い,taste_aroma,numeric_derived,0.62,false,taste.umami>=4.0
jp-167,戸畑ちゃんぽん,fermented,発酵感がある,taste_aroma,structured_field,0.78,true,structured:味噌
jp-168,佐賀ラーメン,soy_sauce,醤油系,broth_seasoning,structured_field,0.78,true,structured:醤油
jp-168,佐賀ラーメン,salt,塩系,broth_seasoning,structured_field,0.78,true,structured:塩
jp-168,佐賀ラーメン,miso,味噌系,broth_seasoning,structured_field,0.78,true,structured:味噌
jp-168,佐賀ラーメン,pork_bone,豚骨,broth_seasoning,structured_field,0.78,true,structured:豚骨
jp-168,佐賀ラーメン,animal_forward,動物系が強い,broth_seasoning,structured_field,0.78,true,structured:豚骨
jp-168,佐賀ラーメン,egg,卵を使う,ingredient,structured_field,0.78,true,ingredient:卵
jp-168,佐賀ラーメン,soup,汁あり,serving,structured_field,0.74,false,collection_form:japan_local_ramen
jp-168,佐賀ラーメン,rich,濃厚,taste_aroma,numeric_derived,0.62,false,taste.richness>=3.5
jp-168,佐賀ラーメン,umami_forward,うま味が強い,taste_aroma,numeric_derived,0.62,false,taste.umami>=4.0
jp-168,佐賀ラーメン,fermented,発酵感がある,taste_aroma,structured_field,0.78,true,structured:味噌
jp-169,佐賀ちゃんぽん,soy_sauce,醤油系,broth_seasoning,structured_field,0.78,true,structured:醤油
jp-169,佐賀ちゃんぽん,salt,塩系,broth_seasoning,structured_field,0.78,true,structured:塩
jp-169,佐賀ちゃんぽん,miso,味噌系,broth_seasoning,structured_field,0.78,true,structured:味噌
jp-169,佐賀ちゃんぽん,seafood_forward,魚介が強い,broth_seasoning,structured_field,0.78,true,structured:魚介
jp-169,佐賀ちゃんぽん,animal_forward,動物系が強い,broth_seasoning,structured_field,0.78,true,structured:動物系
jp-169,佐賀ちゃんぽん,vegetables,野菜が多い,ingredient,structured_field,0.86,true,name_explicit:野菜系
jp-169,佐賀ちゃんぽん,seafood_ingredient,魚介を使う,ingredient,legacy_tag,0.88,true,legacy_tag:魚介
jp-169,佐賀ちゃんぽん,soup,汁あり,serving,structured_field,0.74,false,collection_form:japan_local_ramen
jp-169,佐賀ちゃんぽん,umami_forward,うま味が強い,taste_aroma,numeric_derived,0.62,false,taste.umami>=4.0
jp-169,佐賀ちゃんぽん,fermented,発酵感がある,taste_aroma,structured_field,0.78,true,structured:味噌
jp-170,マジェンバ,soup,汁あり,serving,structured_field,0.74,false,collection_form:japan_local_ramen
jp-171,あごだしラーメン,soy_sauce,醤油系,broth_seasoning,structured_field,0.78,true,structured:醤油
jp-171,あごだしラーメン,salt,塩系,broth_seasoning,structured_field,0.78,true,structured:塩
jp-171,あごだしラーメン,miso,味噌系,broth_seasoning,structured_field,0.78,true,structured:味噌
jp-171,あごだしラーメン,niboshi,煮干し・節系,broth_seasoning,structured_field,0.86,true,name_explicit:魚介乾物
jp-171,あごだしラーメン,dashi_forward,だしが主役,broth_seasoning,structured_field,0.86,true,name_explicit:魚介乾物
jp-171,あごだしラーメン,seafood_forward,魚介が強い,broth_seasoning,structured_field,0.86,true,name_explicit:魚介乾物
jp-171,あごだしラーメン,soup,汁あり,serving,structured_field,0.74,false,collection_form:japan_local_ramen
jp-171,あごだしラーメン,umami_forward,うま味が強い,taste_aroma,numeric_derived,0.62,false,taste.umami>=4.0
jp-171,あごだしラーメン,fermented,発酵感がある,taste_aroma,structured_field,0.78,true,structured:味噌
jp-172,長崎ちゃんぽん,soy_sauce,醤油系,broth_seasoning,structured_field,0.78,true,structured:醤油
jp-172,長崎ちゃんぽん,salt,塩系,broth_seasoning,structured_field,0.78,true,structured:塩
jp-172,長崎ちゃんぽん,miso,味噌系,broth_seasoning,structured_field,0.78,true,structured:味噌
jp-172,長崎ちゃんぽん,seafood_forward,魚介が強い,broth_seasoning,structured_field,0.78,true,structured:魚介
jp-172,長崎ちゃんぽん,animal_forward,動物系が強い,broth_seasoning,structured_field,0.78,true,structured:動物系
jp-172,長崎ちゃんぽん,vegetables,野菜が多い,ingredient,structured_field,0.86,true,name_explicit:野菜系
jp-172,長崎ちゃんぽん,seafood_ingredient,魚介を使う,ingredient,legacy_tag,0.88,true,legacy_tag:魚介
jp-172,長崎ちゃんぽん,soup,汁あり,serving,structured_field,0.74,false,collection_form:japan_local_ramen
jp-172,長崎ちゃんぽん,umami_forward,うま味が強い,taste_aroma,numeric_derived,0.62,false,taste.umami>=4.0
jp-172,長崎ちゃんぽん,fermented,発酵感がある,taste_aroma,structured_field,0.78,true,structured:味噌
jp-173,熊本ラーメン,soy_sauce,醤油系,broth_seasoning,structured_field,0.78,true,structured:醤油
jp-173,熊本ラーメン,salt,塩系,broth_seasoning,structured_field,0.78,true,structured:塩
jp-173,熊本ラーメン,miso,味噌系,broth_seasoning,structured_field,0.78,true,structured:味噌
jp-173,熊本ラーメン,pork_bone,豚骨,broth_seasoning,manual_review,0.93,true,manual_review:熊本ラーメン
jp-173,熊本ラーメン,animal_forward,動物系が強い,broth_seasoning,manual_review,0.93,true,manual_review:熊本ラーメン
jp-173,熊本ラーメン,traditional,伝統的・王道,culture,manual_review,0.93,true,manual_review:熊本ラーメン
jp-173,熊本ラーメン,soup,汁あり,serving,manual_review,0.93,true,manual_review:熊本ラーメン
jp-173,熊本ラーメン,rich,濃厚,taste_aroma,manual_review,0.93,true,manual_review:熊本ラーメン
jp-173,熊本ラーメン,umami_forward,うま味が強い,taste_aroma,numeric_derived,0.62,false,taste.umami>=4.0
jp-173,熊本ラーメン,roasted,香ばしい,taste_aroma,manual_review,0.93,true,manual_review:熊本ラーメン
jp-173,熊本ラーメン,garlic,にんにくが効く,taste_aroma,manual_review,0.93,true,manual_review:熊本ラーメン
jp-173,熊本ラーメン,fermented,発酵感がある,taste_aroma,structured_field,0.78,true,structured:味噌
jp-174,玉名ラーメン,soy_sauce,醤油系,broth_seasoning,structured_field,0.78,true,structured:醤油
jp-174,玉名ラーメン,salt,塩系,broth_seasoning,structured_field,0.78,true,structured:塩
jp-174,玉名ラーメン,miso,味噌系,broth_seasoning,structured_field,0.78,true,structured:味噌
jp-174,玉名ラーメン,pork_bone,豚骨,broth_seasoning,structured_field,0.78,true,structured:豚骨
jp-174,玉名ラーメン,animal_forward,動物系が強い,broth_seasoning,structured_field,0.78,true,structured:豚骨
jp-174,玉名ラーメン,soup,汁あり,serving,structured_field,0.74,false,collection_form:japan_local_ramen
jp-174,玉名ラーメン,rich,濃厚,taste_aroma,numeric_derived,0.62,false,taste.richness>=3.5
jp-174,玉名ラーメン,umami_forward,うま味が強い,taste_aroma,numeric_derived,0.62,false,taste.umami>=4.0
jp-174,玉名ラーメン,roasted,香ばしい,taste_aroma,legacy_tag,0.88,true,legacy_tag:焦がしにんにく
jp-174,玉名ラーメン,garlic,にんにくが効く,taste_aroma,structured_field,0.78,true,structured:にんにく
jp-174,玉名ラーメン,fermented,発酵感がある,taste_aroma,structured_field,0.78,true,structured:味噌
jp-175,天草ちゃんぽん,soy_sauce,醤油系,broth_seasoning,structured_field,0.78,true,structured:醤油
jp-175,天草ちゃんぽん,salt,塩系,broth_seasoning,structured_field,0.78,true,structured:塩
jp-175,天草ちゃんぽん,miso,味噌系,broth_seasoning,structured_field,0.78,true,structured:味噌
jp-175,天草ちゃんぽん,seafood_forward,魚介が強い,broth_seasoning,structured_field,0.78,true,structured:魚介
jp-175,天草ちゃんぽん,animal_forward,動物系が強い,broth_seasoning,structured_field,0.78,true,structured:動物系
jp-175,天草ちゃんぽん,vegetables,野菜が多い,ingredient,structured_field,0.86,true,name_explicit:野菜系
jp-175,天草ちゃんぽん,seafood_ingredient,魚介を使う,ingredient,legacy_tag,0.88,true,legacy_tag:魚介
jp-175,天草ちゃんぽん,soup,汁あり,serving,structured_field,0.74,false,collection_form:japan_local_ramen
jp-175,天草ちゃんぽん,umami_forward,うま味が強い,taste_aroma,numeric_derived,0.62,false,taste.umami>=4.0
jp-175,天草ちゃんぽん,fermented,発酵感がある,taste_aroma,structured_field,0.78,true,structured:味噌
jp-176,太平燕,thin_noodle,細麺,noodle,numeric_derived,0.62,false,noodle.thickness<=2.2
jp-176,太平燕,glass_noodle,春雨・でん粉麺,noodle,structured_field,0.86,true,name_explicit:春雨・でん粉麺
jp-176,太平燕,soup,汁あり,serving,structured_field,0.74,false,collection_form:japan_local_ramen
jp-177,佐伯ラーメン,soup,汁あり,serving,structured_field,0.74,false,collection_form:japan_local_ramen
jp-178,別府冷麺,cold,冷たい,serving,structured_field,0.88,true,form:cold
jp-178,別府冷麺,light,あっさり,taste_aroma,numeric_derived,0.62,false,taste.richness<=2.3 & oiliness<=2.3
jp-179,宮崎ラーメン,soy_sauce,醤油系,broth_seasoning,structured_field,0.78,true,structured:醤油
jp-179,宮崎ラーメン,salt,塩系,broth_seasoning,structured_field,0.78,true,structured:塩
jp-179,宮崎ラーメン,miso,味噌系,broth_seasoning,structured_field,0.78,true,structured:味噌
jp-179,宮崎ラーメン,pork_bone,豚骨,broth_seasoning,structured_field,0.78,true,structured:豚骨
jp-179,宮崎ラーメン,animal_forward,動物系が強い,broth_seasoning,structured_field,0.78,true,structured:豚骨
jp-179,宮崎ラーメン,soup,汁あり,serving,structured_field,0.74,false,collection_form:japan_local_ramen
jp-179,宮崎ラーメン,rich,濃厚,taste_aroma,numeric_derived,0.62,false,taste.richness>=3.5
jp-179,宮崎ラーメン,umami_forward,うま味が強い,taste_aroma,numeric_derived,0.62,false,taste.umami>=4.0
jp-179,宮崎ラーメン,fermented,発酵感がある,taste_aroma,structured_field,0.78,true,structured:味噌
jp-180,宮崎辛麺,soup,汁あり,serving,structured_field,0.74,false,collection_form:japan_local_ramen
jp-180,宮崎辛麺,spicy,辛い・香辛料が効く,taste_aroma,structured_field,0.86,true,name_explicit:辛味
jp-181,鹿児島ラーメン,soy_sauce,醤油系,broth_seasoning,structured_field,0.78,true,structured:醤油
jp-181,鹿児島ラーメン,salt,塩系,broth_seasoning,structured_field,0.78,true,structured:塩
jp-181,鹿児島ラーメン,miso,味噌系,broth_seasoning,structured_field,0.78,true,structured:味噌
jp-181,鹿児島ラーメン,pork_bone,豚骨,broth_seasoning,manual_review,0.93,true,manual_review:鹿児島ラーメン
jp-181,鹿児島ラーメン,animal_forward,動物系が強い,broth_seasoning,manual_review,0.93,true,manual_review:鹿児島ラーメン
jp-181,鹿児島ラーメン,traditional,伝統的・王道,culture,manual_review,0.93,true,manual_review:鹿児島ラーメン
jp-181,鹿児島ラーメン,soft_noodle,やわらかい麺,noodle,manual_review,0.93,true,manual_review:鹿児島ラーメン
jp-181,鹿児島ラーメン,soup,汁あり,serving,manual_review,0.93,true,manual_review:鹿児島ラーメン
jp-181,鹿児島ラーメン,rich,濃厚,taste_aroma,numeric_derived,0.62,false,taste.richness>=3.5
jp-181,鹿児島ラーメン,umami_forward,うま味が強い,taste_aroma,numeric_derived,0.62,false,taste.umami>=4.0
jp-181,鹿児島ラーメン,fermented,発酵感がある,taste_aroma,structured_field,0.78,true,structured:味噌
jp-182,串木野まぐろラーメン,soy_sauce,醤油系,broth_seasoning,structured_field,0.78,true,structured:醤油
jp-182,串木野まぐろラーメン,salt,塩系,broth_seasoning,structured_field,0.78,true,structured:塩
jp-182,串木野まぐろラーメン,miso,味噌系,broth_seasoning,structured_field,0.78,true,structured:味噌
jp-182,串木野まぐろラーメン,seafood_forward,魚介が強い,broth_seasoning,structured_field,0.86,true,name_explicit:魚介素材
jp-182,串木野まぐろラーメン,seafood_ingredient,魚介を使う,ingredient,structured_field,0.86,true,name_explicit:魚介素材
jp-182,串木野まぐろラーメン,soup,汁あり,serving,structured_field,0.74,false,collection_form:japan_local_ramen
jp-182,串木野まぐろラーメン,umami_forward,うま味が強い,taste_aroma,numeric_derived,0.62,false,taste.umami>=4.0
jp-182,串木野まぐろラーメン,fermented,発酵感がある,taste_aroma,structured_field,0.78,true,structured:味噌
jp-183,枕崎かつおラーメン,soy_sauce,醤油系,broth_seasoning,structured_field,0.78,true,structured:醤油
jp-183,枕崎かつおラーメン,salt,塩系,broth_seasoning,structured_field,0.78,true,structured:塩
jp-183,枕崎かつおラーメン,miso,味噌系,broth_seasoning,structured_field,0.78,true,structured:味噌
jp-183,枕崎かつおラーメン,niboshi,煮干し・節系,broth_seasoning,legacy_tag,0.88,true,legacy_tag:かつお
jp-183,枕崎かつおラーメン,seafood_forward,魚介が強い,broth_seasoning,structured_field,0.86,true,name_explicit:魚介素材
jp-183,枕崎かつおラーメン,seafood_ingredient,魚介を使う,ingredient,structured_field,0.86,true,name_explicit:魚介素材
jp-183,枕崎かつおラーメン,meat_ingredient,肉を使う,ingredient,legacy_tag,0.88,true,legacy_tag:カツ
jp-183,枕崎かつおラーメン,tempura,天ぷら・揚げ物,ingredient,structured_field,0.78,true,ingredient:揚げ物
jp-183,枕崎かつおラーメン,soup,汁あり,serving,structured_field,0.74,false,collection_form:japan_local_ramen
jp-183,枕崎かつおラーメン,rich,濃厚,taste_aroma,numeric_derived,0.62,false,taste.richness>=3.5
jp-183,枕崎かつおラーメン,umami_forward,うま味が強い,taste_aroma,numeric_derived,0.62,false,taste.umami>=4.0
jp-183,枕崎かつおラーメン,fermented,発酵感がある,taste_aroma,structured_field,0.78,true,structured:味噌
jp-184,ちゅら塩ラーメン,salt,塩系,broth_seasoning,structured_field,0.86,true,name_contains:塩
jp-184,ちゅら塩ラーメン,soup,汁あり,serving,structured_field,0.74,false,collection_form:japan_local_ramen
jp-184,ちゅら塩ラーメン,light,あっさり,taste_aroma,numeric_derived,0.62,false,taste.richness<=2.3 & oiliness<=2.3
jp-185,沖縄そば,soy_sauce,醤油系,broth_seasoning,structured_field,0.78,true,structured:醤油
jp-185,沖縄そば,salt,塩系,broth_seasoning,structured_field,0.78,true,structured:塩
jp-185,沖縄そば,seafood_forward,魚介が強い,broth_seasoning,structured_field,0.78,true,structured:魚介
jp-185,沖縄そば,animal_forward,動物系が強い,broth_seasoning,structured_field,0.78,true,structured:動物系
jp-185,沖縄そば,meat_ingredient,肉を使う,ingredient,structured_field,0.78,true,ingredient:肉
jp-185,沖縄そば,okinawa_soba_noodle,沖縄そば麺,noodle,structured_field,0.86,true,name_explicit:沖縄そば麺
jp-185,沖縄そば,soup,汁あり,serving,structured_field,0.74,false,collection_form:japan_local_ramen
world-001,蘭州牛肉麺,animal_forward,動物系が強い,broth_seasoning,numeric_derived,0.62,false,taste.animalIntensity>=3.5
world-001,蘭州牛肉麺,meat_ingredient,肉を使う,ingredient,legacy_tag,0.88,true,legacy_tag:牛肉
world-001,蘭州牛肉麺,hand_stretched,手延べ麺,noodle,legacy_tag,0.88,true,legacy_tag:手延べ
world-001,蘭州牛肉麺,soup,汁あり,serving,structured_field,0.74,false,collection_form:world_noodle_soup
world-001,蘭州牛肉麺,light,あっさり,taste_aroma,legacy_tag,0.88,true,legacy_tag:澄んだスープ
world-001,蘭州牛肉麺,spicy,辛い・香辛料が効く,taste_aroma,numeric_derived,0.62,false,taste.heat/spice
world-001,蘭州牛肉麺,herbal,香草・ハーブを使う,taste_aroma,legacy_tag,0.88,true,legacy_tag:香草
world-002,台湾牛肉麺,soy_sauce,醤油系,broth_seasoning,legacy_tag,0.88,true,legacy_tag:醤油
world-002,台湾牛肉麺,animal_forward,動物系が強い,broth_seasoning,numeric_derived,0.62,false,taste.animalIntensity>=3.5
world-002,台湾牛肉麺,meat_ingredient,肉を使う,ingredient,legacy_tag,0.88,true,legacy_tag:牛肉
world-002,台湾牛肉麺,stew,煮込み,serving,legacy_tag,0.88,true,legacy_tag:煮込み
world-002,台湾牛肉麺,spicy,辛い・香辛料が効く,taste_aroma,legacy_tag,0.88,true,legacy_tag:香辛料
world-003,雲呑麺,seafood_forward,魚介が強い,broth_seasoning,legacy_tag,0.88,true,legacy_tag:海老
world-003,雲呑麺,animal_forward,動物系が強い,broth_seasoning,numeric_derived,0.62,false,taste.animalIntensity>=3.5
world-003,雲呑麺,seafood_ingredient,魚介を使う,ingredient,legacy_tag,0.88,true,legacy_tag:海老
world-003,雲呑麺,wonton,雲呑を使う,ingredient,structured_field,0.86,true,name_explicit:雲呑
world-003,雲呑麺,thin_noodle,細麺,noodle,legacy_tag,0.88,true,legacy_tag:細麺
world-003,雲呑麺,soup,汁あり,serving,structured_field,0.74,false,collection_form:world_noodle_soup
world-003,雲呑麺,light,あっさり,taste_aroma,legacy_tag,0.88,true,legacy_tag:澄んだスープ
world-003,雲呑麺,umami_forward,うま味が強い,taste_aroma,numeric_derived,0.62,false,taste.umami>=4.0
world-004,過橋米線,animal_forward,動物系が強い,broth_seasoning,numeric_derived,0.62,false,taste.animalIntensity>=3.5
world-004,過橋米線,rice_noodle,米麺,noodle,legacy_tag,0.88,true,legacy_tag:米線
world-004,過橋米線,soup,汁あり,serving,structured_field,0.74,false,collection_form:world_noodle_soup
world-004,過橋米線,hot,温かい,serving,legacy_tag,0.88,true,legacy_tag:熱いスープ
world-004,過橋米線,separate_toppings,具材が別添え,serving,legacy_tag,0.88,true,legacy_tag:別添え具材
world-005,重慶小麺,animal_forward,動物系が強い,broth_seasoning,numeric_derived,0.62,false,taste.animalIntensity>=3.5
world-005,重慶小麺,thin_noodle,細麺,noodle,legacy_tag,0.88,true,legacy_tag:細麺
world-005,重慶小麺,soup,汁あり,serving,structured_field,0.74,false,collection_form:world_noodle_soup
world-005,重慶小麺,spicy,辛い・香辛料が効く,taste_aroma,numeric_derived,0.62,false,taste.heat/spice
world-006,螺蛳粉,animal_forward,動物系が強い,broth_seasoning,numeric_derived,0.62,false,taste.animalIntensity>=3.5
world-006,螺蛳粉,rice_noodle,米麺,noodle,legacy_tag,0.88,true,legacy_tag:米粉麺
world-006,螺蛳粉,soup,汁あり,serving,structured_field,0.74,false,collection_form:world_noodle_soup
world-006,螺蛳粉,umami_forward,うま味が強い,taste_aroma,numeric_derived,0.62,false,taste.umami>=4.0
world-006,螺蛳粉,spicy,辛い・香辛料が効く,taste_aroma,numeric_derived,0.62,false,taste.heat/spice
world-006,螺蛳粉,sour,酸味がある,taste_aroma,numeric_derived,0.62,false,taste.sourness>=2.2
world-006,螺蛳粉,fermented,発酵感がある,taste_aroma,numeric_derived,0.62,false,taste.fermentation>=2.5
world-007,ラミョン,instant_noodle,即席麺,noodle,legacy_tag,0.88,true,legacy_tag:即席麺
world-007,ラミョン,stew,煮込み,serving,legacy_tag,0.88,true,legacy_tag:鍋調理
world-007,ラミョン,spicy,辛い・香辛料が効く,taste_aroma,numeric_derived,0.62,false,taste.heat/spice
world-008,チャンポン,seafood_forward,魚介が強い,broth_seasoning,legacy_tag,0.88,true,legacy_tag:海鮮
world-008,チャンポン,animal_forward,動物系が強い,broth_seasoning,numeric_derived,0.62,false,taste.animalIntensity>=3.5
world-008,チャンポン,vegetables,野菜が多い,ingredient,legacy_tag,0.88,true,legacy_tag:炒め野菜
world-008,チャンポン,seafood_ingredient,魚介を使う,ingredient,legacy_tag,0.88,true,legacy_tag:海鮮
world-008,チャンポン,soup,汁あり,serving,structured_field,0.74,false,collection_form:world_noodle_soup
world-008,チャンポン,umami_forward,うま味が強い,taste_aroma,numeric_derived,0.62,false,taste.umami>=4.0
world-008,チャンポン,spicy,辛い・香辛料が効く,taste_aroma,numeric_derived,0.62,false,taste.heat/spice
world-009,カルグクス,dashi_forward,だしが主役,broth_seasoning,legacy_tag,0.88,true,legacy_tag:出汁
world-009,カルグクス,animal_forward,動物系が強い,broth_seasoning,numeric_derived,0.62,false,taste.animalIntensity>=3.5
world-009,カルグクス,handmade,手打ち・手作り麺,noodle,legacy_tag,0.88,true,legacy_tag:手切り麺
world-009,カルグクス,soup,汁あり,serving,structured_field,0.74,false,collection_form:world_noodle_soup
world-009,カルグクス,light,あっさり,taste_aroma,legacy_tag,0.88,true,legacy_tag:やさしい味
world-009,カルグクス,umami_forward,うま味が強い,taste_aroma,numeric_derived,0.62,false,taste.umami>=4.0
world-010,冷麺,animal_forward,動物系が強い,broth_seasoning,numeric_derived,0.62,false,taste.animalIntensity>=3.5
world-010,冷麺,firm_noodle,コシが強い,noodle,legacy_tag,0.88,true,legacy_tag:弾力
world-010,冷麺,elastic_noodle,弾力がある,noodle,legacy_tag,0.88,true,legacy_tag:弾力
world-010,冷麺,buckwheat_noodle,そばの風味,noodle,legacy_tag,0.88,true,legacy_tag:そば粉
world-010,冷麺,cold,冷たい,serving,structured_field,0.88,true,form:cold
world-010,冷麺,sour,酸味がある,taste_aroma,numeric_derived,0.62,false,taste.sourness>=2.2
world-011,フォー・ボー,animal_forward,動物系が強い,broth_seasoning,numeric_derived,0.62,false,taste.animalIntensity>=3.5
world-011,フォー・ボー,beef_bone,牛骨,broth_seasoning,legacy_tag,0.88,true,legacy_tag:牛骨
world-011,フォー・ボー,rice_noodle,米麺,noodle,legacy_tag,0.88,true,legacy_tag:米麺
world-011,フォー・ボー,soup,汁あり,serving,structured_field,0.74,false,collection_form:world_noodle_soup
world-011,フォー・ボー,light,あっさり,taste_aroma,legacy_tag,0.88,true,legacy_tag:澄んだスープ
world-011,フォー・ボー,umami_forward,うま味が強い,taste_aroma,numeric_derived,0.62,false,taste.umami>=4.0
world-011,フォー・ボー,herbal,香草・ハーブを使う,taste_aroma,legacy_tag,0.88,true,legacy_tag:香草
world-012,ブンボーフエ,animal_forward,動物系が強い,broth_seasoning,numeric_derived,0.62,false,taste.animalIntensity>=3.5
world-012,ブンボーフエ,rice_noodle,米麺,noodle,legacy_tag,0.88,true,legacy_tag:太い米麺
world-012,ブンボーフエ,soup,汁あり,serving,structured_field,0.74,false,collection_form:world_noodle_soup
world-012,ブンボーフエ,umami_forward,うま味が強い,taste_aroma,numeric_derived,0.62,false,taste.umami>=4.0
world-012,ブンボーフエ,spicy,辛い・香辛料が効く,taste_aroma,numeric_derived,0.62,false,taste.heat/spice
world-012,ブンボーフエ,herbal,香草・ハーブを使う,taste_aroma,legacy_tag,0.88,true,legacy_tag:レモングラス
world-013,フーティウ,seafood_forward,魚介が強い,broth_seasoning,legacy_tag,0.88,true,legacy_tag:海鮮
world-013,フーティウ,animal_forward,動物系が強い,broth_seasoning,numeric_derived,0.62,false,taste.animalIntensity>=3.5
world-013,フーティウ,seafood_ingredient,魚介を使う,ingredient,legacy_tag,0.88,true,legacy_tag:海鮮
world-013,フーティウ,meat_ingredient,肉を使う,ingredient,legacy_tag,0.88,true,legacy_tag:豚
world-013,フーティウ,rice_noodle,米麺,noodle,legacy_tag,0.88,true,legacy_tag:米麺
world-013,フーティウ,brothless,汁なし・まぜ,serving,legacy_tag,0.88,true,legacy_tag:汁あり・汁なし
world-013,フーティウ,umami_forward,うま味が強い,taste_aroma,numeric_derived,0.62,false,taste.umami>=4.0
world-014,クイティウ,animal_forward,動物系が強い,broth_seasoning,numeric_derived,0.62,false,taste.animalIntensity>=3.5
world-014,クイティウ,breakfast_culture,朝に食べる文化,culture,legacy_tag,0.88,true,legacy_tag:朝食
world-014,クイティウ,rice_noodle,米麺,noodle,legacy_tag,0.88,true,legacy_tag:米麺
world-014,クイティウ,soup,汁あり,serving,structured_field,0.74,false,collection_form:world_noodle_soup
world-014,クイティウ,light,あっさり,taste_aroma,legacy_tag,0.88,true,legacy_tag:澄んだスープ
world-014,クイティウ,umami_forward,うま味が強い,taste_aroma,numeric_derived,0.62,false,taste.umami>=4.0
world-015,ボートヌードル,animal_forward,動物系が強い,broth_seasoning,numeric_derived,0.62,false,taste.animalIntensity>=3.5
world-015,ボートヌードル,soup,汁あり,serving,structured_field,0.74,false,collection_form:world_noodle_soup
world-015,ボートヌードル,shared_serving,取り分け・小分け,serving,legacy_tag,0.88,true,legacy_tag:小ぶりな器
world-015,ボートヌードル,rich,濃厚,taste_aroma,legacy_tag,0.88,true,legacy_tag:濃厚
world-015,ボートヌードル,spicy,辛い・香辛料が効く,taste_aroma,legacy_tag,0.88,true,legacy_tag:香辛料
world-016,トムヤムヌードル,animal_forward,動物系が強い,broth_seasoning,numeric_derived,0.62,false,taste.animalIntensity>=3.5
world-016,トムヤムヌードル,soup,汁あり,serving,structured_field,0.74,false,collection_form:world_noodle_soup
world-016,トムヤムヌードル,umami_forward,うま味が強い,taste_aroma,numeric_derived,0.62,false,taste.umami>=4.0
world-016,トムヤムヌードル,spicy,辛い・香辛料が効く,taste_aroma,numeric_derived,0.62,false,taste.heat/spice
world-016,トムヤムヌードル,sour,酸味がある,taste_aroma,numeric_derived,0.62,false,taste.sourness>=2.2
world-016,トムヤムヌードル,herbal,香草・ハーブを使う,taste_aroma,legacy_tag,0.88,true,legacy_tag:レモングラス
world-017,カオソーイ,curry,カレー系,broth_seasoning,legacy_tag,0.88,true,legacy_tag:カレー
world-017,カオソーイ,animal_forward,動物系が強い,broth_seasoning,numeric_derived,0.62,false,taste.animalIntensity>=3.5
world-017,カオソーイ,coconut,ココナッツ,ingredient,legacy_tag,0.88,true,legacy_tag:ココナッツ
world-017,カオソーイ,fried_noodle,揚げ・焼き麺,noodle,legacy_tag,0.88,true,legacy_tag:揚げ麺
world-017,カオソーイ,soup,汁あり,serving,structured_field,0.74,false,collection_form:world_noodle_soup
world-017,カオソーイ,rich,濃厚,taste_aroma,numeric_derived,0.62,false,taste.richness>=3.5
world-018,カレーラクサ,curry,カレー系,broth_seasoning,structured_field,0.86,true,name_contains:カレー
world-018,カレーラクサ,seafood_forward,魚介が強い,broth_seasoning,legacy_tag,0.88,true,legacy_tag:海鮮
world-018,カレーラクサ,animal_forward,動物系が強い,broth_seasoning,numeric_derived,0.62,false,taste.animalIntensity>=3.5
world-018,カレーラクサ,seafood_ingredient,魚介を使う,ingredient,legacy_tag,0.88,true,legacy_tag:海鮮
world-018,カレーラクサ,coconut,ココナッツ,ingredient,legacy_tag,0.88,true,legacy_tag:ココナッツ
world-018,カレーラクサ,soup,汁あり,serving,structured_field,0.74,false,collection_form:world_noodle_soup
world-018,カレーラクサ,rich,濃厚,taste_aroma,numeric_derived,0.62,false,taste.richness>=3.5
world-018,カレーラクサ,umami_forward,うま味が強い,taste_aroma,numeric_derived,0.62,false,taste.umami>=4.0
world-018,カレーラクサ,spicy,辛い・香辛料が効く,taste_aroma,numeric_derived,0.62,false,taste.heat/spice
world-019,アッサムラクサ,seafood_forward,魚介が強い,broth_seasoning,legacy_tag,0.88,true,legacy_tag:魚
world-019,アッサムラクサ,seafood_ingredient,魚介を使う,ingredient,legacy_tag,0.88,true,legacy_tag:魚
world-019,アッサムラクサ,soup,汁あり,serving,structured_field,0.74,false,collection_form:world_noodle_soup
world-019,アッサムラクサ,umami_forward,うま味が強い,taste_aroma,numeric_derived,0.62,false,taste.umami>=4.0
world-019,アッサムラクサ,spicy,辛い・香辛料が効く,taste_aroma,numeric_derived,0.62,false,taste.heat/spice
world-019,アッサムラクサ,sour,酸味がある,taste_aroma,numeric_derived,0.62,false,taste.sourness>=2.2
world-019,アッサムラクサ,herbal,香草・ハーブを使う,taste_aroma,legacy_tag,0.88,true,legacy_tag:香草
world-020,プロウンミー,dashi_forward,だしが主役,broth_seasoning,legacy_tag,0.88,true,legacy_tag:濃い出汁
world-020,プロウンミー,seafood_forward,魚介が強い,broth_seasoning,legacy_tag,0.88,true,legacy_tag:海老
world-020,プロウンミー,animal_forward,動物系が強い,broth_seasoning,numeric_derived,0.62,false,taste.animalIntensity>=3.5
world-020,プロウンミー,seafood_ingredient,魚介を使う,ingredient,legacy_tag,0.88,true,legacy_tag:海老
world-020,プロウンミー,soup,汁あり,serving,structured_field,0.74,false,collection_form:world_noodle_soup
world-020,プロウンミー,umami_forward,うま味が強い,taste_aroma,numeric_derived,0.62,false,taste.umami>=4.0
world-020,プロウンミー,spicy,辛い・香辛料が効く,taste_aroma,numeric_derived,0.62,false,taste.heat/spice
world-021,ミー・チェロール,ankake,あんかけ,broth_seasoning,legacy_tag,0.88,true,legacy_tag:とろみ
world-021,ミー・チェロール,seafood_forward,魚介が強い,broth_seasoning,legacy_tag,0.88,true,legacy_tag:海老
world-021,ミー・チェロール,seafood_ingredient,魚介を使う,ingredient,legacy_tag,0.88,true,legacy_tag:海老
world-021,ミー・チェロール,coconut,ココナッツ,ingredient,legacy_tag,0.88,true,legacy_tag:ココナッツ
world-021,ミー・チェロール,soup,汁あり,serving,structured_field,0.74,false,collection_form:world_noodle_soup
world-021,ミー・チェロール,rich,濃厚,taste_aroma,numeric_derived,0.62,false,taste.richness>=3.5
world-021,ミー・チェロール,umami_forward,うま味が強い,taste_aroma,numeric_derived,0.62,false,taste.umami>=4.0
world-022,ミー・バクソ,animal_forward,動物系が強い,broth_seasoning,numeric_derived,0.62,false,taste.animalIntensity>=3.5
world-022,ミー・バクソ,street_food,屋台文化,culture,legacy_tag,0.88,true,legacy_tag:屋台
world-022,ミー・バクソ,meat_ingredient,肉を使う,ingredient,legacy_tag,0.88,true,legacy_tag:肉団子
world-022,ミー・バクソ,soup,汁あり,serving,structured_field,0.74,false,collection_form:world_noodle_soup
world-022,ミー・バクソ,light,あっさり,taste_aroma,legacy_tag,0.88,true,legacy_tag:澄んだスープ
world-023,モヒンガー,seafood_forward,魚介が強い,broth_seasoning,legacy_tag,0.88,true,legacy_tag:魚
world-023,モヒンガー,breakfast_culture,朝に食べる文化,culture,legacy_tag,0.88,true,legacy_tag:朝食
world-023,モヒンガー,seafood_ingredient,魚介を使う,ingredient,legacy_tag,0.88,true,legacy_tag:魚
world-023,モヒンガー,rice_noodle,米麺,noodle,legacy_tag,0.88,true,legacy_tag:米麺
world-023,モヒンガー,soup,汁あり,serving,structured_field,0.74,false,collection_form:world_noodle_soup
world-023,モヒンガー,umami_forward,うま味が強い,taste_aroma,numeric_derived,0.62,false,taste.umami>=4.0
world-023,モヒンガー,fermented,発酵感がある,taste_aroma,numeric_derived,0.62,false,taste.fermentation>=2.5
world-023,モヒンガー,herbal,香草・ハーブを使う,taste_aroma,legacy_tag,0.88,true,legacy_tag:香草
world-024,トゥクパ,vegetables,野菜が多い,ingredient,legacy_tag,0.88,true,legacy_tag:野菜
world-024,トゥクパ,meat_ingredient,肉を使う,ingredient,legacy_tag,0.88,true,legacy_tag:肉
world-024,トゥクパ,soup,汁あり,serving,structured_field,0.74,false,collection_form:world_noodle_soup
world-024,トゥクパ,hot,温かい,serving,legacy_tag,0.88,true,legacy_tag:温かいスープ
world-025,テントゥク,traditional,伝統的・王道,culture,legacy_tag,0.88,true,legacy_tag:素朴
world-025,テントゥク,handmade,手打ち・手作り麺,noodle,legacy_tag,0.88,true,legacy_tag:手ちぎり麺
world-025,テントゥク,irregular_noodle,不ぞろい・変わった形,noodle,legacy_tag,0.88,true,legacy_tag:手ちぎり麺
world-025,テントゥク,stew,煮込み,serving,legacy_tag,0.88,true,legacy_tag:煮込み
world-026,ラグマン,animal_forward,動物系が強い,broth_seasoning,numeric_derived,0.62,false,taste.animalIntensity>=3.5
world-026,ラグマン,vegetables,野菜が多い,ingredient,legacy_tag,0.88,true,legacy_tag:野菜
world-026,ラグマン,meat_ingredient,肉を使う,ingredient,legacy_tag,0.88,true,legacy_tag:羊肉
world-026,ラグマン,hand_stretched,手延べ麺,noodle,legacy_tag,0.88,true,legacy_tag:手延べ
world-026,ラグマン,soup,汁あり,serving,structured_field,0.74,false,collection_form:world_noodle_soup
world-027,アーシュ・レシュテ,dairy,乳製品,ingredient,legacy_tag,0.88,true,legacy_tag:発酵乳
world-027,アーシュ・レシュテ,beans,豆を使う,ingredient,legacy_tag,0.88,true,legacy_tag:豆
world-027,アーシュ・レシュテ,soup,汁あり,serving,structured_field,0.74,false,collection_form:world_noodle_soup
world-027,アーシュ・レシュテ,rich,濃厚,taste_aroma,legacy_tag,0.88,true,legacy_tag:濃厚
world-027,アーシュ・レシュテ,fermented,発酵感がある,taste_aroma,numeric_derived,0.62,false,taste.fermentation>=2.5
world-027,アーシュ・レシュテ,herbal,香草・ハーブを使う,taste_aroma,legacy_tag,0.88,true,legacy_tag:香草
world-028,サイミン,animal_forward,動物系が強い,broth_seasoning,numeric_derived,0.62,false,taste.animalIntensity>=3.5
world-028,サイミン,multicultural,多文化の影響,culture,legacy_tag,0.88,true,legacy_tag:多文化
world-028,サイミン,thin_noodle,細麺,noodle,legacy_tag,0.88,true,legacy_tag:細麺
world-028,サイミン,light,あっさり,taste_aroma,legacy_tag,0.88,true,legacy_tag:澄んだスープ
world-028,サイミン,umami_forward,うま味が強い,taste_aroma,numeric_derived,0.62,false,taste.umami>=4.0
world-029,ソパ・ワンタン,animal_forward,動物系が強い,broth_seasoning,numeric_derived,0.62,false,taste.animalIntensity>=3.5
world-029,ソパ・ワンタン,chinese_influenced,中華料理の影響,culture,legacy_tag,0.88,true,legacy_tag:中華系
world-029,ソパ・ワンタン,wonton,雲呑を使う,ingredient,structured_field,0.86,true,name_explicit:雲呑
world-029,ソパ・ワンタン,soup,汁あり,serving,structured_field,0.74,false,collection_form:world_noodle_soup
world-030,ソパ・デ・フィデオ,animal_forward,動物系が強い,broth_seasoning,numeric_derived,0.62,false,taste.animalIntensity>=3.5
world-030,ソパ・デ・フィデオ,traditional,伝統的・王道,culture,legacy_tag,0.88,true,legacy_tag:家庭料理
world-030,ソパ・デ・フィデオ,vegetables,野菜が多い,ingredient,legacy_tag,0.88,true,legacy_tag:トマト
world-030,ソパ・デ・フィデオ,irregular_noodle,不ぞろい・変わった形,noodle,legacy_tag,0.88,true,legacy_tag:短い麺
world-030,ソパ・デ・フィデオ,soup,汁あり,serving,structured_field,0.74,false,collection_form:world_noodle_soup
