id,title,publisher,url,kind,note,visibility,checked_at
src-v230-jra-2025,日本ご当地ラーメン一覧 2025,一般社団法人 日本ラーメン協会,https://ramen-kyokai.jp/gotouchi_ramen_map/index.php,industry_association,日本のご当地ラーメン185件の名称・地域と、ご当地ラーメンの位置づけの確認,public,2026-08-10
src-v230-ramenmuseum-sapporo,全国ご当地ラーメン - 札幌ラーメン,新横浜ラーメン博物館,https://www.raumen.co.jp/rapedia/study_japan/study_raumen_sapporo.html,professional_reference,麺、スープ、たれ、具材、地域的特徴の手動レビューに使用,public,2026-08-10
src-v230-ramenmuseum-asahikawa,全国ご当地ラーメン - 旭川ラーメン,新横浜ラーメン博物館,https://www.raumen.co.jp/rapedia/study_japan/study_raumen_asahikawa.html,professional_reference,麺、スープ、たれ、具材、地域的特徴の手動レビューに使用,public,2026-08-10
src-v230-ramenmuseum-hakodade,全国ご当地ラーメン - 函館ラーメン,新横浜ラーメン博物館,https://www.raumen.co.jp/rapedia/study_japan/study_raumen_hakodade.html,professional_reference,麺、スープ、たれ、具材、地域的特徴の手動レビューに使用,public,2026-08-10
src-v230-ramenmuseum-yonezawa,全国ご当地ラーメン - 米沢ラーメン,新横浜ラーメン博物館,https://www.raumen.co.jp/rapedia/study_japan/study_raumen_yonezawa.html,professional_reference,麺、スープ、たれ、具材、地域的特徴の手動レビューに使用,public,2026-08-10
src-v230-ramenmuseum-shirakawa,全国ご当地ラーメン - 白河ラーメン,新横浜ラーメン博物館,https://www.raumen.co.jp/rapedia/study_japan/study_raumen_shirakawa.html,professional_reference,麺、スープ、たれ、具材、地域的特徴の手動レビューに使用,public,2026-08-10
src-v230-ramenmuseum-sano,全国ご当地ラーメン - 佐野ラーメン,新横浜ラーメン博物館,https://www.raumen.co.jp/rapedia/study_japan/study_raumen_sano.html,professional_reference,麺、スープ、たれ、具材、地域的特徴の手動レビューに使用,public,2026-08-10
src-v230-ramenmuseum-kitakata,全国ご当地ラーメン - 喜多方ラーメン,新横浜ラーメン博物館,https://www.raumen.co.jp/rapedia/study_japan/study_raumen_kitakata.html,professional_reference,麺、スープ、たれ、具材、地域的特徴の手動レビューに使用,public,2026-08-10
src-v230-ramenmuseum-tokyo,全国ご当地ラーメン - 東京ラーメン,新横浜ラーメン博物館,https://www.raumen.co.jp/rapedia/study_japan/study_raumen_tokyo.html,professional_reference,麺、スープ、たれ、具材、地域的特徴の手動レビューに使用,public,2026-08-10
src-v230-ramenmuseum-yokohama,全国ご当地ラーメン - 家系ラーメン,新横浜ラーメン博物館,https://www.raumen.co.jp/rapedia/study_japan/study_raumen_yokohama.html,professional_reference,麺、スープ、たれ、具材、地域的特徴の手動レビューに使用,public,2026-08-10
src-v230-ramenmuseum-takayama,全国ご当地ラーメン - 高山ラーメン,新横浜ラーメン博物館,https://www.raumen.co.jp/rapedia/study_japan/study_raumen_takayama.html,professional_reference,麺、スープ、たれ、具材、地域的特徴の手動レビューに使用,public,2026-08-10
src-v230-ramenmuseum-kyoto,全国ご当地ラーメン - 京都ラーメン,新横浜ラーメン博物館,https://www.raumen.co.jp/rapedia/study_japan/study_raumen_kyoto.html,professional_reference,麺、スープ、たれ、具材、地域的特徴の手動レビューに使用,public,2026-08-10
src-v230-ramenmuseum-wakayama,全国ご当地ラーメン - 和歌山ラーメン,新横浜ラーメン博物館,https://www.raumen.co.jp/rapedia/study_japan/study_raumen_wakayama.html,professional_reference,麺、スープ、たれ、具材、地域的特徴の手動レビューに使用,public,2026-08-10
src-v230-ramenmuseum-onomichi,全国ご当地ラーメン - 尾道ラーメン,新横浜ラーメン博物館,https://www.raumen.co.jp/rapedia/study_japan/study_raumen_onomichi.html,professional_reference,麺、スープ、たれ、具材、地域的特徴の手動レビューに使用,public,2026-08-10
src-v230-ramenmuseum-hiroshima,全国ご当地ラーメン - 広島ラーメン,新横浜ラーメン博物館,https://www.raumen.co.jp/rapedia/study_japan/study_raumen_hiroshima.html,professional_reference,麺、スープ、たれ、具材、地域的特徴の手動レビューに使用,public,2026-08-10
src-v230-ramenmuseum-tokushima,全国ご当地ラーメン - 徳島ラーメン,新横浜ラーメン博物館,https://www.raumen.co.jp/rapedia/study_japan/study_raumen_tokushima.html,professional_reference,麺、スープ、たれ、具材、地域的特徴の手動レビューに使用,public,2026-08-10
src-v230-ramenmuseum-hakata,全国ご当地ラーメン - 博多ラーメン,新横浜ラーメン博物館,https://www.raumen.co.jp/rapedia/study_japan/study_raumen_hakata.html,professional_reference,麺、スープ、たれ、具材、地域的特徴の手動レビューに使用,public,2026-08-10
src-v230-ramenmuseum-kurume,全国ご当地ラーメン - 久留米ラーメン,新横浜ラーメン博物館,https://www.raumen.co.jp/rapedia/study_japan/study_raumen_kurume.html,professional_reference,麺、スープ、たれ、具材、地域的特徴の手動レビューに使用,public,2026-08-10
src-v230-ramenmuseum-kumamoto,全国ご当地ラーメン - 熊本ラーメン,新横浜ラーメン博物館,https://www.raumen.co.jp/rapedia/study_japan/study_raumen_kumamoto.html,professional_reference,麺、スープ、たれ、具材、地域的特徴の手動レビューに使用,public,2026-08-10
src-v230-ramenmuseum-kagoshima,全国ご当地ラーメン - 鹿児島ラーメン,新横浜ラーメン博物館,https://www.raumen.co.jp/rapedia/study_japan/study_raumen_kagoshima.html,professional_reference,麺、スープ、たれ、具材、地域的特徴の手動レビューに使用,public,2026-08-10
src-contemporary-rich-seafood-pork-tsukemen-1,埼玉川越「頑者」,新横浜ラーメン博物館,https://www.raumen.co.jp/shop/ganja-raumen.html,professional_reference,極太麺、濃厚つけダレ、動物系と魚介系のWスープ、魚粉という構造の確認,public,2026-08-10
src-contemporary-rich-seafood-pork-tsukemen-2,「あの銘店をもう一度」第3弾はつけ麺の歴史を変えた川越の銘店「頑者」,新横浜ラーメン博物館,https://www.raumen.co.jp/information/news_001526.html,professional_reference,極太麺×濃厚つけダレ×魚粉が広く普及した現代つけ麺スタイルであることの確認,public,2026-08-10
src-contemporary-kombu-water-tsukemen-1,『ロックンスリー』の「昆布水つけ麺」定期的な発売が決定,新横浜ラーメン博物館,https://www.raumen.co.jp/information/news_002047.html,professional_reference,昆布水つけ麺が技法として広く浸透したこと、昆布水と麺・つけ汁の構成確認,public,2026-08-10
src-contemporary-kombu-water-tsukemen-2,ロックンスリー,新横浜ラーメン博物館,https://www.raumen.co.jp/shop/rocknthree.html,professional_reference,鶏と水のラーメン、昆布水つけ麺の技法と現代ラーメンへの広がりの確認,public,2026-08-10
